Date,Adj Close,Capital Gains,Close,Dividends,High,Low,Open,Stock Splits,Volume
2010-03-11,0.600863993,0,0.66049999,0,0.66049999,0.642499983,0.642499983,0,3702000
2010-03-12,0.586005807,0,0.644167006,0,0.665332973,0.644167006,0.661000013,0,4548000
2010-03-15,0.567507446,0,0.623833001,0,0.638000011,0.614166975,0.631166995,0,534000
2010-03-16,0.613600016,0,0.674499989,0,0.675167024,0.630666971,0.631667018,0,1260000
2010-03-17,0.635735929,0,0.698832989,0,0.707000017,0.686167002,0.699999988,0,2610000
2010-03-18,0.620270908,0,0.681833029,0,0.700833023,0.672167003,0.698832989,0,1584000
2010-03-19,0.592069983,0,0.650833011,0,0.673667014,0.639666975,0.673332989,0,1596000
2010-03-22,0.634826124,0,0.697833002,0,0.700332999,0.634333014,0.638000011,0,3804000
2010-03-23,0.675763249,0,0.742833018,0,0.745500028,0.707333028,0.707666993,0,6114000
2010-03-24,0.638314068,0,0.701667011,0,0.73566699,0.698000014,0.73566699,0,2034000
2010-03-25,0.635129988,0,0.698167026,0,0.742500007,0.69749999,0.731999993,0,2034000
2010-03-26,0.625123322,0,0.687166989,0,0.720499992,0.673500001,0.716832995,0,2322000
2010-03-29,0.641953051,0,0.705667019,0,0.713666975,0.700667024,0.709333003,0,1380000
2010-03-30,0.654233813,0,0.719166994,0,0.726666987,0.698167026,0.716666996,0,1920000
2010-03-31,0.644075274,0,0.708000004,0,0.730000019,0.704167008,0.724667013,0,1080000
2010-04-01,0.646197438,0,0.71033299,0,0.757166982,0.698499978,0.727832973,0,1644000
2010-04-05,0.700932086,0,0.770500004,0,0.773333013,0.69016701,0.737333,0,1500000
2010-04-06,0.690318704,0,0.758832991,0,0.769667029,0.747166991,0.75583303,0,1998000
2010-04-07,0.697141528,0,0.766332984,0,0.782167017,0.741832972,0.762832999,0,3414000
2010-04-08,0.67242825,0,0.739166975,0,0.752499998,0.714667022,0.752499998,0,4470000
2010-04-09,0.690318704,0,0.758832991,0,0.759167016,0.730666995,0.747667015,0,1254000
2010-04-12,0.707603097,0,0.777832985,0,0.797500014,0.76116699,0.770332992,0,2400000
2010-04-13,0.721248806,0,0.792832971,0,0.79666698,0.772167027,0.782167017,0,2904000
2010-04-14,0.81403929,0,0.894833028,0,0.897666991,0.842000008,0.842000008,0,6504000
2010-04-15,0.821014106,0,0.902499974,0,0.92316699,0.892332971,0.910833001,0,12666000
2010-04-16,0.79069072,0,0.86916697,0,0.891667008,0.828499973,0.891667008,0,4452000
2010-04-19,0.764005065,0,0.839833021,0,0.865499973,0.791832983,0.839999974,0,5712000
2010-04-20,0.801000476,0,0.880500019,0,0.886667013,0.858332992,0.864332974,0,2922000
2010-04-21,0.775983214,0,0.852999985,0,0.906166971,0.81400001,0.886667013,0,5772000
2010-04-22,0.81980139,0,0.901166975,0,0.903999984,0.797333002,0.836332977,0,6594000
2010-04-23,0.823440135,0,0.905166984,0,0.916000009,0.868667006,0.916000009,0,3600000
2010-04-26,0.83071804,0,0.913167,0,0.938000023,0.906832993,0.913332999,0,3846000
2010-04-27,0.744750142,0,0.818666995,0,0.906499982,0.815999985,0.875,0,5112000
2010-04-28,0.759608567,0,0.834999979,0,0.87916702,0.793500006,0.83533299,0,6864000
2010-04-29,0.785687268,0,0.863667011,0,0.866666973,0.825500011,0.83533299,0,5838000
2010-04-30,0.679705977,0,0.747166991,0,0.841666996,0.745333016,0.841666996,0,10104000
2010-05-03,0.729740024,0,0.802166998,0,0.81400001,0.757667005,0.757667005,0,4926000
2010-05-04,0.633158684,0,0.69599998,0,0.78549999,0.661333025,0.78549999,0,19164000
2010-05-05,0.612841964,0,0.673667014,0,0.705833018,0.641499996,0.685000002,0,7920000
2010-05-06,0.56068486,0,0.616333008,0,0.695667028,0.416667014,0.666666985,0,17448000
2010-05-07,0.526570559,0,0.578832984,0,0.618166983,0.51433301,0.600000024,0,12372000
2010-05-10,0.618603468,0,0.680000007,0,0.682667017,0.646833003,0.680000007,0,7206000
2010-05-11,0.606777191,0,0.666999996,0,0.702499986,0.635500014,0.643666983,0,27720000
2010-05-12,0.656053543,0,0.721167028,0,0.724667013,0.677999973,0.677999973,0,42330000
2010-05-13,0.604654908,0,0.66466701,0,0.730832994,0.655499995,0.70183301,0,28992000
2010-05-14,0.549465358,0,0.603999972,0,0.648999989,0.567667007,0.648999989,0,15846000
2010-05-17,0.572207987,0,0.629000008,0,0.634832978,0.569999993,0.591166973,0,19140000
2010-05-18,0.525510013,0,0.577666998,0,0.655332983,0.569167018,0.644500017,0,16128000
2010-05-19,0.533848345,0,0.586833,0,0.604166985,0.54666698,0.574832976,0,21306000
2010-05-20,0.490334034,0,0.538999975,0,0.576166987,0.504333019,0.541666985,0,10638000
2010-05-21,0.522325873,0,0.574167013,0,0.598999977,0.503832996,0.516667008,0,11220000
2010-05-24,0.49154669,0,0.540332973,0,0.584833026,0.540332973,0.562833011,0,10944000
2010-05-25,0.502615213,0,0.55250001,0,0.552667022,0.474999994,0.494332999,0,10818000
2010-05-26,0.500038087,0,0.549667001,0,0.603667021,0.546500027,0.580332994,0,14250000
2010-05-27,0.57615006,0,0.633333027,0,0.634167016,0.583999991,0.592333019,0,10578000
2010-05-28,0.548403621,0,0.602832973,0,0.640667021,0.577166975,0.640667021,0,9288000
2010-06-01,0.511105478,0,0.561833024,0,0.621167004,0.561833024,0.598999977,0,4530000
2010-06-02,0.565688252,0,0.621833026,0,0.622500002,0.564167023,0.581833005,0,11094000
2010-06-03,0.587370217,0,0.645667017,0,0.652999997,0.61500001,0.633000016,0,9102000
2010-06-04,0.510954618,0,0.561667025,0,0.630500019,0.55250001,0.629000008,0,13650000
2010-06-07,0.453945726,0,0.499000013,0,0.578000009,0.495000005,0.569832981,0,18312000
2010-06-08,0.448942244,0,0.493499994,0,0.50416702,0.456833005,0.501833022,0,12504000
2010-06-09,0.439997017,0,0.483666986,0,0.538500011,0.477499992,0.507000029,0,8634000
2010-06-10,0.488362759,0,0.536832988,0,0.538667023,0.50150001,0.509333014,0,9504000
2010-06-11,0.509286225,0,0.55983299,0,0.562166989,0.513333023,0.518000007,0,6510000
2010-06-14,0.51898998,0,0.570500016,0,0.602500021,0.569167018,0.586833,0,6924000
2010-06-15,0.605412483,0,0.665499985,0,0.669667006,0.583333015,0.583333015,0,14508000
2010-06-16,0.613751829,0,0.674667001,0,0.689666986,0.634000003,0.651332974,0,14226000
2010-06-17,0.60980916,0,0.670333028,0,0.689499974,0.63616699,0.688000023,0,8724000
2010-06-18,0.605715454,0,0.665832996,0,0.682500005,0.656666994,0.673500001,0,4656000
2010-06-21,0.589644611,0,0.648167014,0,0.713167012,0.635999978,0.695667028,0,9054000
2010-06-22,0.558562458,0,0.614000022,0,0.676999986,0.608332992,0.651332974,0,9888000
2010-06-23,0.563413918,0,0.619333029,0,0.642499983,0.586499989,0.620000005,0,8076000
2010-06-24,0.514289498,0,0.565333009,0,0.61066699,0.557833016,0.608500004,0,11754000
2010-06-25,0.515958071,0,0.567166984,0,0.573499978,0.536666989,0.571833014,0,8718000
2010-06-28,0.522022009,0,0.573832989,0,0.592333019,0.552833021,0.561500013,0,4248000
2010-06-29,0.450913608,0,0.495667011,0,0.544667006,0.485832989,0.544667006,0,23970000
2010-06-30,0.429080516,0,0.471666992,0,0.514666975,0.467667013,0.49849999,0,10842000
2010-07-01,0.430748045,0,0.473500013,0,0.486333013,0.434500009,0.474999994,0,10716000
2010-07-02,0.425441802,0,0.467667013,0,0.4815,0.444332987,0.4745,0,7032000
2010-07-06,0.424682945,0,0.466832995,0,0.504999995,0.454833001,0.495667011,0,24060000
2010-07-07,0.49139595,0,0.540166974,0,0.541000009,0.467000008,0.467000008,0,13650000
2010-07-08,0.487756878,0,0.536167026,0,0.560167015,0.510667026,0.560167015,0,14706000
2010-07-09,0.504586697,0,0.554666996,0,0.556333005,0.527167022,0.538500011,0,7512000
2010-07-12,0.523841441,0,0.575833023,0,0.582167029,0.550999999,0.557332993,0,8718000
2010-07-13,0.55750072,0,0.612833023,0,0.618667006,0.586332977,0.596666992,0,11688000
2010-07-14,0.552346528,0,0.607167006,0,0.646667004,0.59533298,0.639999986,0,16902000
2010-07-15,0.545219839,0,0.599332988,0,0.605666995,0.568000019,0.598999977,0,11166000
2010-07-16,0.493366182,0,0.542333007,0,0.592333019,0.54133302,0.588333011,0,7878000
2010-07-19,0.530664325,0,0.583333015,0,0.585500002,0.547167003,0.559499979,0,7908000
2010-07-20,0.532180667,0,0.584999979,0,0.585166991,0.519667029,0.539499998,0,14142000
2010-07-21,0.499886006,0,0.549499989,0,0.596167028,0.545666993,0.596167028,0,10890000
2010-07-22,0.545674443,0,0.599833012,0,0.611666977,0.55833298,0.55833298,0,10308000
2010-07-23,0.556136012,0,0.611333013,0,0.615499973,0.579832971,0.595000029,0,7092000
2010-07-26,0.57615006,0,0.633333027,0,0.636833012,0.593167007,0.611666977,0,8622000
2010-07-27,0.564323664,0,0.620333016,0,0.647167027,0.612333,0.647167027,0,10470000
2010-07-28,0.535061896,0,0.588167012,0,0.62650001,0.57833302,0.612500012,0,17106000
2010-07-29,0.502615213,0,0.55250001,0,0.596000016,0.530166984,0.594833016,0,24666000
2010-07-30,0.486847192,0,0.535166979,0,0.545666993,0.507667005,0.53966701,0,13908000
2010-08-02,0.512622118,0,0.563499987,0,0.571667016,0.542167008,0.562166989,0,19812000
2010-08-03,0.497157037,0,0.546500027,0,0.564832985,0.532333016,0.563666999,0,11742000
2010-08-04,0.511712432,0,0.5625,0,0.564167023,0.532333016,0.548332989,0,8508000
2010-08-05,0.499431252,0,0.549000025,0,0.566999972,0.543332994,0.559333026,0,7224000
2010-08-06,0.500038087,0,0.549667001,0,0.56099999,0.529166996,0.538833022,0,7914000
2010-08-09,0.508225381,0,0.558667004,0,0.56666702,0.540000021,0.553667009,0,7584000
2010-08-10,0.469258934,0,0.51583302,0,0.541666985,0.500832975,0.541666985,0,18732000
2010-08-11,0.412705809,0,0.453667015,0,0.483166993,0.440667003,0.482666999,0,30720000
2010-08-12,0.39617902,0,0.435499996,0,0.441500008,0.406666994,0.421499997,0,27768000
2010-08-13,0.38420099,0,0.422333002,0,0.449499995,0.421499997,0.437667012,0,9888000
2010-08-16,0.388143539,0,0.426667005,0,0.439832985,0.408333004,0.418332994,0,15528000
2010-08-17,0.403001875,0,0.442999989,0,0.458000004,0.433499992,0.443167001,0,14430000
2010-08-18,0.416495651,0,0.457832992,0,0.46450001,0.438167006,0.446999997,0,10218000
2010-08-19,0.395572245,0,0.43483299,0,0.459333003,0.428833008,0.452499986,0,11196000
2010-08-20,0.400120795,0,0.439832985,0,0.452832997,0.430667013,0.438832998,0,8682000
2010-08-23,0.386020362,0,0.424333006,0,0.454333007,0.423833013,0.452333003,0,15390000
2010-08-24,0.366461515,0,0.402833015,0,0.416667014,0.393166989,0.407332987,0,13998000
2010-08-25,0.377530009,0,0.414999992,0,0.420166999,0.382499993,0.397166997,0,19578000
2010-08-26,0.355999827,0,0.391333014,0,0.424667001,0.386999995,0.422333002,0,15816000
2010-08-27,0.377227038,0,0.41466701,0,0.419167012,0.371333003,0.403167009,0,22824000
2010-08-30,0.34993571,0,0.384667009,0,0.414166987,0.384000003,0.408666998,0,11874000
2010-08-31,0.327647865,0,0.360166997,0,0.389499992,0.354833007,0.381666988,0,17046000
2010-09-01,0.358123183,0,0.393667012,0,0.405499995,0.374832988,0.374832988,0,21294000
2010-09-02,0.381926596,0,0.419833004,0,0.419833004,0.392333001,0.400332987,0,32310000
2010-09-03,0.398453325,0,0.437999994,0,0.44749999,0.416667014,0.436333001,0,39972000
2010-09-07,0.376923233,0,0.414332986,0,0.4375,0.409999996,0.434166998,0,24540000
2010-09-08,0.370707154,0,0.407499999,0,0.418832988,0.395832986,0.416166991,0,55176000
2010-09-09,0.372223616,0,0.409166992,0,0.423833013,0.404332995,0.422832996,0,16536000
2010-09-10,0.357668281,0,0.393166989,0,0.410667002,0.375667006,0.405499995,0,50568000
2010-09-13,0.393146932,0,0.432166994,0,0.433167011,0.404500008,0.405000001,0,34164000
2010-09-14,0.412401885,0,0.45333299,0,0.461667001,0.41633299,0.428333014,0,29940000
2010-09-15,0.409217924,0,0.449833006,0,0.450832993,0.431499988,0.444000006,0,20400000
2010-09-16,0.417860121,0,0.459333003,0,0.460999995,0.437999994,0.440833002,0,15978000
2010-09-17,0.418163985,0,0.459666997,0,0.467999995,0.452499986,0.465999991,0,14418000
2010-09-20,0.423167437,0,0.465166986,0,0.467833012,0.445832998,0.459832996,0,39192000
2010-09-21,0.420286417,0,0.462000012,0,0.474166989,0.457666993,0.463499993,0,18630000
2010-09-22,0.402965933,0,0.442833006,0.000133,0.460500002,0.432500005,0.456,0,25320000
2010-09-23,0.410700738,0,0.451332986,0,0.474332988,0.422167003,0.430500001,0,21150000
2010-09-24,0.459536284,0,0.504999995,0,0.507667005,0.471666992,0.471666992,0,25266000
2010-09-27,0.451649517,0,0.496333003,0,0.510167003,0.490500003,0.508832991,0,20460000
2010-09-28,0.472731054,0,0.519500017,0,0.522333026,0.481833011,0.502332985,0,25440000
2010-09-29,0.483195633,0,0.531000018,0,0.542666972,0.50999999,0.50999999,0,31692000
2010-09-30,0.472731054,0,0.519500017,0,0.550000012,0.504832983,0.539332986,0,36396000
2010-10-01,0.467725962,0,0.513999999,0,0.53549999,0.502166986,0.532167017,0,24258000
2010-10-04,0.448616564,0,0.493000001,0,0.511332989,0.475832999,0.510999978,0,25332000
2010-10-05,0.476673841,0,0.523832977,0,0.528500021,0.503332973,0.503332973,0,24222000
2010-10-06,0.460294276,0,0.50583303,0,0.524167001,0.487500012,0.523333013,0,22194000
2010-10-07,0.460446268,0,0.505999982,0,0.513167024,0.488332987,0.504666984,0,20838000
2010-10-08,0.475460738,0,0.522499979,0,0.524833024,0.485832989,0.502499998,0,29346000
2010-10-11,0.484105349,0,0.532000005,0,0.547333002,0.522499979,0.522499979,0,20370000
2010-10-12,0.494418174,0,0.543332994,0,0.550000012,0.515999973,0.525332987,0,18330000
2010-10-13,0.496693164,0,0.545832992,0,0.554166973,0.530667007,0.548500001,0,27384000
2010-10-14,0.492598325,0,0.54133302,0,0.556833029,0.531832993,0.546832979,0,19338000
2010-10-15,0.503821909,0,0.553667009,0,0.55833298,0.528832972,0.552667022,0,22374000
2010-10-18,0.492143422,0,0.540832996,0,0.550832987,0.527333021,0.550832987,0,21282000
2010-10-19,0.471517831,0,0.518167019,0,0.546333015,0.501166999,0.523832977,0,37842000
2010-10-20,0.479403734,0,0.526832998,0,0.534833014,0.508333027,0.518666983,0,24378000
2010-10-21,0.472275883,0,0.518999994,0,0.532167017,0.504333019,0.529500008,0,22062000
2010-10-22,0.50033319,0,0.549833,0,0.552332997,0.518999994,0.518999994,0,29832000
2010-10-25,0.516712725,0,0.567833006,0,0.577332973,0.55833298,0.55833298,0,12414000
2010-10-26,0.510191619,0,0.560666978,0,0.569167018,0.541832983,0.55983299,0,10962000
2010-10-27,0.557055354,0,0.612167001,0,0.612999976,0.5625,0.562667012,0,19632000
2010-10-28,0.558420241,0,0.613667011,0,0.617500007,0.591000021,0.61383301,0,13932000
2010-10-29,0.56888479,0,0.625167012,0,0.629999995,0.607667029,0.608667016,0,10818000
2010-11-01,0.56312114,0,0.618833005,0,0.637832999,0.603999972,0.629666984,0,19554000
2010-11-02,0.574040771,0,0.63083303,0,0.640332997,0.621667027,0.630167007,0,11472000
2010-11-03,0.59299922,0,0.651666999,0,0.651666999,0.621999979,0.637166977,0,18366000
2010-11-04,0.64744544,0,0.711499989,0,0.713832974,0.669499993,0.669499993,0,18684000
2010-11-05,0.66094321,0,0.726333022,0,0.736666977,0.709333003,0.718666971,0,18162000
2010-11-08,0.661853194,0,0.727333009,0,0.74150002,0.714332998,0.722333014,0,17436000
2010-11-09,0.636677921,0,0.699666977,0,0.729499996,0.691999972,0.727333009,0,14748000
2010-11-10,0.637435794,0,0.700500011,0,0.702332973,0.672999978,0.699000001,0,14172000
2010-11-11,0.61514169,0,0.675999999,0,0.68333298,0.621500015,0.647000015,0,24570000
2010-11-12,0.613624692,0,0.674332976,0,0.707333028,0.65466702,0.670832992,0,16152000
2010-11-15,0.599975109,0,0.659332991,0,0.694832981,0.659332991,0.689333022,0,14220000
2010-11-16,0.574495792,0,0.631332994,0,0.663999975,0.621333003,0.643167019,0,16314000
2010-11-17,0.572827935,0,0.629499972,0,0.651499987,0.621833026,0.629000008,0,7788000
2010-11-18,0.604828894,0,0.66466701,0,0.672833025,0.648666978,0.648666978,0,10518000
2010-11-19,0.634251058,0,0.697000027,0,0.702000022,0.660332978,0.660332978,0,9654000
2010-11-22,0.657758415,0,0.722832978,0,0.724332988,0.692833006,0.699000001,0,32064000
2010-11-23,0.640165746,0,0.703499973,0,0.718999982,0.695667028,0.700167,0,22074000
2010-11-24,0.69142729,0,0.759832978,0,0.763832986,0.718833029,0.718833029,0,24210000
2010-11-26,0.679901659,0,0.747166991,0,0.758333027,0.738332987,0.74849999,0,6378000
2010-11-29,0.675199926,0,0.741999984,0,0.746167004,0.713832974,0.734667003,0,12354000
2010-11-30,0.650175631,0,0.71450001,0,0.725832999,0.707333028,0.719332993,0,14658000
2010-12-01,0.712508678,0,0.782999992,0,0.785332978,0.749832988,0.749832988,0,16272000
2010-12-02,0.752547622,0,0.827000022,0,0.828499973,0.784833014,0.787500024,0,13560000
2010-12-03,0.763466954,0,0.838999987,0,0.843167007,0.80833298,0.814832985,0,10824000
2010-12-06,0.759524107,0,0.834667027,0,0.841832995,0.813332975,0.841832995,0,11808000
2010-12-07,0.758007169,0,0.833000004,0,0.871167004,0.832000017,0.861000001,0,22344000
2010-12-08,0.778784692,0,0.855832994,0,0.858667016,0.826667011,0.842000008,0,8406000
2010-12-09,0.784396648,0,0.861999989,0,0.876332998,0.85383302,0.870666981,0,7170000
2010-12-10,0.786519587,0,0.864332974,0,0.872833014,0.852832973,0.865167022,0,7374000
2010-12-13,0.771808982,0,0.848167002,0,0.881833017,0.841666996,0.881833017,0,8994000
2010-12-14,0.75209254,0,0.826499999,0,0.851999998,0.81833303,0.84799999,0,11034000
2010-12-15,0.728736162,0,0.800832987,0,0.834167004,0.79666698,0.820167005,0,13974000
2010-12-16,0.741627872,0,0.814999998,0,0.821833014,0.792167008,0.807667017,0,5910000
2010-12-17,0.756794333,0,0.831667006,0,0.836667001,0.816332996,0.819000006,0,5250000
2010-12-20,0.748149693,0,0.822166979,0,0.837333024,0.811500013,0.828000009,0,24018000
2010-12-21,0.763922453,0,0.83950001,0,0.847666979,0.828499973,0.832666993,0,7824000
2010-12-22,0.764680088,0,0.840332985,0,0.841666996,0.813000023,0.826667011,0,10470000
2010-12-23,0.758310556,0,0.833333015,0,0.840667009,0.825833023,0.825833023,0,4158000
2010-12-27,0.760585189,0,0.835833013,0,0.840332985,0.80250001,0.817833006,0,7362000
2010-12-28,0.750879586,0,0.825167,0,0.841499984,0.815333009,0.833333015,0,6186000
2010-12-29,0.753912449,0,0.828499973,0,0.832499981,0.817833006,0.828499973,0,3360000
2010-12-30,0.760585189,0,0.835833013,0,0.83950001,0.824167013,0.828499973,0,3732000
2010-12-31,0.75815928,0,0.833167017,0,0.837666988,0.819999993,0.829333007,0,6024000
2011-01-03,0.775144875,0,0.851832986,0,0.87916702,0.842000008,0.8495,0,11646000
2011-01-04,0.77772373,0,0.854667008,0,0.872166991,0.828000009,0.859667003,0,10098000
2011-01-05,0.785306513,0,0.862999976,0,0.869499981,0.834167004,0.842499971,0,4482000
2011-01-06,0.828833163,0,0.910833001,0,0.912999988,0.870500028,0.870500028,0,9810000
2011-01-07,0.834293067,0,0.916832983,0,0.929332972,0.874832988,0.916666985,0,21936000
2011-01-10,0.860531211,0,0.945667028,0,0.950833023,0.899999976,0.911666989,0,9960000
2011-01-11,0.870086014,0,0.956166983,0,0.961667001,0.935333014,0.961667001,0,9942000
2011-01-12,0.918920577,0,1.009832978,0,1.00999999,0.957167029,0.974833012,0,9696000
2011-01-13,0.918617547,0,1.009500027,0,1.025833011,0.989832997,1.010833025,0,8448000
2011-01-14,0.993690252,0,1.092000008,0,1.092000008,1.019999981,1.024000049,0,18042000
2011-01-18,0.982012808,0,1.079167008,0,1.092000008,1.062667012,1.080000043,0,13842000
2011-01-19,0.913612545,0,1.003999949,0,1.057332993,0.996667027,1.05250001,0,14754000
2011-01-20,0.880398691,0,0.967499971,0,0.984499991,0.930499971,0.984499991,0,18720000
2011-01-21,0.865232348,0,0.950833023,0,1.002500057,0.94749999,1,0,12576000
2011-01-24,0.927717566,0,1.019500017,0,1.021667004,0.959999979,0.961332977,0,12990000
2011-01-25,0.908304811,0,0.998166978,0,1.017832994,0.974332988,1.006332994,0,13026000
2011-01-26,0.933480322,0,1.025833011,0,1.031499982,0.989832997,1.018332958,0,16392000
2011-01-27,0.985045791,0,1.082499981,0,1.088333011,1.046499968,1.046499968,0,19854000
2011-01-28,0.905270994,0,0.994832993,0,1.103999972,0.970166981,1.103999972,0,36168000
2011-01-31,0.915584683,0,1.006167054,0,1.020499945,0.966666996,1.003332973,0,12234000
2011-02-01,0.981860816,0,1.078999996,0,1.093333006,1.034332991,1.036000013,0,22254000
2011-02-02,0.998543262,0,1.097332954,0,1.111999989,1.057000041,1.067167044,0,18420000
2011-02-03,0.999605179,0,1.098500013,0,1.104833007,1.064666986,1.097833037,0,10446000
2011-02-04,1.058753729,0,1.163499951,0,1.166000009,1.103000045,1.108667016,0,16854000
2011-02-07,1.0478338,0,1.151499987,0,1.191666961,1.140166998,1.175999999,0,21102000
2011-02-08,1.04540658,0,1.148833036,0,1.158332944,1.122166991,1.151833057,0,8292000
2011-02-09,1.025539517,0,1.126999974,0,1.150666952,1.112499952,1.133999944,0,12252000
2011-02-10,1.034335971,0,1.136667013,0,1.13933301,1.078667045,1.090000033,0,12342000
2011-02-11,1.057995319,0,1.162667036,0,1.174167037,1.110499978,1.128999949,0,8436000
2011-02-14,1.082109809,0,1.189167023,0,1.216166973,1.171499968,1.176332951,0,15360000
2011-02-15,1.051170468,0,1.155166984,0,1.188333035,1.139832973,1.187000036,0,14406000
2011-02-16,1.084384322,0,1.191666961,0,1.202332973,1.165333033,1.179833055,0,10158000
2011-02-17,1.132157922,0,1.24416697,0,1.25,1.174999952,1.184666991,0,15246000
2011-02-18,1.119114518,0,1.229833007,0,1.256000042,1.216500044,1.25583303,0,13470000
2011-02-22,0.985803783,0,1.083333015,0,1.174332976,1.075000048,1.16633296,0,40812000
2011-02-23,0.932873845,0,1.025166988,0,1.094333053,0.981666982,1.094333053,0,35844000
2011-02-24,0.978978753,0,1.075832963,0,1.082666993,1.015166998,1.039000034,0,41208000
2011-02-25,1.052990675,0,1.157166958,0,1.159332991,1.107167006,1.110999942,0,38130000
2011-02-28,1.021141052,0,1.122166991,0,1.18166697,1.08516705,1.18166697,0,38628000
2011-03-01,0.960173011,0,1.05516696,0,1.144667029,1.052832961,1.137166977,0,37800000
2011-03-02,1.001122355,0,1.100167036,0,1.138666987,1.053166986,1.053500056,0,51600000
2011-03-03,1.059208751,0,1.164000034,0,1.174167037,1.137333035,1.139832973,0,33474000
2011-03-04,1.025842547,0,1.127333045,0,1.16466701,1.104500055,1.155500054,0,31500000
2011-03-07,0.940911949,0,1.034000039,0,1.144166946,1.001167059,1.129166961,0,50460000
2011-03-08,0.945916533,0,1.039499998,0,1.07099998,1.007666945,1.042667031,0,26598000
2011-03-09,0.861592352,0,0.946833014,0,1.02116704,0.941166997,1.02116704,0,66846000
2011-03-10,0.796378016,0,0.875167012,0,0.916666985,0.870333016,0.899667025,0,60888000
2011-03-11,0.817610502,0,0.898500025,0,0.907500029,0.856832981,0.858500004,0,37662000
2011-03-14,0.814273715,0,0.894833028,0,0.929666996,0.877499998,0.894500017,0,37458000
2011-03-15,0.7846995,0,0.862333,0,0.880333006,0.782333016,0.804832995,0,39852000
2011-03-16,0.734045029,0,0.80666697,0,0.89200002,0.788500011,0.865167022,0,35268000
2011-03-17,0.760889113,0,0.836166978,0,0.866167009,0.827000022,0.842333019,0,37530000
2011-03-18,0.768472135,0,0.844500005,0,0.878000021,0.834167004,0.878000021,0,32274000
2011-03-21,0.808207929,0,0.888167024,0,0.906832993,0.870666981,0.874666989,0,39534000
2011-03-22,0.789249361,0,0.867332995,0,0.894333005,0.862667024,0.894333005,0,24156000
2011-03-23,0.810633957,0,0.89083302,0,0.895833015,0.839999974,0.861333013,0,25218000
2011-03-24,0.870388925,0,0.956499994,0,0.962666988,0.908833027,0.922167003,0,44664000
2011-03-25,0.863109231,0,0.948499978,0,0.980166972,0.946833014,0.965332985,0,31548000
2011-03-28,0.86720413,0,0.953000009,0,0.976999998,0.948499978,0.963333011,0,22812000
2011-03-29,0.891015232,0,0.979166985,0,0.979332983,0.923500001,0.949333012,0,29970000
2011-03-30,0.893896401,0,0.982333004,0,1.008167028,0.959500015,1.002166986,0,29814000
2011-03-31,0.871147037,0,0.957333028,0,0.987167001,0.945833027,0.974833012,0,20958000
2011-04-01,0.840662777,0,0.923833013,0,0.978500009,0.913667023,0.978500009,0,33942000
2011-04-04,0.818975568,0,0.899999976,0,0.937332988,0.883167028,0.928833008,0,27054000
2011-04-05,0.872360826,0,0.95866698,0,0.981167018,0.940666974,0.94166702,0,44274000
2011-04-06,0.915129781,0,1.005666971,0,1.006999969,0.976000011,0.987500012,0,30012000
2011-04-07,0.901783109,0,0.990999997,0,1.00583303,0.959999979,1.00583303,0,20022000
2011-04-08,0.879640579,0,0.966666996,0,1.016667008,0.952166975,1.008000016,0,20496000
2011-04-11,0.85598141,0,0.940666974,0,0.973667026,0.932833016,0.973667026,0,18594000
2011-04-12,0.803506076,0,0.883000016,0,0.916666985,0.868499994,0.916666985,0,31302000
2011-04-13,0.810330749,0,0.890500009,0,0.907999992,0.873667002,0.900833011,0,33960000
2011-04-14,0.811998844,0,0.892332971,0,0.893666983,0.852999985,0.871667027,0,18072000
2011-04-15,0.82807529,0,0.910000026,0,0.917167008,0.872500002,0.886332989,0,17262000
2011-04-18,0.783789396,0,0.861333013,0,0.882499993,0.839667022,0.877332985,0,29268000
2011-04-19,0.793193281,0,0.871667027,0,0.873332977,0.850000024,0.856000006,0,22242000
2011-04-20,0.894806445,0,0.983332992,0,0.983332992,0.94333303,0.949832976,0,52812000
2011-04-21,0.892380178,0,0.980666995,0,1.004166961,0.967999995,1.004166961,0,22464000
2011-04-25,0.894958258,0,0.983500004,0,0.998166978,0.971167028,0.977832973,0,13536000
2011-04-26,0.938029826,0,1.030833006,0,1.033332944,0.984499991,0.985333025,0,30864000
2011-04-27,0.937878728,0,1.030666947,0,1.034167051,0.992667019,1.019999981,0,26574000
2011-04-28,0.919224381,0,1.010167003,0,1.030500054,0.989499986,1.020166993,0,25950000
2011-04-29,0.932722151,0,1.024999976,0,1.029500008,1.004333019,1.004667044,0,12540000
2011-05-02,0.903602898,0,0.992999971,0,1.034999967,0.986666977,1.034999967,0,21006000
2011-05-03,0.870236874,0,0.956332982,0,0.987667024,0.936833024,0.983332992,0,33096000
2011-05-04,0.871753871,0,0.958000004,0,0.981167018,0.92316699,0.980499983,0,20118000
2011-05-05,0.877061903,0,0.963832974,0,0.992500007,0.935832977,0.94166702,0,41994000
2011-05-06,0.896323204,0,0.985000014,0,1.017832994,0.97299999,1,0,40860000
2011-05-09,0.88858825,0,0.976499975,0,0.985333025,0.956833005,0.985000014,0,18708000
2011-05-10,0.900115192,0,0.989166975,0,0.998332977,0.972500026,0.990333021,0,19446000
2011-05-11,0.879488707,0,0.966499984,0,1.004667044,0.947667003,0.993166983,0,18096000
2011-05-12,0.915584683,0,1.006167054,0,1.015333056,0.949500024,0.952666998,0,25260000
2011-05-13,0.880095601,0,0.96716702,0,1.00849998,0.964166999,1.000833035,0,16488000
2011-05-16,0.842786789,0,0.926167011,0,0.988332987,0.922667027,0.96450001,0,23142000
2011-05-17,0.812302649,0,0.892666996,0,0.916832983,0.866832972,0.916000009,0,35832000
2011-05-18,0.858104348,0,0.943000019,0,0.951667011,0.90200001,0.902832985,0,17988000
2011-05-19,0.83671999,0,0.919499993,0,0.931999981,0.894333005,0.931500018,0,20982000
2011-05-20,0.828985095,0,0.911000013,0,0.927667022,0.896833003,0.921500027,0,10974000
2011-05-23,0.778026938,0,0.855000019,0,0.880167007,0.85383302,0.880167007,0,23688000
2011-05-24,0.76043427,0,0.835667014,0,0.871333003,0.833500028,0.870167017,0,23982000
2011-05-25,0.780453682,0,0.857667029,0,0.866333008,0.819999993,0.829333007,0,19098000
2011-05-26,0.802443862,0,0.881833017,0,0.887332976,0.845667005,0.854833007,0,14706000
2011-05-27,0.830957234,0,0.913167,0,0.921167016,0.899333,0.899333,0,19008000
2011-05-31,0.868265927,0,0.954167008,0,0.954167008,0.926999986,0.94166702,0,15954000
2011-06-01,0.789553344,0,0.867667019,0,0.946833014,0.866666973,0.946833014,0,17838000
2011-06-02,0.789856374,0,0.867999971,0,0.89349997,0.854166985,0.869000018,0,16122000
2011-06-03,0.747845709,0,0.821833014,0,0.860000014,0.818166971,0.840499997,0,38124000
2011-06-06,0.729646325,0,0.801832974,0,0.828167021,0.800167024,0.817667007,0,18660000
2011-06-07,0.740414739,0,0.813666999,0,0.838500023,0.813332975,0.826499999,0,14688000
2011-06-08,0.695977211,0,0.764832973,0,0.802999973,0.757166982,0.802833021,0,36198000
2011-06-09,0.698252141,0,0.767332971,0,0.781666994,0.754499972,0.767499983,0,25770000
2011-06-10,0.664432108,0,0.730166972,0,0.762000024,0.71450001,0.758333027,0,22752000
2011-06-13,0.645018697,0,0.708832979,0,0.742332995,0.701667011,0.730499983,0,18828000
2011-06-14,0.681114614,0,0.74849999,0,0.762000024,0.733667016,0.733667016,0,15768000
2011-06-15,0.64107585,0,0.70450002,0,0.741832972,0.703000009,0.731999993,0,13464000
2011-06-16,0.619388342,0,0.680666983,0,0.71033299,0.662500024,0.710166991,0,17418000
2011-06-17,0.592392445,0,0.651000023,0,0.704666972,0.644167006,0.704666972,0,23820000
2011-06-20,0.594212234,0,0.652999997,0,0.661666989,0.643832982,0.647000015,0,18750000
2011-06-21,0.638952851,0,0.702166975,0,0.705500007,0.654166996,0.665000021,0,30174000
2011-06-22,0.629549265,0,0.691833019,0,0.711833,0.685666978,0.692166984,0,20856000
2011-06-23,0.657910407,0,0.72299999,0,0.7245,0.653666973,0.666666985,0,41520000
2011-06-24,0.610894859,0,0.671333015,0,0.716166973,0.666499972,0.716166973,0,21660000
2011-06-27,0.621359348,0,0.682833016,0,0.692667007,0.651666999,0.671333015,0,15390000
2011-06-28,0.645018697,0,0.708832979,0,0.709500015,0.686500013,0.690999985,0,24696000
2011-06-29,0.647748768,0,0.711833,0,0.723667026,0.695500016,0.715166986,0,16728000
2011-06-30,0.694612086,0,0.763333023,0,0.769999981,0.716666996,0.716666996,0,30492000
2011-07-01,0.739959776,0,0.813166976,0,0.81666702,0.757332981,0.769167006,0,25212000
2011-07-05,0.719788551,0,0.791000009,0,0.817667007,0.779166996,0.808833003,0,15444000
2011-07-06,0.703105986,0,0.772666991,0,0.783167005,0.753499985,0.78283298,0,10506000
2011-07-07,0.744660914,0,0.81833303,0,0.831667006,0.788332999,0.794332981,0,18822000
2011-07-08,0.711295724,0,0.781666994,0,0.790000021,0.756166995,0.786832988,0,16896000
2011-07-11,0.674744606,0,0.74150002,0,0.787,0.735000014,0.766332984,0,22608000
2011-07-12,0.617113471,0,0.678166986,0,0.722500026,0.667500019,0.719166994,0,46284000
2011-07-13,0.61059159,0,0.671000004,0,0.70333302,0.663500011,0.694500029,0,27108000
2011-07-14,0.583140492,0,0.64083302,0,0.697833002,0.636667013,0.673667014,0,41184000
2011-07-15,0.592392445,0,0.651000023,0,0.654332995,0.627499998,0.653832972,0,24444000
2011-07-18,0.566913068,0,0.623000026,0,0.6505,0.60916698,0.642832994,0,25644000
2011-07-19,0.623028398,0,0.684666991,0,0.68900001,0.642666996,0.642666996,0,31746000
2011-07-20,0.614989698,0,0.675832987,0,0.708167017,0.663332999,0.701499999,0,21420000
2011-07-21,0.631824076,0,0.694333017,0,0.698333025,0.644333005,0.670832992,0,32058000
2011-07-22,0.674593031,0,0.741333008,0,0.748332977,0.697833002,0.697833002,0,40338000
2011-07-25,0.648810625,0,0.713,0,0.728667021,0.697833002,0.719332993,0,17520000
2011-07-26,0.665038168,0,0.730832994,0,0.75583303,0.726000011,0.726000011,0,30282000
2011-07-27,0.592240393,0,0.650833011,0,0.707000017,0.646332979,0.707000017,0,54816000
2011-07-28,0.587842464,0,0.646000028,0,0.680000007,0.626999974,0.649999976,0,23532000
2011-07-29,0.573737919,0,0.630500019,0,0.648000002,0.602666974,0.611999989,0,33750000
2011-08-01,0.572372854,0,0.629000008,0,0.66633302,0.603667021,0.656832993,0,41922000
2011-08-02,0.521566331,0,0.573167026,0,0.626999974,0.570833027,0.614832997,0,44364000
2011-08-03,0.538096845,0,0.591332972,0,0.596000016,0.538833022,0.576667011,0,48840000
2011-08-04,0.449829549,0,0.494332999,0,0.573333025,0.489499986,0.572000027,0,70020000
2011-08-05,0.417070538,0,0.458332986,0,0.525667012,0.418666989,0.509167016,0,60150000
2011-08-08,0.3518565,0,0.386667013,0,0.440667003,0.381500006,0.408167005,0,42156000
2011-08-09,0.399174958,0,0.438666999,0,0.439999998,0.370000005,0.409166992,0,49818000
2011-08-10,0.375211805,0,0.412333012,0,0.454167008,0.393000007,0.424499989,0,35904000
2011-08-11,0.431024134,0,0.473666996,0,0.491167009,0.426999986,0.429832995,0,29616000
2011-08-12,0.426777303,0,0.469000012,0,0.499832988,0.458999991,0.485500008,0,27114000
2011-08-15,0.451953501,0,0.496666998,0,0.497667015,0.472667009,0.477499992,0,22326000
2011-08-16,0.426474154,0,0.468667001,0,0.493833005,0.449999988,0.479333013,0,25092000
2011-08-17,0.41722247,0,0.458499998,0,0.49000001,0.44600001,0.464332998,0,17232000
2011-08-18,0.345031679,0,0.379166991,0,0.420332998,0.370000005,0.420332998,0,38010000
2011-08-19,0.324860245,0,0.356999993,0,0.403667003,0.354999989,0.370332986,0,28344000
2011-08-22,0.333960086,0,0.367000014,0,0.387832999,0.359667003,0.386999995,0,21594000
2011-08-23,0.385070473,0,0.42316699,0,0.424333006,0.370000005,0.379999995,0,51924000
2011-08-24,0.384463489,0,0.422500014,0,0.434332997,0.397332996,0.42316699,0,51954000
2011-08-25,0.353979409,0,0.388999999,0,0.431167006,0.386667013,0.415832996,0,33522000
2011-08-26,0.382036597,0,0.419833004,0,0.426833004,0.371666998,0.390332997,0,38676000
2011-08-29,0.424654245,0,0.466666996,0,0.467500001,0.4375,0.440833002,0,29448000
2011-08-30,0.424654245,0,0.466666996,0,0.474999994,0.446332991,0.455666989,0,25152000
2011-08-31,0.415554523,0,0.456667006,0,0.488499999,0.446833014,0.480666995,0,29664000
2011-09-01,0.394776195,0,0.433833003,0,0.474833012,0.433333009,0.457332999,0,26106000
2011-09-02,0.367629051,0,0.404000014,0,0.416667014,0.396333009,0.414166987,0,22992000
2011-09-06,0.360349268,0,0.395999998,0,0.396833003,0.364666998,0.36649999,0,29136000
2011-09-07,0.406757832,0,0.446999997,0,0.448332995,0.419167012,0.419167012,0,43224000
2011-09-08,0.400691062,0,0.440333009,0,0.474000007,0.432999998,0.43599999,0,32784000
2011-09-09,0.387648404,0,0.425999999,0,0.461167008,0.417333007,0.425166994,0,39306000
2011-09-12,0.422985375,0,0.464832991,0,0.464832991,0.414833009,0.414833009,0,34446000
2011-09-13,0.448616564,0,0.493000001,0,0.496666998,0.461833,0.473167002,0,43494000
2011-09-14,0.482285559,0,0.529999971,0,0.547500014,0.494167,0.500666976,0,86268000
2011-09-15,0.50412488,0,0.55400002,0,0.559000015,0.532999992,0.54666698,0,61032000
2011-09-16,0.505792916,0,0.555832982,0,0.573333025,0.548500001,0.553332984,0,62544000
2011-09-19,0.488807321,0,0.537167013,0,0.548500001,0.509832978,0.530332983,0,54882000
2011-09-20,0.472731054,0,0.519500017,0,0.550499976,0.516166985,0.545832992,0,72882000
2011-09-21,0.443156689,0,0.486999989,0,0.54133302,0.486667007,0.529833019,0,117186000
2011-09-22,0.398720026,0,0.438167006,0,0.452499986,0.413332999,0.449999988,0,61854000
2011-09-23,0.420559406,0,0.462166995,0,0.469166994,0.42166701,0.428000003,0,52566000
2011-09-26,0.41980052,0,0.461333007,0,0.47883299,0.429666996,0.47883299,0,98616000
2011-09-27,0.442701697,0,0.486499995,0,0.516332984,0.478166997,0.486167014,0,75846000
2011-09-28,0.404482901,0,0.444499999,0,0.495000005,0.443500012,0.495000005,0,57690000
2011-09-29,0.387951434,0,0.42633301,0,0.465999991,0.401666999,0.461667001,0,82098000
2011-09-30,0.348974556,0,0.38350001,0,0.418500006,0.383332998,0.405333012,0,47844000
2011-10-03,0.310148805,0,0.340833008,0,0.387832999,0.340000004,0.375833005,0,52956000
2011-10-04,0.349277616,0,0.383832991,0,0.384499997,0.326000005,0.330000013,0,89970000
2011-10-05,0.382188499,0,0.419999987,0,0.423000008,0.368999988,0.384833008,0,78738000
2011-10-06,0.395383239,0,0.434500009,0,0.435167015,0.402500004,0.417333007,0,78432000
2011-10-07,0.401601046,0,0.441332996,0,0.456499994,0.426667005,0.445832998,0,53652000
2011-10-10,0.433602065,0,0.476500005,0,0.48416701,0.46033299,0.46033299,0,30468000
2011-10-11,0.43072015,0,0.473333001,0,0.481000006,0.463667005,0.468832999,0,30294000
2011-10-12,0.442094743,0,0.485832989,0,0.501667023,0.485832989,0.491333008,0,41778000
2011-10-13,0.46984902,0,0.516332984,0,0.520332992,0.476166993,0.477667004,0,45486000
2011-10-14,0.486532331,0,0.534667015,0,0.537333012,0.507000029,0.536499977,0,47322000
2011-10-17,0.446493655,0,0.490666986,0,0.523999989,0.484833002,0.522000015,0,36648000
2011-10-18,0.475308836,0,0.522333026,0,0.526666999,0.473832995,0.49149999,0,52332000
2011-10-19,0.444218695,0,0.488166988,0,0.52116698,0.484499991,0.52116698,0,44826000
2011-10-20,0.422834247,0,0.464666992,0,0.481166989,0.436333001,0.474667013,0,53466000
2011-10-21,0.448616564,0,0.493000001,0,0.512000024,0.48300001,0.483332992,0,28434000
2011-10-24,0.49517712,0,0.544166982,0,0.546333015,0.50150001,0.50416702,0,81846000
2011-10-25,0.468483925,0,0.514832973,0,0.544332981,0.511667013,0.532333016,0,63798000
2011-10-26,0.475005925,0,0.522000015,0,0.538999975,0.489666998,0.528333008,0,38490000
2011-10-27,0.535518944,0,0.588500023,0,0.598500013,0.555832982,0.563666999,0,55464000
2011-10-28,0.539765894,0,0.593167007,0,0.593167007,0.575500011,0.579666972,0,25170000
2011-10-31,0.498665065,0,0.547999978,0,0.575167,0.547500014,0.575167,0,29562000
2011-11-01,0.450891554,0,0.495499998,0,0.515166998,0.485166997,0.503166974,0,40368000
2011-11-02,0.457716316,0,0.503000021,0,0.516667008,0.490666986,0.513333023,0,15834000
2011-11-03,0.498817086,0,0.54816699,0,0.550999999,0.487500012,0.516667008,0,44694000
2011-11-04,0.516257584,0,0.567332983,0,0.573167026,0.533667028,0.53549999,0,40914000
2011-11-07,0.513982475,0,0.564832985,0,0.569500029,0.533333004,0.559167027,0,44898000
2011-11-08,0.522172332,0,0.573832989,0,0.582499981,0.546832979,0.577166975,0,42258000
2011-11-09,0.451346517,0,0.495999992,0,0.536499977,0.494666994,0.536499977,0,41424000
2011-11-10,0.463328153,0,0.509167016,0,0.521499991,0.486667007,0.520500004,0,21204000
2011-11-11,0.510646641,0,0.561167002,0,0.567332983,0.523333013,0.523333013,0,34920000
2011-11-14,0.493053377,0,0.541832983,0,0.569500029,0.531166971,0.552999973,0,29382000
2011-11-15,0.51307255,0,0.563832998,0,0.573333025,0.535166979,0.538332999,0,45540000
2011-11-16,0.504731894,0,0.554666996,0,0.580833018,0.542999983,0.550000012,0,36810000
2011-11-17,0.447403669,0,0.491667002,0,0.553332984,0.472166985,0.550000012,0,73242000
2011-11-18,0.434057027,0,0.476999998,0,0.501833022,0.469500005,0.501833022,0,32286000
2011-11-21,0.409184754,0,0.449667007,0,0.459167004,0.430000007,0.456833005,0,39312000
2011-11-22,0.394473225,0,0.433499992,0,0.458332986,0.425166994,0.444667011,0,28380000
2011-11-23,0.357316315,0,0.392666996,0,0.420332998,0.392333001,0.419667006,0,31662000
2011-11-25,0.342452794,0,0.376332998,0,0.403667003,0.376332998,0.388666987,0,22728000
2011-11-28,0.377486706,0,0.414833009,0,0.422832996,0.402666986,0.419833004,0,23802000
2011-11-29,0.368994027,0,0.405499995,0,0.426667005,0.402332991,0.418666989,0,23424000
2011-11-30,0.432085156,0,0.474833012,0,0.476332992,0.438499987,0.438499987,0,51342000
2011-12-01,0.439516932,0,0.48300001,0,0.487333,0.458833009,0.475832999,0,24264000
2011-12-02,0.436634928,0,0.479833007,0,0.506166995,0.478500009,0.497667015,0,28338000
2011-12-05,0.450133532,0,0.494666994,0,0.509167016,0.485166997,0.503000021,0,29232000
2011-12-06,0.447403669,0,0.491667002,0,0.499666989,0.479167014,0.492500007,0,16620000
2011-12-07,0.46317628,0,0.509000003,0,0.513167024,0.473333001,0.485166997,0,20436000
2011-12-08,0.423744291,0,0.465667009,0,0.513000011,0.462000012,0.494332999,0,26226000
2011-12-09,0.43906185,0,0.482499987,0,0.488332987,0.441332996,0.455832988,0,35904000
2011-12-12,0.403875947,0,0.443832994,0,0.452832997,0.427166998,0.452832997,0,28650000
2011-12-13,0.374908715,0,0.412,0,0.45866701,0.405833006,0.450666994,0,41736000
2011-12-14,0.356861264,0,0.392167002,0,0.418832988,0.385500014,0.409999996,0,31500000
2011-12-15,0.355951339,0,0.391167015,0,0.416999996,0.385500014,0.413832992,0,20004000
2011-12-16,0.364292055,0,0.400332987,0,0.416166991,0.395000011,0.404000014,0,18036000
2011-12-19,0.333657116,0,0.366667002,0,0.405499995,0.36500001,0.404500008,0,36264000
2011-12-20,0.377638727,0,0.414999992,0,0.418666989,0.388500005,0.388500005,0,36492000
2011-12-21,0.366567075,0,0.402833015,0,0.416667014,0.385832995,0.414499998,0,24912000
2011-12-22,0.402662963,0,0.442499995,0,0.44600001,0.407667011,0.409000009,0,28410000
2011-12-23,0.408425868,0,0.448832989,0,0.449833006,0.433499992,0.443832994,0,15252000
2011-12-27,0.407364815,0,0.447667003,0,0.457666993,0.441666991,0.442499995,0,19536000
2011-12-28,0.387496412,0,0.425832987,0,0.447833002,0.425000012,0.442999989,0,23736000
2011-12-29,0.398720026,0,0.438167006,0,0.439832985,0.424167007,0.434166998,0,13962000
2011-12-30,0.393715143,0,0.432666987,0,0.443333,0.432000011,0.438333005,0,15528000
2012-01-03,0.408122808,0,0.448500007,0,0.469999999,0.444999993,0.460000008,0,20838000
2012-01-04,0.407819748,0,0.448166996,0,0.451332986,0.431333005,0.446166992,0,19632000
2012-01-05,0.425412238,0,0.467500001,0,0.469166994,0.444000006,0.446500003,0,25092000
2012-01-06,0.429204106,0,0.471666992,0,0.473333001,0.456499994,0.467332989,0,19224000
2012-01-09,0.453014493,0,0.497833014,0,0.501667023,0.476666987,0.479667008,0,27516000
2012-01-10,0.46696803,0,0.513167024,0,0.522666991,0.507332981,0.516332984,0,20658000
2012-01-11,0.472731054,0,0.519500017,0,0.523999989,0.502499998,0.503499985,0,16698000
2012-01-12,0.488655537,0,0.537,0,0.538667023,0.513333023,0.528832972,0,20850000
2012-01-13,0.456806272,0,0.501999974,0,0.522666991,0.498833001,0.522333026,0,24198000
2012-01-17,0.462721109,0,0.50849998,0,0.524833024,0.506166995,0.522000015,0,17028000
2012-01-18,0.530817032,0,0.583333015,0,0.587832987,0.526499987,0.526499987,0,50442000
2012-01-19,0.563425243,0,0.61916697,0,0.621667027,0.597167015,0.600332975,0,41148000
2012-01-20,0.571614802,0,0.628166974,0,0.631332994,0.609833002,0.616666973,0,17694000
2012-01-23,0.567216039,0,0.623332977,0,0.636667013,0.607833028,0.632000029,0,22410000
2012-01-24,0.571160018,0,0.62766701,0,0.635167003,0.609833002,0.613166988,0,11994000
2012-01-25,0.57859087,0,0.635833025,0,0.641667008,0.608166993,0.633832991,0,29904000
2012-01-26,0.560695112,0,0.616167009,0,0.654332995,0.607333004,0.644167006,0,22794000
2012-01-27,0.568430185,0,0.624666989,0,0.629499972,0.605166972,0.608500004,0,9660000
2012-01-30,0.548561573,0,0.602832973,0,0.610333025,0.583333015,0.610333025,0,15960000
2012-01-31,0.550836682,0,0.605332971,0,0.621500015,0.593167007,0.618833005,0,17148000
2012-02-01,0.587084293,0,0.645166993,0,0.660000026,0.622667015,0.625666976,0,39444000
2012-02-02,0.598459065,0,0.657666981,0,0.671000004,0.646332979,0.654999971,0,22602000
2012-02-03,0.62378633,0,0.685500026,0,0.695167005,0.672167003,0.680167019,0,26310000
2012-02-06,0.60391897,0,0.663667023,0,0.679666996,0.652999997,0.67900002,0,16218000
2012-02-07,0.60452497,0,0.664332986,0,0.670832992,0.643333018,0.653333008,0,18906000
2012-02-08,0.627426207,0,0.689499974,0,0.703832984,0.668500006,0.668500006,0,28428000
2012-02-09,0.632886171,0,0.695500016,0,0.700833023,0.678833008,0.700833023,0,20448000
2012-02-10,0.593757272,0,0.652499974,0,0.67750001,0.645166993,0.673500001,0,28206000
2012-02-13,0.599975109,0,0.659332991,0,0.675000012,0.634333014,0.672500014,0,18954000
2012-02-14,0.608619928,0,0.668833017,0,0.668833017,0.649999976,0.652666986,0,20418000
2012-02-15,0.616809607,0,0.677833021,0,0.702499986,0.675000012,0.683000028,0,32016000
2012-02-16,0.662460208,0,0.727999985,0,0.731666982,0.673332989,0.673332989,0,32184000
2012-02-17,0.646990776,0,0.711000025,0,0.745999992,0.70450002,0.74583298,0,18594000
2012-02-21,0.621056378,0,0.682500005,0,0.716666996,0.673332989,0.716332972,0,19566000
2012-02-22,0.611653805,0,0.672167003,0,0.691166997,0.665000021,0.673833013,0,12120000
2012-02-23,0.615293562,0,0.676167011,0,0.679499984,0.646667004,0.673332989,0,14346000
2012-02-24,0.610743821,0,0.671167016,0,0.690999985,0.667333007,0.680000007,0,8700000
2012-02-27,0.611349583,0,0.671832979,0,0.686333001,0.644833028,0.657999992,0,16248000
2012-02-28,0.642288804,0,0.705833018,0,0.714667022,0.67633301,0.67633301,0,25620000
2012-02-29,0.612563789,0,0.67316699,0,0.709500015,0.66900003,0.708333015,0,17994000
2012-03-01,0.613169551,0,0.673833013,0,0.693000019,0.665332973,0.685167015,0,11220000
2012-03-02,0.594364285,0,0.653167009,0,0.684333026,0.649999976,0.668667018,0,15672000
2012-03-05,0.549926758,0,0.604332983,0,0.646833003,0.59799999,0.646499991,0,37602000
2012-03-06,0.533244193,0,0.586000025,0,0.590499997,0.566500008,0.577166975,0,25242000
2012-03-07,0.558875144,0,0.614166975,0,0.620999992,0.591499984,0.596167028,0,33216000
2012-03-08,0.58268559,0,0.640332997,0,0.645667017,0.621999979,0.633333027,0,18336000
2012-03-09,0.601492047,0,0.661000013,0,0.662666976,0.639167011,0.639666975,0,25692000
2012-03-12,0.585112751,0,0.643000007,0,0.661666989,0.635500014,0.661666989,0,16902000
2012-03-13,0.623028398,0,0.684666991,0,0.684666991,0.65466702,0.65466702,0,29352000
2012-03-14,0.617416561,0,0.678499997,0,0.711332977,0.674166977,0.69166702,0,32916000
2012-03-15,0.652298689,0,0.716832995,0,0.72033298,0.686333001,0.690333009,0,32976000
2012-03-16,0.653663516,0,0.718333006,0,0.725667,0.709333003,0.717499971,0,17574000
2012-03-19,0.669437051,0,0.73566699,0,0.744499981,0.711667001,0.714999974,0,17856000
2012-03-20,0.656393468,0,0.721333027,0,0.727333009,0.702499986,0.718833029,0,16914000
2012-03-21,0.662763,0,0.728332996,0,0.737833023,0.714999974,0.72716701,0,10542000
2012-03-22,0.651388526,0,0.715833008,0,0.722000003,0.698333025,0.713333011,0,12330000
2012-03-23,0.656393468,0,0.721333027,0,0.721666992,0.693832994,0.719667017,0,17070000
2012-03-26,0.684147656,0,0.751833022,0,0.751833022,0.725832999,0.739832997,0,19938000
2012-03-27,0.68247968,0,0.75,0,0.767499983,0.746667027,0.746667027,0,11262000
2012-03-28,0.657910407,0,0.72299999,0,0.754832983,0.707666993,0.749167025,0,20256000
2012-03-29,0.660033286,0,0.725332975,0,0.72883302,0.695833027,0.709667027,0,13368000
2012-03-30,0.667617023,0,0.733667016,0,0.74849999,0.716666996,0.74849999,0,17772000
2012-04-02,0.66700995,0,0.73299998,0,0.740333021,0.70183301,0.728332996,0,16848000
2012-04-03,0.636222959,0,0.699167013,0,0.730000019,0.690333009,0.730000019,0,24684000
2012-04-04,0.592847228,0,0.651499987,0,0.674332976,0.634167016,0.672333002,0,43110000
2012-04-05,0.598459065,0,0.657666981,0,0.663332999,0.644500017,0.648999989,0,13242000
2012-04-09,0.573585987,0,0.630333006,0,0.635500014,0.617500007,0.62766701,0,20418000
2012-04-10,0.54355675,0,0.597333014,0,0.642499983,0.591499984,0.626999974,0,19278000
2012-04-11,0.56888479,0,0.625167012,0,0.638333023,0.615832984,0.616666973,0,15714000
2012-04-12,0.600127041,0,0.659500003,0,0.667500019,0.62766701,0.629499972,0,29892000
2012-04-13,0.567974865,0,0.624167025,0,0.658999979,0.623833001,0.651332974,0,13854000
2012-04-16,0.56888479,0,0.625167012,0,0.643666983,0.608500004,0.640500009,0,26910000
2012-04-17,0.595274031,0,0.654166996,0,0.662500024,0.638000011,0.638000011,0,25710000
2012-04-18,0.580410719,0,0.637832999,0,0.64616698,0.618499994,0.632833004,0,18018000
2012-04-19,0.561453044,0,0.616999984,0,0.661666989,0.605000019,0.630167007,0,19344000
2012-04-20,0.522476315,0,0.574167013,0,0.617667019,0.572166979,0.617500007,0,40272000
2012-04-23,0.503366947,0,0.553166986,0,0.554332972,0.535667002,0.553499997,0,27534000
2012-04-24,0.49123323,0,0.539833009,0,0.560832977,0.533667028,0.560333014,0,19170000
2012-04-25,0.52399236,0,0.575833023,0,0.579666972,0.557500005,0.566332996,0,29502000
2012-04-26,0.559330225,0,0.614666998,0,0.618166983,0.580332994,0.580332994,0,28902000
2012-04-27,0.559785426,0,0.615167022,0,0.620999992,0.596499979,0.613667011,0,29844000
2012-04-30,0.550685585,0,0.605166972,0,0.615167022,0.605000019,0.613667011,0,15000000
2012-05-01,0.557206511,0,0.612333,0,0.627332985,0.599833012,0.605000019,0,19788000
2012-05-02,0.564941168,0,0.62083298,0,0.625,0.595833004,0.600000024,0,15480000
2012-05-03,0.524447203,0,0.576332986,0,0.624832988,0.574000001,0.62349999,0,26280000
2012-05-04,0.490627319,0,0.539166987,0,0.576667011,0.537500024,0.567499995,0,31662000
2012-05-07,0.487593383,0,0.535833001,0,0.547500014,0.531166971,0.531166971,0,21600000
2012-05-08,0.479100585,0,0.526499987,0,0.530166984,0.493167013,0.525667012,0,33234000
2012-05-09,0.475005925,0,0.522000015,0,0.528500021,0.488332987,0.502332985,0,33318000
2012-05-10,0.468938887,0,0.515332997,0,0.532500029,0.502833009,0.532500029,0,21144000
2012-05-11,0.478948683,0,0.526332974,0,0.545000017,0.510667026,0.512499988,0,23736000
2012-05-14,0.464844137,0,0.510833025,0,0.520332992,0.503332973,0.510500014,0,18600000
2012-05-15,0.450133532,0,0.494666994,0,0.523167014,0.49149999,0.508832991,0,18522000
2012-05-16,0.429355174,0,0.471832991,0,0.504499972,0.469999999,0.499166995,0,32856000
2012-05-17,0.398265034,0,0.437667012,0,0.476500005,0.437667012,0.474667013,0,27282000
2012-05-18,0.376273811,0,0.413500011,0,0.447833002,0.410833001,0.446332991,0,48906000
2012-05-21,0.404785991,0,0.44483301,0,0.446666986,0.413332999,0.415333003,0,43740000
2012-05-22,0.396900117,0,0.436167002,0,0.445666999,0.426999986,0.445666999,0,29538000
2012-05-23,0.401601046,0,0.441332996,0,0.442499995,0.409999996,0.420666993,0,27300000
2012-05-24,0.385828465,0,0.423999995,0,0.444000006,0.414999992,0.442000002,0,28086000
2012-05-25,0.399781078,0,0.439332992,0,0.444000006,0.42316699,0.423500001,0,21594000
2012-05-29,0.423289388,0,0.465166986,0,0.471332997,0.451332986,0.452666998,0,18396000
2012-05-30,0.400388062,0,0.439999998,0,0.452666998,0.435333014,0.452333003,0,22146000
2012-05-31,0.38704136,0,0.425332993,0,0.44016701,0.412333012,0.437332988,0,21192000
2012-06-01,0.341694832,0,0.375499994,0,0.405167013,0.375,0.404000014,0,45294000
2012-06-04,0.336992919,0,0.370332986,0,0.388500005,0.360332996,0.376832992,0,27960000
2012-06-05,0.359742314,0,0.395332992,0,0.398999989,0.371666998,0.371666998,0,36054000
2012-06-06,0.396141201,0,0.435333014,0,0.437166989,0.405667007,0.406832993,0,41736000
2012-06-07,0.38006568,0,0.417667001,0,0.455832988,0.415832996,0.450500011,0,32898000
2012-06-08,0.396748126,0,0.43599999,0,0.4375,0.408333004,0.409833014,0,22326000
2012-06-11,0.374150753,0,0.411166996,0,0.455832988,0.409666985,0.453833014,0,29760000
2012-06-12,0.39963001,0,0.439166993,0,0.439500004,0.415832996,0.417167008,0,36006000
2012-06-13,0.385980338,0,0.424167007,0,0.443333,0.419333011,0.432999998,0,21486000
2012-06-14,0.384766549,0,0.422832996,0,0.429500014,0.407332987,0.425666988,0,21318000
2012-06-15,0.402055889,0,0.441832989,0,0.443500012,0.42316699,0.423999995,0,16392000
2012-06-18,0.420862436,0,0.462500006,0,0.468667001,0.433667004,0.433667004,0,31980000
2012-06-19,0.433753908,0,0.476666987,0,0.483999997,0.464832991,0.473666996,0,23340000
2012-06-20,0.448464602,0,0.492832989,0,0.498167008,0.477499992,0.480333,0,39066000
2012-06-21,0.392350227,0,0.431167006,0,0.488332987,0.430000007,0.487666994,0,48192000
2012-06-22,0.40857777,0,0.449000001,0,0.453999996,0.436666995,0.438333005,0,21888000
2012-06-25,0.3691459,0,0.405667007,0,0.437999994,0.403667003,0.437667012,0,41736000
2012-06-26,0.372481823,0,0.409332991,0,0.416999996,0.396333009,0.411166996,0,24744000
2012-06-27,0.387800366,0,0.426167011,0,0.430000007,0.411666989,0.415832996,0,23748000
2012-06-28,0.38006568,0,0.417667001,0,0.422167003,0.400833011,0.412333012,0,30120000
2012-06-29,0.427687198,0,0.469999999,0,0.470833004,0.446332991,0.449000001,0,48804000
2012-07-02,0.426019162,0,0.468167007,0,0.482333004,0.459832996,0.479167014,0,17688000
2012-07-03,0.44543165,0,0.489499986,0,0.489499986,0.469000012,0.473333001,0,18162000
2012-07-05,0.433299005,0,0.476166993,0,0.48300001,0.462000012,0.47883299,0,17106000
2012-07-06,0.401601046,0,0.441332996,0,0.464832991,0.429167002,0.463167012,0,30462000
2012-07-09,0.387648404,0,0.425999999,0,0.442833006,0.419333011,0.436333001,0,25698000
2012-07-10,0.3605012,0,0.39616701,0,0.430999994,0.388332993,0.41633299,0,48462000
2012-07-11,0.349277616,0,0.383832991,0,0.402999997,0.378333002,0.399666995,0,34476000
2012-07-12,0.333504975,0,0.36649999,0,0.376166999,0.356166989,0.375667006,0,49020000
2012-07-13,0.341997743,0,0.375833005,0,0.379500002,0.367000014,0.369167,0,30048000
2012-07-16,0.33062309,0,0.363332987,0,0.370667011,0.355167001,0.370667011,0,27762000
2012-07-17,0.326073229,0,0.358332992,0,0.370833009,0.340333015,0.370000005,0,49782000
2012-07-18,0.359136313,0,0.394667,0,0.402166992,0.352667004,0.35383299,0,82602000
2012-07-19,0.382036597,0,0.419833004,0,0.428833008,0.411666989,0.411666989,0,54054000
2012-07-20,0.362927198,0,0.398833007,0,0.420666993,0.398333013,0.418332994,0,30600000
2012-07-23,0.352159381,0,0.386999995,0,0.3935,0.359333009,0.373333007,0,36108000
2012-07-24,0.348822623,0,0.383332998,0,0.393000007,0.371666998,0.389999986,0,30174000
2012-07-25,0.367325962,0,0.403667003,0,0.419167012,0.391333014,0.391499996,0,43992000
2012-07-26,0.393108219,0,0.432000011,0,0.440833002,0.419999987,0.428833008,0,42372000
2012-07-27,0.420407474,0,0.462000012,0,0.465833008,0.431832999,0.438333005,0,44328000
2012-07-30,0.409335792,0,0.449833006,0,0.472833008,0.442000002,0.462500006,0,21042000
2012-07-31,0.419042438,0,0.460500002,0,0.476500005,0.458332986,0.464332998,0,64002000
2012-08-01,0.418284386,0,0.459666997,0,0.473500013,0.449999988,0.468167007,0,20508000
2012-08-02,0.414340585,0,0.455332994,0,0.476666987,0.440667003,0.44600001,0,21774000
2012-08-03,0.439819783,0,0.483332992,0,0.491667002,0.466666996,0.476666987,0,25608000
2012-08-06,0.447554559,0,0.491833001,0,0.499500006,0.488166988,0.492500007,0,15390000
2012-08-07,0.474550873,0,0.521499991,0,0.533333004,0.501332998,0.501332998,0,31686000
2012-08-08,0.480920583,0,0.528500021,0,0.529500008,0.513999999,0.516667008,0,15552000
2012-08-09,0.489717275,0,0.538167,0,0.541167021,0.524999976,0.525667012,0,14832000
2012-08-10,0.496086955,0,0.545167029,0,0.546999991,0.532999992,0.536666989,0,13224000
2012-08-13,0.486532331,0,0.534667015,0,0.545167029,0.514832973,0.545167029,0,17268000
2012-08-14,0.473185897,0,0.519999981,0,0.545333028,0.513333023,0.544166982,0,21054000
2012-08-15,0.481223613,0,0.528832972,0,0.536167026,0.507833004,0.507833004,0,13752000
2012-08-16,0.506247699,0,0.556333005,0,0.55666697,0.527333021,0.528666973,0,14346000
2012-08-17,0.496086955,0,0.545167029,0,0.552999973,0.537167013,0.552999973,0,16194000
2012-08-20,0.483043611,0,0.530833006,0,0.541832983,0.519833028,0.541167021,0,60024000
2012-08-21,0.484105349,0,0.532000005,0,0.553166986,0.526332974,0.536832988,0,14460000
2012-08-22,0.47394377,0,0.520833015,0,0.528333008,0.510500014,0.523832977,0,16560000
2012-08-23,0.464389086,0,0.510333002,0,0.518167019,0.500999987,0.516332984,0,12726000
2012-08-24,0.471972972,0,0.518666983,0,0.522333026,0.5,0.504999995,0,11352000
2012-08-27,0.467725962,0,0.513999999,0,0.524500012,0.50583303,0.523999989,0,7974000
2012-08-28,0.466513038,0,0.512667,0,0.518999994,0.504999995,0.507667005,0,10518000
2012-08-29,0.467422932,0,0.513666987,0,0.519833028,0.501667023,0.510833025,0,8772000
2012-08-30,0.444218695,0,0.488166988,0,0.504999995,0.485332996,0.504999995,0,13566000
2012-08-31,0.461659163,0,0.507332981,0,0.513499975,0.485832989,0.49849999,0,18720000
2012-09-04,0.451043546,0,0.495667011,0,0.507166982,0.477499992,0.505999982,0,33096000
2012-09-05,0.441033691,0,0.484667003,0,0.50266701,0.479000002,0.493000001,0,15120000
2012-09-06,0.488048434,0,0.536333025,0,0.538667023,0.497000009,0.497000009,0,33888000
2012-09-07,0.478948683,0,0.526332974,0,0.532333016,0.515166998,0.528832972,0,13488000
2012-09-10,0.453924507,0,0.498833001,0,0.519833028,0.495667011,0.518000007,0,19014000
2012-09-11,0.461659163,0,0.507332981,0,0.513999999,0.495499998,0.504000008,0,15582000
2012-09-12,0.464541167,0,0.510500014,0,0.522167027,0.502833009,0.511667013,0,18390000
2012-09-13,0.477432668,0,0.524667025,0,0.52966702,0.497000009,0.507667005,0,30066000
2012-09-14,0.49578324,0,0.544833004,0,0.561999977,0.532333016,0.533667028,0,22680000
2012-09-17,0.482133687,0,0.529833019,0,0.552332997,0.52283299,0.552332997,0,13680000
2012-09-18,0.475460738,0,0.522499979,0,0.528333008,0.51700002,0.525833011,0,8472000
2012-09-19,0.466361076,0,0.512499988,0,0.523500025,0.50999999,0.523167014,0,11808000
2012-09-20,0.454228342,0,0.499166995,0,0.50849998,0.49000001,0.505999982,0,18546000
2012-09-21,0.454683393,0,0.499666989,0,0.516332984,0.499332994,0.507332981,0,10662000
2012-09-24,0.434208959,0,0.47716701,0,0.489333004,0.471666992,0.486667007,0,20208000
2012-09-25,0.400994956,0,0.440667003,0,0.488000005,0.440667003,0.48300001,0,29880000
2012-09-26,0.394018203,0,0.432999998,0,0.43599999,0.414833009,0.431667,0,29124000
2012-09-27,0.420407474,0,0.462000012,0,0.465499997,0.435167015,0.442833006,0,22788000
2012-09-28,0.4088808,0,0.449333012,0,0.460000008,0.447833002,0.456499994,0,18846000
2012-10-01,0.405392855,0,0.445499986,0,0.465166986,0.442333013,0.456999987,0,17454000
2012-10-02,0.412672609,0,0.453500003,0,0.456667006,0.442499995,0.456167012,0,12186000
2012-10-03,0.405847818,0,0.44600001,0,0.45866701,0.442999989,0.45866701,0,11076000
2012-10-04,0.415250629,0,0.456333011,0,0.457500011,0.440333009,0.450167,0,13104000
2012-10-05,0.413582623,0,0.45449999,0,0.476332992,0.451000005,0.463167012,0,21108000
2012-10-08,0.399781078,0,0.439332992,0,0.447833002,0.434332997,0.446666986,0,13800000
2012-10-09,0.380975574,0,0.418666989,0,0.435833007,0.41466701,0.435833007,0,26988000
2012-10-10,0.365202129,0,0.401333004,0,0.418500006,0.400667012,0.415499985,0,33456000
2012-10-11,0.367477,0,0.403833002,0,0.416667014,0.403333008,0.415666997,0,24282000
2012-10-12,0.361259282,0,0.397000015,0,0.408333004,0.396667004,0.402332991,0,20214000
2012-10-15,0.377031773,0,0.414332986,0,0.416667014,0.402666986,0.402666986,0,23754000
2012-10-16,0.401298076,0,0.441000015,0,0.442499995,0.417499989,0.417499989,0,25398000
2012-10-17,0.398568094,0,0.437999994,0,0.446166992,0.427332997,0.429666996,0,19134000
2012-10-18,0.388558388,0,0.426999986,0,0.437999994,0.419999987,0.432666987,0,17580000
2012-10-19,0.355192482,0,0.390332997,0,0.424167007,0.389667004,0.423833013,0,56556000
2012-10-22,0.354586452,0,0.389667004,0,0.400667012,0.384166986,0.395832986,0,23040000
2012-10-23,0.357922316,0,0.393332988,0,0.39616701,0.373333007,0.37766701,0,41184000
2012-10-24,0.341391802,0,0.375167012,0,0.405999988,0.374832988,0.405999988,0,38772000
2012-10-25,0.355192482,0,0.390332997,0,0.394167006,0.378832996,0.394167006,0,27804000
2012-10-26,0.360197186,0,0.395832986,0,0.403833002,0.386667013,0.389999986,0,28536000
2012-10-31,0.359742314,0,0.395332992,0,0.40466699,0.391667008,0.400000006,0,17892000
2012-11-01,0.396445066,0,0.435667008,0,0.436666995,0.396499991,0.400000006,0,59682000
2012-11-02,0.374301791,0,0.411332995,0,0.44016701,0.411166996,0.437166989,0,29826000
2012-11-05,0.392956257,0,0.431832999,0,0.435333014,0.407499999,0.410833001,0,21156000
2012-11-06,0.40857777,0,0.449000001,0,0.453833014,0.431832999,0.43599999,0,36810000
2012-11-07,0.377790719,0,0.415167004,0,0.435667008,0.405999988,0.43016699,0,49578000
2012-11-08,0.363989085,0,0.400000006,0,0.423000008,0.400000006,0.42166701,0,29484000
2012-11-09,0.366567075,0,0.402833015,0,0.417833,0.39783299,0.398499995,0,39966000
2012-11-12,0.366870999,0,0.403167009,0,0.413167,0.394667,0.412333012,0,20754000
2012-11-13,0.358984262,0,0.394499987,0,0.404332995,0.391833007,0.395832986,0,25692000
2012-11-14,0.341391802,0,0.375167012,0,0.405833006,0.372500002,0.402332991,0,41352000
2012-11-15,0.327438265,0,0.359833002,0,0.380167007,0.35800001,0.377000004,0,44232000
2012-11-16,0.327893168,0,0.360332996,0,0.36649999,0.341167003,0.36649999,0,43050000
2012-11-19,0.346547633,0,0.380833,0,0.381999999,0.369332999,0.375999987,0,43926000
2012-11-20,0.344272733,0,0.378333002,0,0.379166991,0.365999997,0.375999987,0,28992000
2012-11-21,0.345941693,0,0.380167007,0,0.384000003,0.375333011,0.379999995,0,13506000
2012-11-23,0.363686085,0,0.399666995,0,0.405333012,0.386667013,0.387499988,0,39354000
2012-11-26,0.36975202,0,0.406332999,0,0.408333004,0.395999998,0.398999989,0,27870000
2012-11-27,0.365354121,0,0.401499987,0,0.414000005,0.400332987,0.408333004,0,26604000
2012-11-28,0.3780936,0,0.415499985,0,0.416667014,0.384667009,0.395999998,0,30288000
2012-11-29,0.381278515,0,0.419,0,0.426499993,0.411000013,0.421499997,0,28662000
2012-11-30,0.379761636,0,0.417333007,0,0.424167007,0.412999988,0.418666989,0,17814000
2012-12-03,0.374756783,0,0.411832988,0,0.428667009,0.409999996,0.425166994,0,20892000
2012-12-04,0.381126642,0,0.418832988,0,0.422500014,0.405499995,0.413666993,0,11244000
2012-12-05,0.378700644,0,0.416166991,0,0.423500001,0.409000009,0.415333003,0,11466000
2012-12-06,0.392198324,0,0.430999994,0,0.432000011,0.416667014,0.418166995,0,22764000
2012-12-07,0.394776195,0,0.433833003,0,0.437667012,0.425166994,0.435667008,0,12366000
2012-12-10,0.402055889,0,0.441832989,0,0.445666999,0.432000011,0.432000011,0,10578000
2012-12-11,0.426322192,0,0.468499988,0,0.471500009,0.447833002,0.448166996,0,43932000
2012-12-12,0.421317428,0,0.463,0,0.477667004,0.459666997,0.477667004,0,21654000
2012-12-13,0.409487784,0,0.449999988,0,0.474000007,0.444499999,0.460166991,0,27486000
2012-12-14,0.400994956,0,0.440667003,0,0.450500011,0.433667004,0.443832994,0,18882000
2012-12-17,0.405695915,0,0.445832998,0,0.45183301,0.434666991,0.442667007,0,17166000
2012-12-18,0.424502313,0,0.466500014,0,0.47033301,0.445666999,0.456999987,0,29934000
2012-12-19,0.42783916,0,0.470167011,0,0.482832998,0.468499988,0.468499988,0,24540000
2012-12-20,0.427080184,0,0.469332993,0,0.472000003,0.456999987,0.469500005,0,15660000
2012-12-21,0.413582623,0,0.45449999,0,0.456333011,0.430000007,0.446666986,0,23190000
2012-12-24,0.409942746,0,0.450500011,0,0.471500009,0.444999993,0.462000012,0,9054000
2012-12-26,0.400691062,0,0.440333009,0,0.461667001,0.438832998,0.451999992,0,11136000
2012-12-27,0.394321203,0,0.433333009,0,0.439666986,0.418332994,0.43900001,0,24114000
2012-12-28,0.387496412,0,0.425832987,0,0.438666999,0.421499997,0.423332989,0,12612000
2012-12-31,0.407819748,0,0.448166996,0,0.451166987,0.422500014,0.429832995,0,29208000
2013-01-02,0.459688216,0,0.505167007,0,0.505500019,0.474999994,0.475333005,0,59640000
2013-01-03,0.451498479,0,0.496167004,0,0.507833004,0.490332991,0.503332973,0,23976000
2013-01-04,0.44998154,0,0.494500011,0,0.499666989,0.48566699,0.497500002,0,14664000
2013-01-07,0.44543165,0,0.489499986,0,0.495999992,0.479333013,0.491333008,0,14658000
2013-01-08,0.43072015,0,0.473333001,0,0.492166996,0.471666992,0.48566699,0,20568000
2013-01-09,0.443459809,0,0.487333,0,0.487832993,0.476332992,0.476332992,0,15072000
2013-01-10,0.461356282,0,0.507000029,0,0.509832978,0.495166987,0.503332973,0,31482000
2013-01-11,0.469394028,0,0.51583302,0,0.516667008,0.501332998,0.501332998,0,11706000
2013-01-14,0.465451092,0,0.511500001,0,0.515999973,0.49849999,0.500832975,0,11772000
2013-01-15,0.458474398,0,0.503832996,0,0.505666971,0.496666998,0.505333006,0,11472000
2013-01-16,0.47333777,0,0.520166993,0,0.524999976,0.502166986,0.506166995,0,16008000
2013-01-17,0.503366947,0,0.553166986,0,0.554166973,0.528666973,0.532333016,0,35070000
2013-01-18,0.495328188,0,0.544332981,0,0.549833,0.535000026,0.540832996,0,25674000
2013-01-22,0.490930408,0,0.539499998,0,0.544166982,0.529500008,0.544166982,0,14790000
2013-01-23,0.507006764,0,0.557166994,0,0.558499992,0.54133302,0.545832992,0,19140000
2013-01-24,0.49350816,0,0.542333007,0,0.55666697,0.529999971,0.534332991,0,15810000
2013-01-25,0.511859775,0,0.5625,0,0.570667028,0.547833025,0.547833025,0,17778000
2013-01-28,0.51534754,0,0.566332996,0,0.572000027,0.560832977,0.56833303,0,9876000
2013-01-29,0.505792916,0,0.555832982,0,0.561833024,0.549166977,0.560832977,0,12882000
2013-01-30,0.508371711,0,0.558667004,0,0.567499995,0.553332984,0.553332984,0,14028000
2013-01-31,0.503821909,0,0.553667009,0,0.566833019,0.549166977,0.557667017,0,17040000
2013-02-01,0.530666232,0,0.583167017,0,0.585500002,0.563499987,0.567332983,0,23550000
2013-02-04,0.507612824,0,0.557833016,0,0.588,0.556500018,0.569999993,0,17340000
2013-02-05,0.531575978,0,0.584167004,0,0.588333011,0.564999998,0.56833303,0,13062000
2013-02-06,0.534457147,0,0.587333024,0,0.589999974,0.572833002,0.575167,0,8304000
2013-02-07,0.527481139,0,0.579666972,0,0.592666984,0.563332975,0.592666984,0,14106000
2013-02-08,0.547955513,0,0.60216701,0,0.603500009,0.583333015,0.583333015,0,20130000
2013-02-11,0.550381541,0,0.604833007,0,0.608833015,0.594332993,0.603166997,0,7806000
2013-02-12,0.55387038,0,0.608667016,0,0.611832976,0.598333001,0.604833007,0,12744000
2013-02-13,0.558268368,0,0.613499999,0,0.621667027,0.60216701,0.615499973,0,9024000
2013-02-14,0.574192703,0,0.630999982,0,0.631833017,0.603332996,0.604332983,0,8382000
2013-02-15,0.56312114,0,0.618833005,0,0.636833012,0.612167001,0.634167016,0,15144000
2013-02-19,0.583444476,0,0.641166985,0,0.642499983,0.619499981,0.621167004,0,14514000
2013-02-20,0.544315755,0,0.598167002,0,0.644999981,0.598167002,0.641667008,0,25884000
2013-02-21,0.514589667,0,0.565500021,0,0.590166986,0.553833008,0.581667006,0,27420000
2013-02-22,0.546741664,0,0.600832999,0,0.603166997,0.577000022,0.581499994,0,29910000
2013-02-25,0.515499473,0,0.566500008,0,0.618833005,0.566500008,0.61500001,0,27048000
2013-02-26,0.528391242,0,0.580667019,0,0.584833026,0.564832985,0.569167018,0,17646000
2013-02-27,0.552050471,0,0.606666982,0,0.615832984,0.580332994,0.583500028,0,12156000
2013-02-28,0.566154957,0,0.622166991,0,0.622500002,0.601999998,0.601999998,0,18894000
2013-03-01,0.546135724,0,0.600166976,0,0.608332992,0.576166987,0.592666984,0,21294000
2013-03-04,0.543860734,0,0.597666979,0,0.605332971,0.583500028,0.603166997,0,10890000
2013-03-05,0.574799836,0,0.631667018,0,0.635999978,0.613499999,0.613667011,0,24552000
2013-03-06,0.577377856,0,0.634500027,0,0.645332992,0.628666997,0.644999981,0,22008000
2013-03-07,0.584809422,0,0.642666996,0,0.652499974,0.636667013,0.641166985,0,15654000
2013-03-08,0.586174488,0,0.644167006,0,0.658333004,0.627499998,0.658333004,0,29580000
2013-03-11,0.588904321,0,0.647167027,0,0.649333,0.62916702,0.64083302,0,9966000
2013-03-12,0.597700238,0,0.656832993,0,0.657500029,0.638167024,0.638167024,0,10350000
2013-03-13,0.603008986,0,0.662666976,0,0.666499972,0.644167006,0.654999971,0,12882000
2013-03-14,0.611349583,0,0.671832979,0,0.681333005,0.666832983,0.669833004,0,10014000
2013-03-15,0.581624568,0,0.639167011,0,0.671832979,0.633000016,0.671832979,0,22080000
2013-03-18,0.558116376,0,0.613332987,0,0.630500019,0.604667008,0.612667024,0,22266000
2013-03-19,0.55159533,0,0.606167018,0,0.625500023,0.590499997,0.623166978,0,18228000
2013-03-20,0.573283017,0,0.629999995,0,0.633333027,0.617999971,0.620000005,0,21108000
2013-03-21,0.546135724,0,0.600166976,0,0.628166974,0.598167002,0.628166974,0,20580000
2013-03-22,0.563273191,0,0.619000018,0,0.62916702,0.608166993,0.610000014,0,14652000
2013-03-25,0.560391247,0,0.615832984,0,0.641499996,0.606000006,0.632000029,0,13764000
2013-03-26,0.575860918,0,0.632833004,0,0.633832991,0.62083298,0.62083298,0,9618000
2013-03-27,0.57828778,0,0.635500014,0,0.637499988,0.610333025,0.622500002,0,9366000
2013-03-28,0.588752568,0,0.647000015,0,0.649999976,0.627499998,0.645667017,0,11640000
2013-04-01,0.555538595,0,0.610499978,0,0.643333018,0.604667008,0.637499988,0,14892000
2013-04-02,0.539613903,0,0.592999995,0,0.628000021,0.586332977,0.628000021,0,23736000
2013-04-03,0.507157922,0,0.557332993,0,0.616666973,0.551167011,0.616666973,0,25308000
2013-04-04,0.526571035,0,0.578666985,0,0.579999983,0.546167016,0.558000028,0,17364000
2013-04-05,0.518987477,0,0.570333004,0,0.573167026,0.539166987,0.550832987,0,27174000
2013-04-08,0.538096845,0,0.591332972,0,0.591332972,0.556999981,0.564167023,0,14004000
2013-04-09,0.552808344,0,0.607500017,0,0.620000005,0.580833018,0.585833013,0,19890000
2013-04-10,0.588297307,0,0.646499991,0,0.648832977,0.612999976,0.613332987,0,29310000
2013-04-11,0.582534552,0,0.640166998,0,0.65200001,0.627833009,0.639666975,0,13578000
2013-04-12,0.573889732,0,0.630666971,0,0.636500001,0.60916698,0.624832988,0,11412000
2013-04-15,0.532941222,0,0.585667014,0,0.625500023,0.582333028,0.614000022,0,22998000
2013-04-16,0.564941168,0,0.62083298,0,0.622500002,0.594332993,0.600166976,0,15036000
2013-04-17,0.509281695,0,0.559666991,0,0.596666992,0.552166998,0.596666992,0,26514000
2013-04-18,0.49548018,0,0.544499993,0,0.588167012,0.541666985,0.574333012,0,19272000
2013-04-19,0.507309914,0,0.557500005,0,0.561333001,0.532666981,0.550333023,0,22866000
2013-04-22,0.522779405,0,0.574500024,0,0.580833018,0.53966701,0.561667025,0,22254000
2013-04-23,0.55644834,0,0.611500025,0,0.614332974,0.583333015,0.583333015,0,29820000
2013-04-24,0.576467693,0,0.63349998,0,0.63933301,0.600499988,0.600499988,0,17994000
2013-04-25,0.59330225,0,0.65200001,0,0.663999975,0.638333023,0.640166998,0,18084000
2013-04-26,0.577074647,0,0.634167016,0,0.641166985,0.626999974,0.634000003,0,9282000
2013-04-29,0.596790135,0,0.655833006,0,0.660833001,0.633333027,0.633333027,0,10020000
2013-04-30,0.614534676,0,0.675333023,0,0.675333023,0.646667004,0.662333012,0,9654000
2013-05-01,0.597245216,0,0.656333029,0,0.678667009,0.654166996,0.678667009,0,9882000
2013-05-02,0.621966422,0,0.683499992,0,0.686500013,0.658500016,0.67166698,0,12612000
2013-05-03,0.640013874,0,0.70333302,0,0.716666996,0.700833023,0.707499981,0,21360000
2013-05-06,0.652905405,0,0.717499971,0,0.726000011,0.708167017,0.717000008,0,17496000
2013-05-07,0.65199548,0,0.716499984,0,0.727999985,0.704832971,0.727999985,0,10182000
2013-05-08,0.677626729,0,0.744666994,0,0.74583298,0.716000021,0.716666996,0,10608000
2013-05-09,0.688394248,0,0.756500006,0,0.766499996,0.741999984,0.744832993,0,15090000
2013-05-10,0.707200885,0,0.777167022,0,0.777333021,0.761833012,0.763666987,0,12012000
2013-05-13,0.685967565,0,0.753832996,0,0.779166996,0.750500023,0.779166996,0,14652000
2013-05-14,0.696432114,0,0.765332997,0,0.769999981,0.75150001,0.75999999,0,11418000
2013-05-15,0.71493572,0,0.785667002,0,0.79549998,0.758333027,0.765332997,0,8250000
2013-05-16,0.701286077,0,0.770667017,0,0.798332989,0.767832994,0.792167008,0,8520000
2013-05-17,0.727675259,0,0.799667001,0,0.800832987,0.777666986,0.788332999,0,9216000
2013-05-20,0.723580241,0,0.795167029,0,0.809167027,0.790499985,0.804166973,0,16860000
2013-05-21,0.722063422,0,0.793500006,0,0.803667009,0.786000013,0.803667009,0,9300000
2013-05-22,0.689001441,0,0.757166982,0,0.818832994,0.745500028,0.800333023,0,25668000
2013-05-23,0.688242435,0,0.756332994,0,0.760333002,0.714166999,0.734499991,0,18678000
2013-05-24,0.688091397,0,0.756166995,0,0.756166995,0.733332992,0.741666973,0,6270000
2013-05-28,0.706441939,0,0.776332974,0,0.796167016,0.770833015,0.796167016,0,11004000
2013-05-29,0.715086699,0,0.785833001,0,0.793166995,0.754832983,0.754832983,0,5958000
2013-05-30,0.747997522,0,0.822000027,0,0.83099997,0.790832996,0.790832996,0,11388000
2013-05-31,0.726158202,0,0.797999978,0,0.82683301,0.791999996,0.802667022,0,9222000
2013-06-03,0.72797817,0,0.800000012,0,0.818499982,0.771332979,0.794833004,0,14388000
2013-06-04,0.737684965,0,0.810666978,0,0.835833013,0.799000025,0.80666697,0,24846000
2013-06-05,0.703408957,0,0.773000002,0,0.805666983,0.770166993,0.805666983,0,13428000
2013-06-06,0.697949111,0,0.76700002,0,0.788667023,0.746500015,0.771833003,0,11610000
2013-06-07,0.731315196,0,0.803667009,0,0.805000007,0.765500009,0.781499982,0,11730000
2013-06-10,0.742840886,0,0.816332996,0,0.82099998,0.797333002,0.816500008,0,10980000
2013-06-11,0.695371151,0,0.764167011,0,0.799499989,0.761332989,0.799166977,0,16632000
2013-06-12,0.669891775,0,0.736167014,0,0.787832975,0.733500004,0.782999992,0,17346000
2013-06-13,0.710385919,0,0.780667007,0,0.783833027,0.728500009,0.731999993,0,14190000
2013-06-14,0.702650964,0,0.772167027,0,0.799833,0.767666996,0.797333002,0,8658000
2013-06-17,0.73283118,0,0.805333018,0,0.820167005,0.792832971,0.792832971,0,12372000
2013-06-18,0.768472135,0,0.844500005,0,0.847666979,0.808499992,0.822833002,0,15378000
2013-06-19,0.7434479,0,0.816999972,0,0.856000006,0.814499974,0.845833004,0,16416000
2013-06-20,0.674137831,0,0.740832984,0,0.786499977,0.73299998,0.786499977,0,19248000
2013-06-21,0.679294765,0,0.746500015,0,0.763333023,0.719332993,0.742667019,0,19020000
2013-06-24,0.637132823,0,0.700167,0,0.731167018,0.68333298,0.717499971,0,22710000
2013-06-25,0.684299827,0,0.751999974,0,0.75583303,0.71716702,0.718999982,0,13842000
2013-06-26,0.69309622,0,0.761667013,0,0.776166975,0.748332977,0.773832977,0,11466000
2013-06-27,0.702196121,0,0.771667004,0,0.79133302,0.770166993,0.783333004,0,11340000
2013-06-28,0.711598754,0,0.782000005,0,0.792333007,0.752499998,0.773666978,0,11352000
2013-07-01,0.706290722,0,0.776166975,0,0.80133301,0.773832977,0.787832975,0,8286000
2013-07-02,0.708110809,0,0.778167009,0,0.801666975,0.762667,0.776166975,0,12954000
2013-07-03,0.71933347,0,0.790499985,0,0.800000012,0.754999995,0.754999995,0,6444000
2013-07-05,0.747390747,0,0.821332991,0,0.824666977,0.794166982,0.805000007,0,11562000
2013-07-08,0.702953935,0,0.772499979,0,0.841832995,0.764500022,0.841832995,0,29700000
2013-07-09,0.724641323,0,0.796333015,0,0.803166986,0.787666976,0.793332994,0,10788000
2013-07-10,0.749514461,0,0.82366699,0,0.827832997,0.793833017,0.794332981,0,14016000
2013-07-11,0.797288001,0,0.876166999,0,0.876999974,0.848999977,0.858500004,0,13638000
2013-07-12,0.810937703,0,0.891166985,0,0.894833028,0.876166999,0.883333027,0,8298000
2013-07-15,0.810785711,0,0.890999973,0,0.898333013,0.884666979,0.898333013,0,8160000
2013-07-16,0.81745851,0,0.898333013,0,0.911333025,0.884333014,0.885667026,0,11532000
2013-07-17,0.819582462,0,0.900667012,0,0.911333025,0.893333018,0.911000013,0,13026000
2013-07-18,0.799259186,0,0.878332973,0,0.907666981,0.868833005,0.907666981,0,14046000
2013-07-19,0.794406354,0,0.873000026,0,0.873000026,0.847666979,0.864000022,0,12150000
2013-07-22,0.788643241,0,0.866666973,0,0.87916702,0.855499983,0.87916702,0,6804000
2013-07-23,0.77999866,0,0.857167006,0,0.89349997,0.853166997,0.866999984,0,13200000
2013-07-24,0.737229824,0,0.810167015,0,0.866666973,0.806999981,0.866666973,0,20934000
2013-07-25,0.750424504,0,0.824666977,0,0.825167,0.794499993,0.799833,0,9228000
2013-07-26,0.730101168,0,0.802332997,0,0.823000014,0.789166987,0.823000014,0,10296000
2013-07-29,0.718120456,0,0.789166987,0,0.807166994,0.782500029,0.80133301,0,7278000
2013-07-30,0.742082834,0,0.815500021,0,0.820833027,0.79666698,0.797167003,0,7872000
2013-07-31,0.752699554,0,0.827166975,0,0.842832983,0.817667007,0.823333025,0,7854000
2013-08-01,0.793496251,0,0.871999979,0,0.873667002,0.848833025,0.854667008,0,11010000
2013-08-02,0.778481603,0,0.855499983,0,0.863667011,0.839166999,0.863667011,0,5070000
2013-08-05,0.774841785,0,0.851499975,0,0.855332971,0.843500018,0.845667005,0,3534000
2013-08-06,0.759069264,0,0.834167004,0,0.852666974,0.824500024,0.852666974,0,4620000
2013-08-07,0.735410035,0,0.808166981,0,0.824000001,0.798500001,0.820667028,0,6234000
2013-08-08,0.737684965,0,0.810666978,0,0.822000027,0.796167016,0.821166992,0,4242000
2013-08-09,0.726765335,0,0.798667014,0,0.812332988,0.792666972,0.80833298,0,4308000
2013-08-12,0.734803021,0,0.807500005,0,0.814499974,0.786666989,0.786832988,0,3732000
2013-08-13,0.759372234,0,0.834500015,0,0.837832987,0.798500001,0.814999998,0,8910000
2013-08-14,0.725551307,0,0.797333002,0,0.81833303,0.792832971,0.816500008,0,12360000
2013-08-15,0.675806701,0,0.742667019,0,0.771667004,0.741666973,0.771667004,0,10518000
2013-08-16,0.68247968,0,0.75,0,0.771499991,0.738166988,0.742500007,0,7278000
2013-08-19,0.668678045,0,0.734833002,0,0.759000003,0.73416698,0.739832997,0,6270000
2013-08-20,0.682024539,0,0.749499977,0,0.757000029,0.736000001,0.736500025,0,6636000
2013-08-21,0.66700995,0,0.73299998,0,0.751999974,0.725000024,0.742332995,0,8808000
2013-08-22,0.689607382,0,0.757833004,0,0.762499988,0.740999997,0.740999997,0,8454000
2013-08-23,0.690062523,0,0.758333027,0,0.76849997,0.745500028,0.765999973,0,9096000
2013-08-26,0.685361326,0,0.753166974,0,0.768167019,0.749499977,0.755167007,0,4092000
2013-08-27,0.634251058,0,0.697000027,0,0.727832973,0.693832994,0.725000024,0,16050000
2013-08-28,0.655180514,0,0.720000029,0,0.731000006,0.702666998,0.702666998,0,6834000
2013-08-29,0.68020469,0,0.747500002,0,0.752499998,0.720166981,0.7245,0,5964000
2013-08-30,0.661550343,0,0.726999998,0,0.749000013,0.719500005,0.745999992,0,7362000
2013-09-03,0.677777708,0,0.744832993,0,0.773333013,0.73416698,0.760500014,0,7626000
2013-09-04,0.729798257,0,0.801999986,0,0.806999981,0.752499998,0.759000003,0,17016000
2013-09-05,0.746935785,0,0.820833027,0,0.825332999,0.806333005,0.808499992,0,5136000
2013-09-06,0.737835944,0,0.810832977,0,0.830500007,0.790000021,0.828999996,0,10566000
2013-09-09,0.76741004,0,0.843333006,0,0.846832991,0.812332988,0.814167023,0,5964000
2013-09-10,0.810027778,0,0.890166998,0,0.891667008,0.861999989,0.862333,0,10008000
2013-09-11,0.803050935,0,0.882499993,0,0.889167011,0.85916698,0.879000008,0,4254000
2013-09-12,0.789098263,0,0.867166996,0,0.888999999,0.863332987,0.887332976,0,3576000
2013-09-13,0.79956311,0,0.878666997,0,0.879000008,0.853667021,0.864666998,0,2934000
2013-09-16,0.809117794,0,0.889167011,0,0.911499977,0.886332989,0.910166979,0,6642000
2013-09-17,0.825497329,0,0.907167017,0,0.911666989,0.894167006,0.894167006,0,5118000
2013-09-18,0.846729457,0,0.930499971,0,0.932833016,0.894500017,0.905833006,0,6474000
2013-09-19,0.837933004,0,0.920832992,0,0.945833027,0.912500024,0.935000002,0,5850000
2013-09-20,0.824435174,0,0.906000018,0,0.936667025,0.90200001,0.919166982,0,4320000
2013-09-23,0.813818634,0,0.894333005,0,0.921999991,0.883167028,0.909166992,0,12870000
2013-09-24,0.830198348,0,0.912333012,0,0.922999978,0.894167006,0.904999971,0,5820000
2013-09-25,0.832322121,0,0.91466701,0,0.929166973,0.897000015,0.917666972,0,4452000
2013-09-26,0.831108093,0,0.913332999,0,0.930167019,0.902333021,0.926832974,0,6276000
2013-09-27,0.811998844,0,0.892332971,0,0.904332995,0.88499999,0.899833024,0,3846000
2013-09-30,0.813515663,0,0.893999994,0,0.900833011,0.853500009,0.867667019,0,8412000
2013-10-01,0.834597051,0,0.917167008,0,0.924166977,0.89349997,0.899833024,0,5850000
2013-10-02,0.833080113,0,0.915499985,0,0.915499985,0.895500004,0.895500004,0,2394000
2013-10-03,0.826407254,0,0.908167005,0,0.929666996,0.879666984,0.909667015,0,4836000
2013-10-04,0.844909668,0,0.928499997,0,0.935832977,0.908167005,0.908167005,0,4698000
2013-10-07,0.832322121,0,0.91466701,0,0.93333298,0.896667004,0.906832993,0,3126000
2013-10-08,0.79273808,0,0.871167004,0,0.922167003,0.86066699,0.916499972,0,6852000
2013-10-09,0.782576561,0,0.860000014,0,0.879000008,0.831833005,0.871667027,0,7686000
2013-10-10,0.835810065,0,0.918500006,0,0.922667027,0.883000016,0.885667026,0,10824000
2013-10-11,0.8435449,0,0.926999986,0,0.93333298,0.899167001,0.908333004,0,6798000
2013-10-14,0.860076427,0,0.945167005,0,0.948499978,0.899999976,0.901499987,0,5442000
2013-10-15,0.838084877,0,0.921000004,0,0.950999975,0.916666985,0.946332991,0,6456000
2013-10-16,0.861896157,0,0.947166979,0,0.949500024,0.922500014,0.926999986,0,4344000
2013-10-17,0.880095601,0,0.96716702,0,0.969166994,0.918166995,0.932500005,0,5004000
2013-10-18,0.886010468,0,0.973667026,0,0.977832973,0.950833023,0.977832973,0,6288000
2013-10-21,0.896475255,0,0.985167027,0,0.986666977,0.971666992,0.981666982,0,4620000
2013-10-22,0.890560329,0,0.978667021,0,0.991167009,0.961833,0.991167009,0,6168000
2013-10-23,0.802596152,0,0.882000029,0,0.935000002,0.868667006,0.935000002,0,13896000
2013-10-24,0.822160602,0,0.903500021,0,0.912999988,0.897333026,0.897333026,0,5088000
2013-10-25,0.831260264,0,0.913500011,0,0.916666985,0.903500021,0.911832988,0,7236000
2013-10-28,0.848397613,0,0.932332993,0,0.935832977,0.907333016,0.913332999,0,3276000
2013-10-29,0.885706484,0,0.973333001,0,0.974667013,0.94166702,0.94166702,0,6594000
2013-10-30,0.872664034,0,0.958999991,0,0.984833002,0.947332978,0.978500009,0,4176000
2013-10-31,0.887526572,0,0.975332975,0,0.992667019,0.960166991,0.961499989,0,6642000
2013-11-01,0.877820849,0,0.964667022,0,0.987500012,0.954999983,0.983166993,0,4572000
2013-11-04,0.876151979,0,0.962832987,0,0.976832986,0.957167029,0.976832986,0,2082000
2013-11-05,0.868265927,0,0.954167008,0,0.965667009,0.930499971,0.941332996,0,3276000
2013-11-06,0.877971888,0,0.964833021,0,0.970166981,0.947833002,0.968167007,0,2826000
2013-11-07,0.827468216,0,0.909332991,0,0.962000012,0.905166984,0.962000012,0,7236000
2013-11-08,0.854919672,0,0.939499974,0,0.940500021,0.899999976,0.905332983,0,5514000
2013-11-11,0.854312479,0,0.938832998,0,0.94166702,0.921999991,0.930499971,0,2082000
2013-11-12,0.868568897,0,0.95450002,0,0.957167029,0.930000007,0.930000007,0,4428000
2013-11-13,0.893138289,0,0.98150003,0,0.982333004,0.936999977,0.94333303,0,2928000
2013-11-14,0.880701721,0,0.967832983,0,0.980832994,0.961667001,0.980832994,0,2946000
2013-11-15,0.897385418,0,0.986167014,0,0.99000001,0.955833018,0.972666979,0,3630000
2013-11-18,0.873118997,0,0.959500015,0,0.990666986,0.953666985,0.99000001,0,7848000
2013-11-19,0.842634857,0,0.925999999,0,0.966166973,0.923500001,0.964833021,0,6336000
2013-11-20,0.83004725,0,0.912167013,0,0.936500013,0.905166984,0.929499984,0,5040000
2013-11-21,0.874331713,0,0.960833013,0,0.962666988,0.921333015,0.921832979,0,4164000
2013-11-22,0.875848711,0,0.962499976,0,0.966166973,0.948167026,0.957333028,0,2322000
2013-11-25,0.872815788,0,0.959167004,0,0.967666984,0.941332996,0.967666984,0,3900000
2013-11-26,0.895261228,0,0.983833015,0,0.99000001,0.961833,0.974332988,0,5604000
2013-11-27,0.906939864,0,0.996667027,0,0.996999979,0.967000008,0.973833025,0,4746000
2013-11-29,0.906788111,0,0.996500015,0,1.009333014,0.993667006,1,0,2976000
2013-12-02,0.901935041,0,0.991167009,0,1.006999969,0.987167001,1.005332947,0,5214000
2013-12-03,0.911185801,0,1.001332998,0,1.011000037,0.982500017,0.984499991,0,5022000
2013-12-04,0.899659932,0,0.988667011,0,1.008332968,0.968333006,0.997166991,0,2712000
2013-12-05,0.905575097,0,0.995167017,0,1.006999969,0.987999976,0.99000001,0,3810000
2013-12-06,0.936817229,0,1.029500008,0,1.040166974,1.018332958,1.040166974,0,4728000
2013-12-09,0.944096684,0,1.037500024,0,1.049000025,1.032166958,1.046332955,0,3150000
2013-12-10,0.936058998,0,1.028666973,0,1.042166948,1.017832994,1.034000039,0,1938000
2013-12-11,0.908455789,0,0.998332977,0,1.036000013,0.99416697,1.032500029,0,3504000
2013-12-12,0.885555625,0,0.973167002,0,1.001667023,0.969500005,0.995333016,0,4140000
2013-12-13,0.880853772,0,0.967999995,0,0.989000022,0.961667001,0.983332992,0,4620000
2013-12-16,0.916342676,0,1.006999969,0,1.024667025,0.989000022,0.989000022,0,3594000
2013-12-17,0.944854856,0,1.038333058,0,1.04550004,1.006999969,1.006999969,0,5094000
2013-12-18,0.963661194,0,1.059000015,0,1.061833024,0.992332995,1.040500045,0,6684000
2013-12-19,0.946371794,0,1.039999962,0,1.057332993,1.026167035,1.057332993,0,3366000
2013-12-20,0.970485926,0,1.066499949,0,1.075166941,1.039999962,1.039999962,0,7314000
2013-12-23,0.994600356,0,1.093000054,0,1.097167015,1.077332973,1.085999966,0,4920000
2013-12-24,1.00643003,0,1.105999947,0,1.113000035,1.095000029,1.101333022,0,2052000
2013-12-26,1.015681505,0,1.116166949,0,1.121000051,1.105332971,1.111667037,0,4362000
2013-12-27,1.012951851,0,1.113167048,0,1.12650001,1.110833049,1.119500041,0,2088000
2013-12-30,1.020686626,0,1.121667027,0,1.128666997,1.107833028,1.107833028,0,2718000
2013-12-31,1.046772003,0,1.150333047,0,1.151332974,1.129166961,1.129166961,0,4722000
2014-01-02,0.999757051,0,1.098667026,0,1.128666997,1.087332964,1.128666997,0,7344000
2014-01-03,0.996117234,0,1.094666958,0,1.103500009,1.078500032,1.103500009,0,4176000
2014-01-06,0.977311075,0,1.074000001,0,1.100499988,1.069167018,1.100499988,0,3546000
2014-01-07,1.000060081,0,1.098999977,0,1.102833033,1.079833031,1.08366704,0,2796000
2014-01-08,1.044193983,0,1.147500038,0,1.149999976,1.116667032,1.123999953,0,4404000
2014-01-09,1.022051573,0,1.123167038,0,1.159000039,1.110167027,1.159000039,0,2556000
2014-01-10,1.034487009,0,1.136832952,0,1.141667008,1.121166945,1.123332977,0,2616000
2014-01-13,0.997633338,0,1.096333027,0,1.14199996,1.087499976,1.131000042,0,5268000
2014-01-14,1.066184759,0,1.17166698,0,1.174167037,1.097167015,1.101333022,0,8208000
2014-01-15,1.09318006,0,1.201333046,0,1.211333036,1.18166697,1.18483305,0,5568000
2014-01-16,1.074981093,0,1.181332946,0,1.201666951,1.174999952,1.198333025,0,6768000
2014-01-17,1.056478262,0,1.161000013,0,1.185333014,1.153499961,1.167000055,0,4092000
2014-01-21,1.077255964,0,1.183833003,0,1.184167027,1.154332995,1.175999999,0,5472000
2014-01-22,1.114109755,0,1.224333048,0,1.225000024,1.175500035,1.183833003,0,3648000
2014-01-23,1.076194763,0,1.182667017,0,1.20183301,1.161999941,1.189666986,0,6252000
2014-01-24,1.000667214,0,1.099666953,0,1.166833043,1.09800005,1.161332965,0,8844000
2014-01-27,0.981557846,0,1.078667045,0,1.113832951,1.058500051,1.113332987,0,8034000
2014-01-28,0.99353826,0,1.091832995,0,1.097332954,1.057332993,1.070667028,0,4476000
2014-01-29,0.979585886,0,1.076500058,0,1.107332945,1.07099998,1.07099998,0,6654000
2014-01-30,1.017652392,0,1.118332982,0,1.127833009,1.095832944,1.10233295,0,5076000
2014-01-31,1.00187993,0,1.100999951,0,1.116999984,1.072000027,1.084833026,0,3480000
2014-02-03,0.938636959,0,1.031499982,0,1.098500013,1.022166967,1.098500013,0,7428000
2014-02-04,0.940154016,0,1.033167005,0,1.040333033,1.016167045,1.032333016,0,6804000
2014-02-05,0.94394505,0,1.037333012,0,1.051167011,1.002333045,1.027500033,0,4200000
2014-02-06,0.988837183,0,1.086666942,0,1.093333006,1.053666949,1.054499984,0,7758000
2014-02-07,1.036610961,0,1.139166951,0,1.142333031,1.089333057,1.101500034,0,7098000
2014-02-10,1.052535176,0,1.156666994,0,1.161499977,1.131832957,1.13233304,0,4908000
2014-02-11,1.092725754,0,1.200832963,0,1.209666967,1.159000039,1.162333012,0,6120000
2014-02-12,1.123513579,0,1.234666944,0,1.240332961,1.213667035,1.220000029,0,8586000
2014-02-13,1.163855195,0,1.279000044,0,1.279000044,1.209332943,1.213000059,0,5844000
2014-02-14,1.183116555,0,1.300166965,0,1.304999948,1.262500048,1.278833032,0,7818000
2014-02-18,1.192671418,0,1.310667038,0,1.317667007,1.283332944,1.317667007,0,5424000
2014-02-19,1.189941287,0,1.307667017,0,1.326500058,1.296833038,1.30516696,0,4584000
2014-02-20,1.217998743,0,1.338500023,0,1.341667056,1.303500056,1.310333014,0,5178000
2014-02-21,1.199496269,0,1.318166971,0,1.351667047,1.306167006,1.34383297,0,5064000
2014-02-24,1.213296533,0,1.333333015,0,1.358332992,1.328500032,1.337499976,0,4512000
2014-02-25,1.195552111,0,1.313832998,0,1.338667035,1.291833043,1.328166962,0,6354000
2014-02-26,1.218756676,0,1.339333057,0,1.367833018,1.322667003,1.322667003,0,5082000
2014-02-27,1.217088461,0,1.337499976,0,1.346500039,1.310333014,1.333333015,0,3162000
2014-02-28,1.213296533,0,1.333333015,0,1.350833058,1.307000041,1.348166943,0,4836000
2014-03-03,1.193429232,0,1.311499953,0,1.320000052,1.272500038,1.293499947,0,8346000
2014-03-04,1.255307555,0,1.379500031,0,1.384832978,1.351333022,1.351832986,0,7014000
2014-03-05,1.263194084,0,1.388167024,0,1.399999976,1.371832967,1.379500031,0,3366000
2014-03-06,1.29200983,0,1.419832945,0,1.421332955,1.385167003,1.399999976,0,3126000
2014-03-07,1.285943627,0,1.413167,0,1.436833024,1.399667025,1.433166981,0,3978000
2014-03-10,1.277753592,0,1.404167056,0,1.422333002,1.38499999,1.401666999,0,1980000
2014-03-11,1.257430077,0,1.381832957,0,1.42750001,1.370167017,1.418166995,0,2088000
2014-03-12,1.289128423,0,1.416666985,0,1.416666985,1.353500009,1.360167027,0,2508000
2014-03-13,1.224671245,0,1.345832944,0,1.438166976,1.322999954,1.43166697,0,5796000
2014-03-14,1.205258965,0,1.324499965,0,1.358332992,1.321833014,1.333333015,0,3678000
2014-03-17,1.248482704,0,1.371999979,0,1.385167003,1.349333048,1.35233295,0,4002000
2014-03-18,1.301716328,0,1.430500031,0,1.432667017,1.371333003,1.387832999,0,8142000
2014-03-19,1.298834085,0,1.427332997,0,1.457000017,1.400333047,1.432832956,0,6624000
2014-03-20,1.371936083,0,1.507666945,0,1.50849998,1.40466702,1.40466702,0,6588000
2014-03-21,1.335840344,0,1.468000054,0,1.527166963,1.45599997,1.525500059,0,7470000
2014-03-24,1.319308639,0,1.449833035,0,1.489667058,1.413666964,1.489667058,0,9888000
2014-03-25,1.346607924,0,1.479833007,0,1.505167007,1.456833005,1.460999966,0,6858000
2014-03-26,1.305810809,0,1.434999943,0,1.533332944,1.432667017,1.50999999,0,8124000
2014-03-27,1.27350688,0,1.399500012,0,1.447832942,1.38933301,1.422832966,0,5778000
2014-03-28,1.300958395,0,1.429666996,0,1.461666942,1.408332944,1.414999962,0,4116000
2014-03-31,1.363594174,0,1.49849999,0,1.509500027,1.455000043,1.463166952,0,9546000
2014-04-01,1.427292347,0,1.568500042,0,1.568500042,1.514832973,1.530833006,0,8106000
2014-04-02,1.418344736,0,1.558666945,0,1.583333015,1.536167026,1.583333015,0,7266000
2014-04-03,1.426837444,0,1.567999959,0,1.611832976,1.544667006,1.566666961,0,6804000
2014-04-04,1.306872964,0,1.436167002,0,1.610833049,1.430333018,1.610833049,0,15960000
2014-04-07,1.270776749,0,1.396499991,0,1.459167004,1.370332956,1.411666989,0,9858000
2014-04-08,1.318398356,0,1.448832989,0,1.453832984,1.400666952,1.408332944,0,5208000
2014-04-09,1.360864162,0,1.495499969,0,1.500167012,1.450000048,1.478667021,0,7512000
2014-04-10,1.235439897,0,1.357666969,0,1.501999974,1.353332996,1.500666976,0,11070000
2014-04-11,1.176442981,0,1.292832971,0,1.368667006,1.282333016,1.316666961,0,9384000
2014-04-14,1.204045892,0,1.323166966,0,1.345499992,1.288499951,1.322832942,0,5760000
2014-04-15,1.228918195,0,1.350499988,0,1.361999989,1.279999971,1.337499976,0,6870000
2014-04-16,1.221790552,0,1.342666984,0,1.37766695,1.286666989,1.37766695,0,5334000
2014-04-17,1.292313099,0,1.420166969,0,1.437667012,1.339666963,1.339666963,0,10782000
2014-04-21,1.326437593,0,1.457666993,0,1.45866704,1.401833057,1.425667048,0,6312000
2014-04-22,1.364352226,0,1.499333024,0,1.50999999,1.457999945,1.466667056,0,5940000
2014-04-23,1.358741045,0,1.493167043,0,1.514166951,1.480499983,1.503999949,0,2610000
2014-04-24,1.379821539,0,1.516332984,0,1.532333016,1.459833026,1.532333016,0,6888000
2014-04-25,1.246359587,0,1.369667053,0,1.478000045,1.360332966,1.478000045,0,12810000
2014-04-28,1.223610044,0,1.344666958,0,1.404332995,1.291833043,1.379166961,0,7662000
2014-04-29,1.245904922,0,1.36916697,0,1.385499954,1.338832974,1.363667011,0,3888000
2014-04-30,1.271080136,0,1.396832943,0,1.396832943,1.35383296,1.354500055,0,4680000
2014-05-01,1.258492351,0,1.383000016,0,1.435333014,1.375833035,1.399000049,0,4398000
2014-05-02,1.266075253,0,1.391332984,0,1.412333012,1.369832993,1.369832993,0,4212000
2014-05-05,1.272142053,0,1.398000002,0,1.408833027,1.357167006,1.376332998,0,2844000
2014-05-06,1.256975412,0,1.381332994,0,1.42166698,1.38083303,1.404167056,0,2064000
2014-05-07,1.259402394,0,1.383999944,0,1.399333,1.348832965,1.394333005,0,3090000
2014-05-08,1.285184503,0,1.412333012,0,1.470667005,1.371166945,1.371500015,0,7788000
2014-05-09,1.274720311,0,1.400833011,0,1.411167026,1.370167017,1.407999992,0,2988000
2014-05-12,1.343726754,0,1.476667047,0,1.481166959,1.409332991,1.409332991,0,9942000
2014-05-13,1.314000607,0,1.444000006,0,1.489333034,1.442167044,1.488000035,0,4584000
2014-05-14,1.280483842,0,1.407166958,0,1.442832947,1.404999971,1.432999969,0,3846000
2014-05-15,1.235590935,0,1.357833028,0,1.406499982,1.325500011,1.394999981,0,8310000
2014-05-16,1.272142053,0,1.398000002,0,1.404500008,1.351500034,1.355499983,0,3402000
2014-05-19,1.312938571,0,1.442832947,0,1.454332948,1.392832994,1.392832994,0,4440000
2014-05-20,1.294436574,0,1.422500014,0,1.456833005,1.399999976,1.444167018,0,3666000
2014-05-21,1.313090801,0,1.442999959,0,1.455332994,1.422000051,1.436666965,0,4350000
2014-05-22,1.332352042,0,1.464166999,0,1.480000019,1.447332978,1.452833056,0,4740000
2014-05-23,1.368144035,0,1.503499985,0,1.506167054,1.457833052,1.462833047,0,7674000
2014-05-27,1.420467496,0,1.56099999,0,1.56099999,1.521999955,1.545667052,0,6498000
2014-05-28,1.425017357,0,1.565999985,0,1.579833031,1.542999983,1.574833035,0,4740000
2014-05-29,1.433814287,0,1.575667024,0,1.593999982,1.566833019,1.569666982,0,3030000
2014-05-30,1.439728975,0,1.582167029,0,1.588166952,1.563832998,1.574167013,0,2382000
2014-06-02,1.46308434,0,1.607833028,0,1.620833039,1.567499995,1.609666944,0,3918000
2014-06-03,1.504336953,0,1.653167009,0,1.658833027,1.600833058,1.60916698,0,6246000
2014-06-04,1.524811506,0,1.675667048,0,1.682500005,1.636500001,1.653499961,0,4044000
2014-06-05,1.545891881,0,1.698832989,0,1.714166999,1.655833006,1.685832977,0,6264000
2014-06-06,1.568945169,0,1.724166989,0,1.735499978,1.704666972,1.710832953,0,6654000
2014-06-09,1.580167651,0,1.736500025,0,1.765499949,1.728332996,1.73300004,0,6924000
2014-06-10,1.595940471,0,1.753833055,0,1.755332947,1.714166999,1.739832997,0,4128000
2014-06-11,1.619144797,0,1.779332995,0,1.797667027,1.737833023,1.737833023,0,4884000
2014-06-12,1.602310061,0,1.760833025,0,1.794832945,1.740332961,1.778833032,0,6840000
2014-06-13,1.647808552,0,1.810832977,0,1.829167008,1.78133297,1.81099999,0,6210000
2014-06-16,1.678596854,0,1.844666958,0,1.854666948,1.802332997,1.816166997,0,7470000
2014-06-17,1.716360927,0,1.886167049,0,1.893332958,1.838667035,1.850833058,0,6432000
2014-06-18,1.695734262,0,1.863499999,0,1.892832994,1.816333055,1.891167045,0,9090000
2014-06-19,1.700436234,0,1.868667006,0,1.883167028,1.831666946,1.880332947,0,7944000
2014-06-20,1.715298772,0,1.88499999,0,1.88499999,1.857833028,1.872166991,0,4170000
2014-06-23,1.696341038,0,1.864166975,0,1.892667055,1.858500004,1.892667055,0,6738000
2014-06-24,1.658577323,0,1.822667003,0,1.904167056,1.807500005,1.853667021,0,9162000
2014-06-25,1.676472783,0,1.842332959,0,1.848832965,1.784332991,1.808333039,0,6300000
2014-06-26,1.655088663,0,1.818832994,0,1.84533298,1.776499987,1.830832958,0,5352000
2014-06-27,1.662974954,0,1.827499986,0,1.827499986,1.796167016,1.80516696,0,2694000
2014-06-30,1.714995623,0,1.884667039,0,1.889999986,1.829167008,1.829167008,0,4662000
2014-07-01,1.785669446,0,1.962332964,0,1.988167048,1.898332953,1.898332953,0,9978000
2014-07-02,1.799168229,0,1.97716701,0,1.985833049,1.958500028,1.97883296,0,5664000
2014-07-03,1.835415125,0,2.01699996,0,2.024667025,1.981667042,1.981667042,0,3942000
2014-07-07,1.797044516,0,1.974833012,0,2.022666931,1.964333057,2.01699996,0,8154000
2014-07-08,1.769896984,0,1.945000052,0,1.976166964,1.887166977,1.963500023,0,10506000
2014-07-09,1.800683856,0,1.97883296,0,1.985000014,1.914999962,1.960500002,0,6528000
2014-07-10,1.774749756,0,1.950332999,0,1.974499941,1.871999979,1.892333031,0,6774000
2014-07-11,1.778238893,0,1.954167008,0,1.968999982,1.926833034,1.960667014,0,3882000
2014-07-14,1.802201271,0,1.980499983,0,2.002000093,1.965000033,1.990499973,0,7164000
2014-07-15,1.787944436,0,1.964833021,0,1.998832941,1.909667015,1.998667002,0,6828000
2014-07-16,1.849822521,0,2.032833099,0,2.035832882,1.995332956,2.010499954,0,5760000
2014-07-17,1.706957102,0,1.875833035,0,1.984500051,1.865167022,1.984500051,0,12642000
2014-07-18,1.77384007,0,1.949332952,0,1.954666972,1.886999965,1.899999976,0,5280000
2014-07-21,1.788399816,0,1.965332985,0,1.976166964,1.93166697,1.949167013,0,3408000
2014-07-22,1.822523832,0,2.00283289,0,2.015166998,1.975000024,2.000166893,0,4308000
2014-07-23,1.696644664,0,1.864500046,0,1.982499957,1.861999989,1.982499957,0,12192000
2014-07-24,1.653723359,0,1.817332983,0,1.866667032,1.811167002,1.864500046,0,9876000
2014-07-25,1.554233551,0,1.707999945,0,1.781666994,1.691333055,1.781666994,0,10626000
2014-07-28,1.549228668,0,1.702499986,0,1.713667035,1.639667034,1.713333011,0,8148000
2014-07-29,1.542101026,0,1.694666982,0,1.74266696,1.692167044,1.713500023,0,5832000
2014-07-30,1.587599516,0,1.744667053,0,1.758332968,1.711500049,1.723832965,0,5922000
2014-07-31,1.479918718,0,1.626332998,0,1.699332952,1.614333034,1.691166997,0,9606000
2014-08-01,1.502062321,0,1.650666952,0,1.68166697,1.610000014,1.616667032,0,9360000
2014-08-04,1.520867586,0,1.671332955,0,1.686666965,1.625,1.664499998,0,4602000
2014-08-05,1.475521088,0,1.621500015,0,1.674667001,1.600000024,1.646832943,0,6888000
2014-08-06,1.488715529,0,1.636000037,0,1.668166995,1.59366703,1.597000003,0,8052000
2014-08-07,1.430325508,0,1.571833014,0,1.676666975,1.558333039,1.670667052,0,7098000
2014-08-08,1.478250861,0,1.624500036,0,1.628999949,1.577999949,1.587499976,0,6456000
2014-08-11,1.522839189,0,1.673499942,0,1.699833035,1.648167014,1.648167014,0,7698000
2014-08-12,1.517076612,0,1.667166948,0,1.687167048,1.624166965,1.663833022,0,5640000
2014-08-13,1.560755491,0,1.715167046,0,1.715167046,1.677332997,1.682167053,0,5910000
2014-08-14,1.569095969,0,1.724333048,0,1.734500051,1.708999991,1.716667056,0,4776000
2014-08-15,1.616414905,0,1.776332974,0,1.797667027,1.718999982,1.759500027,0,7260000
2014-08-18,1.637799144,0,1.799833059,0,1.80250001,1.762333035,1.798499942,0,6054000
2014-08-19,1.672833204,0,1.838333011,0,1.847499967,1.805832982,1.805832982,0,4548000
2014-08-20,1.713933825,0,1.88349998,0,1.893000007,1.831833005,1.838333011,0,4878000
2014-08-21,1.73668313,0,1.908499956,0,1.910833001,1.873167038,1.889832973,0,4374000
2014-08-22,1.74047482,0,1.912667036,0,1.93483305,1.887666941,1.916167021,0,6348000
2014-08-25,1.719393849,0,1.889500022,0,1.950500011,1.880332947,1.950500011,0,6822000
2014-08-26,1.720910907,0,1.891167045,0,1.911499977,1.885167003,1.885167003,0,3456000
2014-08-27,1.730313063,0,1.901499987,0,1.907166958,1.865499973,1.890166998,0,3738000
2014-08-28,1.767319322,0,1.942167044,0,1.942167044,1.864333034,1.88349998,0,3102000
2014-08-29,1.786883235,0,1.963667035,0,1.981667042,1.939167023,1.952499986,0,5214000
2014-09-02,1.762769461,0,1.937167048,0,1.976500034,1.911833048,1.976500034,0,4158000
2014-09-03,1.778238893,0,1.954167008,0,1.978167057,1.939167023,1.971832991,0,3906000
2014-09-04,1.791888714,0,1.969166994,0,2.014832973,1.955500007,1.965167046,0,6786000
2014-09-05,1.836931944,0,2.018666983,0,2.018666983,1.964333057,1.966500044,0,8496000
2014-09-08,1.848307014,0,2.03116703,0,2.064832926,2.00999999,2.018666983,0,5826000
2014-09-09,1.79931891,0,1.97733295,0,2.037499905,1.969166994,2.03133297,0,4278000
2014-09-10,1.79749918,0,1.975332975,0,1.987666965,1.936833024,1.976667047,0,7584000
2014-09-11,1.81114924,0,1.990332961,0,1.991333008,1.929167032,1.957499981,0,4134000
2014-09-12,1.741080999,0,1.913333058,0,1.975667,1.899999976,1.975667,0,5574000
2014-09-15,1.677534819,0,1.843500018,0,1.928333044,1.841500044,1.92166698,0,7626000
2014-09-16,1.76458919,0,1.939167023,0,1.947000027,1.832000017,1.836500049,0,6174000
2014-09-17,1.806296468,0,1.985000014,0,2.016666889,1.946499944,1.946499944,0,8154000
2014-09-18,1.883947492,0,2.070333004,0,2.070333004,1.992833018,2.013499975,0,6774000
2014-09-19,1.816608787,0,1.996333003,0,2.093167067,1.985000014,2.087500095,0,6696000
2014-09-22,1.750180721,0,1.923333049,0,1.986667037,1.912333012,1.978332996,0,8310000
2014-09-23,1.736531019,0,1.908332944,0,1.953832984,1.879166961,1.892832994,0,5520000
2014-09-24,1.798864245,0,1.976832986,0,1.980167031,1.917166948,1.922166944,0,4500000
2014-09-25,1.701497436,0,1.869832993,0,1.972332954,1.851166964,1.972332954,0,8892000
2014-09-26,1.760645509,0,1.93483305,0,1.951166987,1.896000028,1.898000002,0,5322000
2014-09-29,1.768077254,0,1.942999959,0,1.961500049,1.865666986,1.874832988,0,4182000
2014-09-30,1.723943472,0,1.894500017,0,1.948333025,1.875,1.946166992,0,5490000
2014-10-01,1.598215342,0,1.756332994,0,1.885833025,1.742499948,1.885833025,0,13020000
2014-10-02,1.571675062,0,1.72716701,0,1.748332977,1.631832957,1.748332977,0,17538000
2014-10-03,1.595484972,0,1.753332973,0,1.791666985,1.730000019,1.779000044,0,10464000
2014-10-06,1.556963205,0,1.710999966,0,1.775500059,1.677332997,1.774500012,0,7080000
2014-10-07,1.469454169,0,1.614832997,0,1.70449996,1.614832997,1.694167018,0,6960000
2014-10-08,1.566366196,0,1.721333027,0,1.730000019,1.570832968,1.619832993,0,11916000
2014-10-09,1.440941811,0,1.583500028,0,1.716667056,1.578999996,1.716667056,0,11388000
2014-10-10,1.142318964,0,1.255332947,0,1.454332948,1.213667035,1.454332948,0,57942000
2014-10-13,1.068460226,0,1.174167037,0,1.302667022,1.174167037,1.260167003,0,18840000
2014-10-14,1.128821135,0,1.240499973,0,1.304999948,1.207167029,1.236667037,0,30090000
2014-10-15,1.143683791,0,1.256832957,0,1.283332944,1.144667029,1.174000025,0,41124000
2014-10-16,1.193277359,0,1.311332941,0,1.34216702,1.191666961,1.202499986,0,31764000
2014-10-17,1.222396493,0,1.343333006,0,1.409332991,1.335832953,1.387500048,0,43908000
2014-10-20,1.28017962,0,1.406833053,0,1.410166979,1.317167044,1.335999966,0,16344000
2014-10-21,1.419405699,0,1.55983305,0,1.565000057,1.442332983,1.459666967,0,22548000
2014-10-22,1.360409379,0,1.495000005,0,1.606667042,1.491999984,1.589666963,0,32538000
2014-10-23,1.419254303,0,1.559666991,0,1.583999991,1.538499951,1.547832966,0,17814000
2014-10-24,1.465056419,0,1.610000014,0,1.616832972,1.558333039,1.558333039,0,15600000
2014-10-27,1.480070949,0,1.62650001,0,1.636500001,1.562832952,1.583500028,0,24660000
2014-10-28,1.544526696,0,1.697332978,0,1.699000001,1.635332942,1.646000028,0,18132000
2014-10-29,1.55377841,0,1.707499981,0,1.720000029,1.649000049,1.690000057,0,24510000
2014-10-30,1.501303196,0,1.649832964,0,1.693667054,1.580667019,1.693667054,0,17796000
2014-10-31,1.675867081,0,1.841667056,0,1.863832951,1.779167056,1.779167056,0,30552000
2014-11-03,1.706957102,0,1.875833035,0,1.904332995,1.841500044,1.873167038,0,12402000
2014-11-04,1.692700982,0,1.860167027,0,1.890166998,1.813500047,1.858999968,0,8046000
2014-11-05,1.742597938,0,1.914999962,0,1.919167042,1.848500013,1.899999976,0,13212000
2014-11-06,1.698161364,0,1.866166949,0,1.89616704,1.827499986,1.885332942,0,11454000
2014-11-07,1.648263574,0,1.811332941,0,1.878000021,1.766167045,1.866166949,0,16014000
2014-11-10,1.685572505,0,1.85233295,0,1.86066699,1.802167058,1.827833056,0,3756000
2014-11-11,1.67086184,0,1.836166978,0,1.865666986,1.821333051,1.865666986,0,4548000
2014-11-12,1.667828321,0,1.832833052,0,1.840000033,1.803333044,1.811666965,0,3774000
2014-11-13,1.67070961,0,1.835999966,0,1.891000032,1.816666961,1.847167015,0,7716000
2014-11-14,1.711810708,0,1.881167054,0,1.886000037,1.794832945,1.819167018,0,9924000
2014-11-17,1.689667106,0,1.856832981,0,1.870499969,1.809332967,1.858332992,0,10320000
2014-11-18,1.787338614,0,1.964166999,0,1.979666948,1.86500001,1.86500001,0,10830000
2014-11-19,1.752910614,0,1.926332951,0,1.974833012,1.897166967,1.96866703,0,8220000
2014-11-20,1.80174613,0,1.980000019,0,1.983332992,1.873999953,1.883999944,0,8310000
2014-11-21,1.855889559,0,2.039499998,0,2.059999943,1.997833014,2.045666933,0,12906000
2014-11-24,1.913217306,0,2.102499962,0,2.106333017,2.041666985,2.053999901,0,9054000
2014-11-25,1.912460804,0,2.101666927,0,2.124833107,2.088999987,2.116667032,0,6144000
2014-11-26,2.035760641,0,2.237166882,0,2.238832951,2.112499952,2.112499952,0,10092000
2014-11-28,2.047439098,0,2.25,0,2.277167082,2.213000059,2.256166935,0,6168000
2014-12-01,1.976006031,0,2.171499968,0,2.262000084,2.142667055,2.232332945,0,13002000
2014-12-02,2.013617754,0,2.212832928,0,2.213332891,2.127332926,2.189832926,0,8928000
2014-12-03,2.138739586,0,2.350332975,0,2.359167099,2.233166933,2.233166933,0,10110000
2014-12-04,2.147990704,0,2.360500097,0,2.403332949,2.31666708,2.382167101,0,11634000
2014-12-05,2.213963747,0,2.433000088,0,2.433000088,2.364666939,2.378000021,0,6846000
2014-12-08,2.11856842,0,2.328166962,0,2.444667101,2.282500029,2.428833008,0,15150000
2014-12-09,2.112805128,0,2.321832895,0,2.342000008,2.206332922,2.211499929,0,12642000
2014-12-10,1.994508266,0,2.191833019,0,2.333167076,2.179332972,2.323999882,0,11838000
2014-12-11,2.022869587,0,2.22300005,0,2.304832935,2.207499981,2.229332924,0,9138000
2014-12-12,1.922772408,0,2.112999916,0,2.208499908,2.107000113,2.166666985,0,10422000
2014-12-15,1.868173838,0,2.052999973,0,2.204667091,2.033333063,2.150832891,0,16956000
2014-12-16,1.836324811,0,2.017999887,0,2.144500017,2.002166986,2.027667046,0,16812000
2014-12-17,1.954773664,0,2.148166895,0,2.157833099,1.973333001,2.023667097,0,15510000
2014-12-18,2.062605381,0,2.266666889,0,2.266666889,2.20166707,2.249332905,0,21252000
2014-12-19,2.046529055,0,2.249000072,0,2.296499968,2.213666916,2.290333033,0,15420000
2014-12-22,2.137373686,0,2.348833084,0,2.355833054,2.271500111,2.280667067,0,10992000
2014-12-23,2.125316858,0,2.335500002,8.30E-05,2.404666901,2.328999996,2.400000095,0,16380000
2014-12-24,2.132748604,0,2.34366703,0,2.371666908,2.333333015,2.344000101,0,3030000
2014-12-26,2.141089678,0,2.352833033,0,2.378000021,2.341166973,2.368999958,0,3072000
2014-12-29,2.121979713,0,2.331832886,0,2.347332954,2.302333117,2.339667082,0,5970000
2014-12-30,2.085428238,0,2.291666985,0,2.319999933,2.284167051,2.284167051,0,5286000
2014-12-31,2.044781446,0,2.246999979,0,2.347332954,2.245666981,2.29816699,0,8412000
2015-01-02,2.044933796,0,2.24716711,0,2.322000027,2.182332993,2.287167072,0,15978000
2015-01-05,1.929210186,0,2.119999886,0,2.224999905,2.114833117,2.185499907,0,12648000
2015-01-06,1.797866821,0,1.975667,0,2.125,1.957167029,2.117500067,0,13386000
2015-01-07,1.852315068,0,2.03550005,0,2.063667059,1.976999998,2.010333061,0,8574000
2015-01-08,2.018997908,0,2.21866703,0,2.261832952,2.099999905,2.116667032,0,13884000
2015-01-09,2.024003029,0,2.224167109,0,2.252500057,2.137500048,2.24583292,0,11070000
2015-01-12,1.902365923,0,2.090500116,0,2.193666935,2.055666924,2.193666935,0,10962000
2015-01-13,1.845641851,0,2.028167009,0,2.213500023,1.996333003,2.137000084,0,12708000
2015-01-14,1.8160671,0,1.995666981,0,2.056166887,1.933500051,1.962000012,0,9324000
2015-01-15,1.771779776,0,1.947000027,0,2.074832916,1.941666961,2.034332991,0,6774000
2015-01-16,1.832294941,0,2.013499975,0,2.020999908,1.903332949,1.92900002,0,8616000
2015-01-20,1.890232205,0,2.077167034,0,2.098999977,1.997166991,2.029999971,0,9438000
2015-01-21,1.952263236,0,2.145333052,0,2.171499968,2.035666943,2.060167074,0,9642000
2015-01-22,1.988967896,0,2.185667038,0,2.190833092,2.018332958,2.151667118,0,12336000
2015-01-23,1.97152555,0,2.166500092,0,2.200000048,2.129333019,2.161166906,0,9594000
2015-01-26,1.992153287,0,2.189167023,0,2.192667007,2.103499889,2.164166927,0,6576000
2015-01-27,1.877643466,0,2.063333035,0,2.125,2.020333052,2.099999905,0,15486000
2015-01-28,1.849585056,0,2.032500029,0,2.198167086,2.029833078,2.133332968,0,13218000
2015-01-29,1.854893088,0,2.038332939,0,2.060667038,1.924167037,2.002000093,0,15474000
2015-01-30,1.740839362,0,1.912999988,0,2.04833293,1.908332944,1.984333038,0,10230000
2015-02-02,1.756764531,0,1.930500031,0,1.94333303,1.805999994,1.932000041,0,14562000
2015-02-03,1.851557016,0,2.034667015,0,2.037832975,1.945333004,1.959499955,0,10800000
2015-02-04,1.873700738,0,2.059000015,0,2.101000071,2.003833055,2.020333052,0,8946000
2015-02-05,1.924963951,0,2.11533308,0,2.117500067,2.052333117,2.069166899,0,6324000
2015-02-06,1.895843387,0,2.083333015,0,2.178499937,2.06516695,2.128499985,0,11220000
2015-02-09,1.833811998,0,2.015166998,0,2.073832989,2,2.047832966,0,6336000
2015-02-10,2.019604206,0,2.219332933,0,2.220833063,2.075500011,2.088999987,0,10446000
2015-02-11,2.039928913,0,2.241667032,0,2.266666889,2.153832912,2.216332912,0,9228000
2015-02-12,2.138360262,0,2.349833012,0,2.349999905,2.266166925,2.283166885,0,8820000
2015-02-13,2.183859587,0,2.399832964,0,2.41899991,2.335999966,2.388999939,0,8976000
2015-02-17,2.205699921,0,2.423832893,0,2.429500103,2.373667002,2.400666952,0,5856000
2015-02-18,2.184011698,0,2.400000095,0,2.421667099,2.373332977,2.416666985,0,5652000
2015-02-19,2.204032183,0,2.421999931,0,2.443000078,2.376832962,2.383832932,0,5124000
2015-02-20,2.243314266,0,2.465167046,0,2.467999935,2.38233304,2.403832912,0,6198000
2015-02-23,2.19872427,0,2.416167021,0,2.464833021,2.390500069,2.463166952,0,5010000
2015-02-24,2.287752151,0,2.513999939,0,2.517333031,2.368666887,2.407500029,0,8376000
2015-02-25,2.249380112,0,2.471832991,0,2.518167019,2.452332973,2.513333082,0,5766000
2015-02-26,2.295032501,0,2.522000074,0,2.545833111,2.483333111,2.505167007,0,6090000
2015-02-27,2.278500319,0,2.503833055,0,2.544667006,2.480667114,2.527499914,0,4236000
2015-03-02,2.467781067,0,2.711833,0,2.713166952,2.558666945,2.558666945,0,10602000
2015-03-03,2.325214386,0,2.55516696,0,2.686167002,2.549999952,2.686167002,0,11424000
2015-03-04,2.321423054,0,2.551000118,0,2.554332972,2.459332943,2.534667015,0,7704000
2015-03-05,2.323545456,0,2.553333044,0,2.597167015,2.520833015,2.588666916,0,5172000
2015-03-06,2.253475428,0,2.476332903,0,2.542666912,2.452832937,2.521832943,0,6402000
2015-03-09,2.273192406,0,2.497999907,0,2.513999939,2.462666988,2.470000029,0,3822000
2015-03-10,2.144881725,0,2.357000113,0,2.462332964,2.34800005,2.442832947,0,10950000
2015-03-11,2.162929773,0,2.376832962,0,2.448499918,2.373167038,2.387666941,0,5814000
2015-03-12,2.160199881,0,2.373832941,0,2.374166965,2.295000076,2.305500031,0,5214000
2015-03-13,2.204790115,0,2.422832966,0,2.434000015,2.342166901,2.38916707,0,5982000
2015-03-16,2.30185771,0,2.529500008,0,2.533667088,2.44016695,2.44016695,0,6324000
2015-03-17,2.252869129,0,2.475667,0,2.489500046,2.429500103,2.481832981,0,6150000
2015-03-18,2.302312613,0,2.529999971,0,2.567500114,2.378499985,2.475832939,0,8148000
2015-03-19,2.319147825,0,2.548500061,0,2.567332983,2.50966692,2.529999971,0,4704000
2015-03-20,2.42091608,0,2.660332918,0,2.680833101,2.590667009,2.607332945,0,6618000
2015-03-23,2.353120804,0,2.585833073,0,2.668167114,2.585833073,2.660166979,0,6318000
2015-03-24,2.292910099,0,2.51966691,0,2.605000019,2.516833067,2.574167013,0,6552000
2015-03-25,1.97880578,0,2.174499989,0,2.529166937,2.166666985,2.529166937,0,21066000
2015-03-26,1.897208095,0,2.084832907,0,2.125,1.942499995,2.05833292,0,24066000
2015-03-27,2.052971601,0,2.256000042,0,2.282833099,2.068000078,2.07249999,0,16368000
2015-03-30,2.138511896,0,2.349999905,0,2.362333059,2.263000011,2.299999952,0,16764000
2015-03-31,2.063284159,0,2.267333031,0,2.323333025,2.254667044,2.307167053,0,6942000
2015-04-01,2.024457932,0,2.224667072,0,2.253166914,2.166666985,2.246500015,0,12366000
2015-04-02,2.00413394,0,2.202332973,0,2.270833015,2.199666977,2.229666948,0,10686000
2015-04-06,2.032799006,0,2.233833075,0,2.249166965,2.108833075,2.136332989,0,8514000
2015-04-07,2.037956476,0,2.239500046,0,2.296667099,2.225167036,2.250333071,0,5790000
2015-04-08,2.074659586,0,2.279833078,0,2.299833059,2.220000029,2.226500034,0,3948000
2015-04-09,2.155194521,0,2.368333101,0,2.374332905,2.241333008,2.241333008,0,7356000
2015-04-10,2.179310322,0,2.394833088,0,2.394833088,2.356667042,2.381999969,0,4248000
2015-04-13,2.136995077,0,2.348332882,0,2.433000088,2.342667103,2.394833088,0,7758000
2015-04-14,2.074659586,0,2.279833078,0,2.368000031,2.254832983,2.368000031,0,8010000
2015-04-15,2.179461718,0,2.394999981,0,2.415167093,2.30283308,2.336333036,0,8970000
2015-04-16,2.15200901,0,2.364833117,0,2.378999949,2.319499969,2.333333015,0,3702000
2015-04-17,2.059796095,0,2.263499975,0,2.312833071,2.228332996,2.312833071,0,9108000
2015-04-20,2.110149384,0,2.318833113,0,2.34649992,2.291500092,2.299499989,0,4416000
2015-04-21,2.156256914,0,2.369499922,0,2.416666985,2.342166901,2.396332979,0,6054000
2015-04-22,2.245589256,0,2.467667103,0,2.471999884,2.358333111,2.399167061,0,9702000
2015-04-23,2.140179157,0,2.351833105,0,2.380832911,2.287167072,2.332499981,0,11388000
2015-04-24,2.035528421,0,2.236833096,0,2.345999956,2.194333076,2.341666937,0,18216000
2015-04-27,2.056763411,0,2.260166883,0,2.325000048,2.234667063,2.242500067,0,8376000
2015-04-28,2.059340715,0,2.263000011,0,2.275166988,2.166666985,2.241832972,0,4686000
2015-04-29,2.024760485,0,2.224999905,0,2.246166945,2.155833006,2.240499973,0,7008000
2015-04-30,1.978502274,0,2.174166918,0,2.236000061,2.125999928,2.205832958,0,6360000
2015-05-01,2.132748604,0,2.34366703,0,2.36066699,2.195832968,2.195832968,0,17382000
2015-05-04,2.118794441,0,2.328332901,0,2.380332947,2.309999943,2.353167057,0,7014000
2015-05-05,1.984871984,0,2.181166887,0,2.307167053,2.174666882,2.307167053,0,11862000
2015-05-06,1.977440476,0,2.173000097,0,2.228499889,2.124666929,2.20166707,0,9012000
2015-05-07,2.044023037,0,2.246166945,0,2.256000042,2.193000078,2.193000078,0,7686000
2015-05-08,2.102566242,0,2.310499907,0,2.338500023,2.286833048,2.300167084,0,10140000
2015-05-11,2.103173733,0,2.311167002,0,2.338166952,2.282000065,2.304832935,0,7164000
2015-05-12,2.052819014,0,2.255832911,0,2.291167021,2.218499899,2.288167,0,6732000
2015-05-13,2.086337805,0,2.292666912,0,2.341332912,2.274167061,2.278000116,0,5100000
2015-05-14,2.163385153,0,2.377332926,0,2.402832985,2.314500093,2.341332912,0,10308000
2015-05-15,2.174001694,0,2.388999939,0,2.416666985,2.353499889,2.400000095,0,4164000
2015-05-18,2.232241869,0,2.453000069,0,2.460833073,2.379667044,2.379667044,0,6348000
2015-05-19,2.211919308,0,2.430666924,0,2.506833076,2.40350008,2.480166912,0,6744000
2015-05-20,2.2234447,0,2.443332911,0,2.5,2.415999889,2.454667091,4,2923500
2015-05-21,2.256812811,0,2.480000019,0,2.493333101,2.404000044,2.436666965,0,2389500
2015-05-22,2.273192406,0,2.497999907,0,2.523333073,2.480667114,2.487333059,0,2566500
2015-05-26,2.224052191,0,2.444000006,0,2.491333008,2.404666901,2.473332882,0,4063500
2015-05-27,2.483706474,0,2.729332924,0,2.752000093,2.456666946,2.461999893,0,13917000
2015-05-28,2.490380764,0,2.736666918,0,2.780667067,2.682667017,2.735332966,0,6607500
2015-05-29,2.51222086,0,2.760667086,0,2.800667048,2.730000019,2.753333092,0,5224500
2015-06-01,2.523746967,0,2.773333073,0,2.830667019,2.731333017,2.807332993,0,6366000
2015-06-02,2.434566259,0,2.675333023,0,2.749332905,2.666666985,2.749332905,0,5436000
2015-06-03,2.386032343,0,2.621999979,0,2.727333069,2.619999886,2.725332975,0,4191000
2015-06-04,2.323545456,0,2.553333044,0,2.619333029,2.530667067,2.589333057,0,8517000
2015-06-05,2.327185154,0,2.557332993,0,2.573333025,2.480667114,2.546667099,0,6295500
2015-06-08,2.199178696,0,2.416666985,0,2.560667038,2.39199996,2.557332993,0,10593000
2015-06-09,2.187651873,0,2.404000044,0,2.424666882,2.333333015,2.407332897,0,10443000
2015-06-10,2.269552708,0,2.493999958,0,2.521332979,2.43333292,2.45600009,0,8491500
2015-06-11,2.268339396,0,2.49266696,0,2.533333063,2.486000061,2.528000116,0,5124000
2015-06-12,2.206458569,0,2.424666882,0,2.466666937,2.414666891,2.460666895,0,3468000
2015-06-15,2.190078497,0,2.406666994,0,2.414666891,2.309999943,2.376667023,0,3541500
2015-06-16,2.213132143,0,2.431999922,0,2.447999954,2.376667023,2.384000063,0,3762000
2015-06-17,2.217985392,0,2.437333107,0,2.465332985,2.407999992,2.450000048,0,4078500
2015-06-18,2.312020063,0,2.540667057,0,2.573333025,2.45866704,2.45866704,0,7689000
2015-06-19,2.291392565,0,2.517999887,0,2.567332983,2.475332975,2.547333002,0,4377000
2015-06-22,2.334465981,0,2.56533289,0,2.585333109,2.527333021,2.563333035,0,4977000
2015-06-23,2.294425964,0,2.521332979,0,2.594000101,2.497999907,2.57666707,0,5640000
2015-06-24,2.226479053,0,2.446666956,0,2.53133297,2.443332911,2.512666941,0,4566000
2015-06-25,2.221625328,0,2.441333055,0,2.488667011,2.419332981,2.488667011,0,3018000
2015-06-26,2.059643984,0,2.263333082,0,2.381333113,2.227999926,2.381333113,0,10182000
2015-06-29,1.883710146,0,2.069999933,0,2.217333078,2.064666986,2.166666985,0,11571000
2015-06-30,1.906157732,0,2.094666958,0,2.14199996,2.063999891,2.127332926,0,11799000
2015-07-01,1.920110822,0,2.109999895,0,2.191333055,2.092667103,2.172667027,0,10522500
2015-07-02,1.94377017,0,2.135999918,0,2.155999899,2.107332945,2.123332977,0,3387000
2015-07-06,1.866117477,0,2.050667048,0,2.135999918,2.015332937,2.093333006,0,8164500
2015-07-07,1.841243148,0,2.023333073,0,2.047333002,1.839333057,2.047333002,0,8449500
2015-07-08,1.706562281,0,1.875332952,0,1.983332992,1.843333006,1.941333055,0,7170000
2015-07-09,1.625268936,0,1.786000013,0,1.973999977,1.786000013,1.966667056,0,11626500
2015-07-10,1.717482448,0,1.887333035,0,1.907333016,1.846667051,1.866667032,0,10768500
2015-07-13,1.758736491,0,1.932667017,0,1.945333004,1.892667055,1.94333303,0,7369500
2015-07-14,1.819402933,0,1.999333024,0,2.008666992,1.95333302,1.95333302,0,5853000
2015-07-15,1.782396674,0,1.95866704,0,2.011332989,1.932000041,2.011332989,0,8317500
2015-07-16,1.793922901,0,1.971333027,0,2.006666899,1.916000009,2.006666899,0,9607500
2015-07-17,1.778756618,0,1.954666972,0,1.963333011,1.909332991,1.952000022,0,5380500
2015-07-20,1.742356658,0,1.91466701,0,1.99000001,1.913333058,1.975332975,0,4542000
2015-07-21,1.747209311,0,1.919999957,0,1.970000029,1.90199995,1.90199995,0,6831000
2015-07-22,1.617988706,0,1.777999997,0,1.79400003,1.713333011,1.79400003,0,14968500
2015-07-23,1.688969016,0,1.855999947,0,1.916666985,1.808666945,1.808666945,0,8224500
2015-07-24,1.58704865,0,1.743999958,0,1.894667029,1.736667037,1.894667029,0,7174500
2015-07-27,1.549435377,0,1.702666998,0,1.739333034,1.646667004,1.718000054,0,9583500
2015-07-28,1.645895839,0,1.808666945,0,1.842666984,1.690667033,1.730666995,0,12343500
2015-07-29,1.654388905,0,1.817999959,0,1.827999949,1.756667018,1.808666945,0,9057000
2015-07-30,1.673195958,0,1.838667035,0,1.856667042,1.774000049,1.802667022,0,5058000
2015-07-31,1.614348769,0,1.774000049,0,1.846667051,1.764000058,1.842000008,0,5568000
2015-08-03,1.59857583,0,1.756667018,0,1.778666973,1.72733295,1.761999965,0,3805500
2015-08-04,1.545188308,0,1.697999954,0,1.750666976,1.664000034,1.74000001,0,6415500
2015-08-05,1.602821708,0,1.761332989,0,1.797999978,1.718000054,1.718000054,0,7600500
2015-08-06,1.519101262,0,1.669332981,0,1.766667008,1.627333045,1.766667008,0,7930500
2015-08-07,1.543975115,0,1.696666956,0,1.701333046,1.646667004,1.666666985,0,6246000
2015-08-10,1.659849048,0,1.824000001,0,1.830667019,1.733332992,1.733332992,0,8170500
2015-08-11,1.547008395,0,1.700000048,0,1.787999988,1.675333023,1.787999988,0,7215000
2015-08-12,1.573095322,0,1.728667021,0,1.753332973,1.598667026,1.649333,0,9519000
2015-08-13,1.525167942,0,1.675999999,0,1.751999974,1.675999999,1.728667021,0,7285500
2015-08-14,1.498474717,0,1.646667004,0,1.672000051,1.615332961,1.661999941,0,5598000
2015-08-17,1.543368459,0,1.69599998,0,1.69599998,1.600000024,1.621999979,0,4459500
2015-08-18,1.448120952,0,1.591333032,0,1.692667007,1.583333015,1.692667007,0,8851500
2015-08-19,1.407474756,0,1.54666698,0,1.601999998,1.515333056,1.595999956,0,7707000
2015-08-20,1.250954032,0,1.374667048,0,1.506667018,1.373332977,1.506667018,0,13956000
2015-08-21,1.162379503,0,1.277333021,0,1.381999969,1.260666966,1.322667003,0,12129000
2015-08-24,1.073198676,0,1.179332972,0,1.340000033,1.003999949,1.021332979,0,29239500
2015-08-25,1.038012624,0,1.140666962,0,1.324000001,1.140666962,1.30666697,0,14115000
2015-08-26,1.192106485,0,1.309999943,0,1.314666986,1.177999973,1.251999974,0,21187500
2015-08-27,1.326180339,0,1.457332969,0,1.462000012,1.372666955,1.379999995,0,24174000
2015-08-28,1.351660252,0,1.485332966,0,1.490666986,1.425999999,1.425999999,0,10723500
2015-08-31,1.335279942,0,1.467332959,0,1.514000058,1.425333023,1.446666956,0,9834000
2015-09-01,1.19756639,0,1.315999985,0,1.425333023,1.29133296,1.346667051,0,13606500
2015-09-02,1.281893969,0,1.408666968,0,1.408666968,1.33533299,1.381332994,0,5200500
2015-09-03,1.311620116,0,1.441333055,0,1.496667027,1.428666949,1.43599999,0,7801500
2015-09-04,1.241853714,0,1.364667058,0,1.419332981,1.34800005,1.371333003,0,7768500
2015-09-08,1.404440761,0,1.543333054,0,1.548666954,1.456666946,1.460000038,0,11443500
2015-09-09,1.330427051,0,1.462000012,0,1.620666981,1.452000022,1.588667035,0,17734500
2015-09-10,1.349234581,0,1.482666969,0,1.521999955,1.417333007,1.460000038,0,8355000
2015-09-11,1.34862709,0,1.481999993,0,1.486667037,1.421332955,1.437999964,0,6459000
2015-09-14,1.361974597,0,1.496667027,0,1.517333031,1.47733295,1.501999974,0,5242500
2015-09-15,1.408687472,0,1.547999978,0,1.562667012,1.50999999,1.50999999,0,5133000
2015-09-16,1.420214534,0,1.560667038,0,1.565333009,1.511332989,1.54666698,0,6328500
2015-09-17,1.381994605,0,1.518666983,0,1.597332954,1.512666941,1.560667038,0,10005000
2015-09-18,1.312834263,0,1.442667007,0,1.501332998,1.424667001,1.45599997,0,9004500
2015-09-21,1.299486756,0,1.427999973,0,1.484666944,1.409332991,1.466667056,0,7872000
2015-09-22,1.214553833,0,1.334666967,0,1.370666981,1.317332983,1.351999998,0,10623000
2015-09-23,1.186646581,0,1.30400002,0,1.35800004,1.300667048,1.338667035,0,5457000
2015-09-24,1.181793451,0,1.298666954,0,1.324000001,1.19599998,1.269999981,0,11694000
2015-09-25,1.199993491,0,1.318667054,0,1.378000021,1.281999946,1.352666974,0,14334000
2015-09-28,1.099893212,0,1.20866704,0,1.317332983,1.20866704,1.290667057,0,19645500
2015-09-29,1.124159336,0,1.235332966,0,1.268666983,1.189332962,1.224666953,0,8577000
2015-09-30,1.249739647,0,1.373332977,0,1.379999995,1.290667057,1.29133296,0,11164500
2015-10-01,1.208486199,0,1.327999949,0,1.370666981,1.256667018,1.370666981,0,11292000
2015-10-02,1.286140084,0,1.413333058,0,1.413333058,1.271332979,1.282667041,0,11044500
2015-10-05,1.357727408,0,1.491999984,0,1.514000058,1.43599999,1.452000022,0,11214000
2015-10-06,1.371680617,0,1.50733304,0,1.519999981,1.426666975,1.50733304,0,10017000
2015-10-07,1.433560848,0,1.575332999,0,1.59533298,1.49000001,1.542667031,0,13086000
2015-10-08,1.460255146,0,1.604666948,0,1.605332971,1.521332979,1.557999969,0,10491000
2015-10-09,1.421427965,0,1.562000036,0,1.611999989,1.538666964,1.595999956,0,9637500
2015-10-12,1.427494645,0,1.568667054,0,1.576666951,1.54400003,1.562000036,0,3466500
2015-10-13,1.369860411,0,1.505332947,0,1.559999943,1.504667044,1.53133297,0,5832000
2015-10-14,1.524561524,0,1.675333023,0,1.714666963,1.518666983,1.533332944,0,12873000
2015-10-15,1.570061445,0,1.725332975,0,1.758666992,1.677999973,1.712666988,0,7219500
2015-10-16,1.576128244,0,1.731999993,0,1.738667011,1.690000057,1.733332992,0,3847500
2015-10-19,1.57552135,0,1.731333017,0,1.764667034,1.692667007,1.707332969,0,3388500
2015-10-20,1.568241596,0,1.723333001,0,1.743332982,1.697999954,1.721333027,0,3612000
2015-10-21,1.576735497,0,1.732666969,0,1.832000017,1.731999993,1.779999971,0,7911000
2015-10-22,1.736896515,0,1.908666968,0,1.922000051,1.807332993,1.807332993,0,9553500
2015-10-23,1.80484271,0,1.983332992,0,1.998667002,1.90466702,1.96866703,0,12801000
2015-10-26,1.69685638,0,1.864667058,0,1.959332943,1.846667051,1.956666946,0,7888500
2015-10-27,1.661669016,0,1.825999975,0,1.864667058,1.812667012,1.826666951,0,5899500
2015-10-28,1.747816563,0,1.920667052,0,1.922000051,1.842000008,1.86066699,0,7332000
2015-10-29,1.59432888,0,1.751999974,0,1.811332941,1.736667037,1.805333018,0,7363500
2015-10-30,1.634975672,0,1.79666698,0,1.813333035,1.763332963,1.763332963,0,4933500
2015-11-02,1.676229,0,1.842000008,0,1.850000024,1.804666996,1.81400001,0,4515000
2015-11-03,1.701102138,0,1.869333029,0,1.89199996,1.829332948,1.836666942,0,3586500
2015-11-04,1.719302654,0,1.88933301,0,1.899999976,1.846667051,1.875332952,0,4272000
2015-11-05,1.611921549,0,1.771332979,0,1.867333055,1.758666992,1.867333055,0,6928500
2015-11-06,1.733256459,0,1.90466702,0,1.909999967,1.799332976,1.799332976,0,7741500
2015-11-09,1.684115887,0,1.850667,0,1.890666962,1.822667003,1.890666962,0,4533000
2015-11-10,1.592508674,0,1.75,0,1.799999952,1.733332992,1.792000055,0,6873000
2015-11-11,1.596148849,0,1.753999949,0,1.812000036,1.75,1.761999965,0,6765000
2015-11-12,1.53730166,0,1.689332962,0,1.758666992,1.687332988,1.735332966,0,5874000
2015-11-13,1.494228244,0,1.64199996,0,1.703999996,1.621333003,1.684666991,0,8245500
2015-11-16,1.550041318,0,1.70333302,0,1.705332994,1.638000011,1.63933301,0,4926000
2015-11-17,1.580375433,0,1.736667037,0,1.776000023,1.702000022,1.705332994,0,5721000
2015-11-18,1.627089024,0,1.787999988,0,1.792667031,1.705332994,1.738667011,0,7293000
2015-11-19,1.638615966,0,1.800667048,0,1.847332954,1.769999981,1.797333002,0,4227000
2015-11-20,1.655601978,0,1.819332957,0,1.846667051,1.802000046,1.823333025,0,4059000
2015-11-23,1.589475751,0,1.746667027,0,1.822667003,1.743332982,1.822667003,0,4002000
2015-11-24,1.65074861,0,1.81400001,0,1.824666977,1.694000006,1.733332992,0,6042000
2015-11-25,1.654995799,0,1.818667054,0,1.846667051,1.796000004,1.822667003,0,2290500
2015-11-27,1.692002296,0,1.859333038,0,1.863999963,1.827999949,1.83533299,0,1800000
2015-11-30,1.743569255,0,1.916000009,0,1.919332981,1.855332971,1.866000056,0,4113000
2015-12-01,1.811516762,0,1.990666986,0,1.993999958,1.927332997,1.927332997,0,8346000
2015-12-02,1.78603673,0,1.962666988,0,2.029999971,1.952666998,2.001332998,0,9337500
2015-12-03,1.75266993,0,1.925999999,0,2.049999952,1.897333026,2.03133297,0,6945000
2015-12-04,1.849736929,0,2.032666922,0,2.044667006,1.909999967,1.941333055,0,6492000
2015-12-07,1.796956897,0,1.974666953,0,2.021332979,1.966667056,2.021332979,0,3729000
2015-12-08,1.753276587,0,1.926666975,0,1.94599998,1.870666981,1.893332958,0,6631500
2015-12-09,1.683508992,0,1.850000024,0,1.935333014,1.825332999,1.910666943,0,6715500
2015-12-10,1.712629199,0,1.881999969,0,1.925333023,1.850000024,1.851333022,0,5155500
2015-12-11,1.611921549,0,1.771332979,0,1.842666984,1.762666941,1.827332973,0,7531500
2015-12-14,1.580981851,0,1.737333059,0,1.790667057,1.684000015,1.768666983,0,8115000
2015-12-15,1.653781772,0,1.817332983,0,1.838667035,1.763332963,1.774000049,0,5202000
2015-12-16,1.692002296,0,1.859333038,0,1.870666981,1.771999955,1.83533299,0,5487000
2015-12-17,1.617381692,0,1.777333021,0,1.910666943,1.777333021,1.889999986,0,5890500
2015-12-18,1.560355425,0,1.714666963,0,1.766667008,1.706666946,1.74000001,0,5401500
2015-12-21,1.647108793,0,1.809999943,0,1.810667038,1.744667053,1.758000016,0,3751500
2015-12-22,1.653175831,0,1.816666961,0,1.83533299,1.773332953,1.832000017,0,2517000
2015-12-23,1.688969016,0,1.855999947,0,1.85800004,1.809999943,1.832000017,0,3277500
2015-12-24,1.706562281,0,1.875332952,0,1.894000053,1.843333006,1.847332954,0,1558500
2015-12-28,1.686542273,0,1.853332996,0,1.853332996,1.796000004,1.853332996,0,3654000
2015-12-29,1.747816563,0,1.920667052,0,1.942000031,1.867333055,1.889999986,0,5613000
2015-12-30,1.693822384,0,1.861333013,0,1.928666949,1.859333038,1.909999967,0,3543000
2015-12-31,1.624055982,0,1.784667015,0,1.845999956,1.784667015,1.837332964,0,2239500
2016-01-04,1.568848372,0,1.723999977,0,1.725332975,1.648666978,1.682667017,0,6852000
2016-01-05,1.520315289,0,1.670667052,0,1.745332956,1.666000009,1.743999958,0,7008000
2016-01-06,1.397767782,0,1.536000013,0,1.592000008,1.491333008,1.589333057,0,8817000
2016-01-07,1.25459373,0,1.378666997,0,1.482666969,1.368000031,1.419332981,0,8475000
2016-01-08,1.192713499,0,1.310667038,0,1.420667052,1.30666697,1.407999992,0,9717000
2016-01-11,1.210913897,0,1.330667019,0,1.366667032,1.276666999,1.333333015,0,9301500
2016-01-12,1.2412467,0,1.363999963,0,1.401332974,1.307332993,1.378000021,0,8331000
2016-01-13,1.123553276,0,1.234666944,0,1.394667029,1.230666995,1.366667032,0,6531000
2016-01-14,1.192713499,0,1.310667038,0,1.330667019,1.197999954,1.250666976,0,8373000
2016-01-15,1.031945825,0,1.133999944,0,1.181332946,1.080667019,1.152667046,0,12220500
2016-01-19,1.035585642,0,1.138000011,0,1.212000012,1.107332945,1.19333303,0,9246000
2016-01-20,1.055605888,0,1.159999967,0,1.195333004,1.06400001,1.093333006,0,11091000
2016-01-21,1.09928596,0,1.207999945,0,1.256000042,1.156000018,1.192000031,0,13318500
2016-01-22,1.163593054,0,1.278666973,0,1.30400002,1.254667044,1.276000023,0,12348000
2016-01-25,1.113846183,0,1.223999977,0,1.277333021,1.215999961,1.264667034,0,7657500
2016-01-26,1.146606565,0,1.25999999,0,1.288666964,1.221333027,1.243332982,0,7986000
2016-01-27,1.105959296,0,1.215332985,0,1.286000013,1.19599998,1.238000035,0,9180000
2016-01-28,1.096252799,0,1.204666972,0,1.250666976,1.177999973,1.245332956,0,6303000
2016-01-29,1.244279623,0,1.367333055,0,1.370000005,1.224666953,1.224666953,0,11986500
2016-02-01,1.263087153,0,1.388000011,0,1.408666968,1.326666951,1.338667035,0,8037000
2016-02-02,1.138112903,0,1.250666976,0,1.342666984,1.236667037,1.342666984,0,8760000
2016-02-03,1.147213459,0,1.260666966,0,1.299999952,1.182667017,1.29400003,0,9664500
2016-02-04,1.203633308,0,1.322667003,0,1.34800005,1.25733304,1.266667008,0,13746000
2016-02-05,1.081693053,0,1.188667059,0,1.310667038,1.171332955,1.310667038,0,16936500
2016-02-08,0.997972369,0,1.096667051,0,1.133332968,1.043333054,1.129333019,0,10143000
2016-02-09,0.978558421,0,1.075332999,0,1.138000011,1.047333002,1.055999994,0,6549000
2016-02-10,0.957325041,0,1.052000046,0,1.135332942,1.050667048,1.113332987,0,13690500
2016-02-11,0.935485005,0,1.027999997,0,1.047333002,0.988667011,1,0,18111000
2016-02-12,0.997365355,0,1.095999956,0,1.100667,1.019333005,1.080000043,0,14359500
2016-02-16,1.102926016,0,1.212000012,0,1.230666995,1.129333019,1.144667029,0,19578000
2016-02-17,1.181793451,0,1.298666954,0,1.30666697,1.231333017,1.237333059,0,18730500
2016-02-18,1.162986398,0,1.277999997,0,1.330667019,1.275333047,1.330000043,0,11878500
2016-02-19,1.178759575,0,1.295333028,0,1.319332957,1.269999981,1.274667025,0,7744500
2016-02-22,1.234573483,0,1.356667042,0,1.379333019,1.338000059,1.342000008,0,8479500
2016-02-23,1.174513578,0,1.290667057,0,1.34800005,1.285333037,1.326666951,0,5545500
2016-02-24,1.223653674,0,1.344666958,0,1.353332996,1.223333001,1.246667027,0,14658000
2016-02-25,1.270973921,0,1.396667004,0,1.398000002,1.312000036,1.363999963,0,9294000
2016-02-26,1.290386796,0,1.417999983,0,1.43599999,1.400666952,1.427999973,0,11154000
2016-02-29,1.283713937,0,1.410666943,0,1.483999968,1.410666943,1.440000057,0,15354000
2016-03-01,1.390487432,0,1.527999997,0,1.529332995,1.440000057,1.463333011,0,12424500
2016-03-02,1.414148092,0,1.55400002,0,1.554666996,1.511332989,1.530666947,0,8562000
2016-03-03,1.417180777,0,1.557332993,0,1.566666961,1.524667025,1.553333044,0,9262500
2016-03-04,1.462075114,0,1.606667042,0,1.645333052,1.555333018,1.591333032,0,17245500
2016-03-07,1.478455186,0,1.624667048,0,1.646000028,1.557332993,1.569332957,0,13198500
2016-03-08,1.377747536,0,1.514000058,0,1.590000033,1.509333014,1.58533299,0,13114500
2016-03-09,1.411720514,0,1.551332951,0,1.563333035,1.514667034,1.535333037,0,10950000
2016-03-10,1.430527806,0,1.572000027,0,1.616667032,1.508000016,1.575999975,0,10504500
2016-03-11,1.515460968,0,1.665333033,0,1.666000009,1.613999963,1.618000031,0,10131000
2016-03-14,1.497868299,0,1.646000028,0,1.667999983,1.628000021,1.654000044,0,10215000
2016-03-15,1.489375114,0,1.636667013,0,1.636667013,1.595999956,1.629333019,0,10891500
2016-03-16,1.530627966,0,1.682000041,0,1.688667059,1.607332945,1.623999953,0,12388500
2016-03-17,1.563995361,0,1.71866703,0,1.728667021,1.659999967,1.674000025,0,10372500
2016-03-18,1.626481891,0,1.787333012,0,1.790667057,1.713333011,1.729333043,0,9391500
2016-03-21,1.634368896,0,1.796000004,0,1.797333002,1.744667053,1.766667008,0,6912000
2016-03-22,1.630122066,0,1.79133296,0,1.808666945,1.751999974,1.775333047,0,6469500
2016-03-23,1.564601779,0,1.719333053,0,1.783332944,1.716667056,1.781999946,0,7260000
2016-03-24,1.560961604,0,1.715332985,0,1.716667056,1.658666968,1.680667043,0,10165500
2016-03-28,1.559141517,0,1.713333011,0,1.743332982,1.690000057,1.743332982,0,8259000
2016-03-29,1.6185956,0,1.778666973,0,1.787999988,1.666000009,1.69599998,0,8484000
2016-03-30,1.667128921,0,1.832000017,0,1.863332987,1.807999969,1.812000036,0,8788500
2016-03-31,1.638615966,0,1.800667048,0,1.827332973,1.797333002,1.815333009,0,6111000
2016-04-01,1.670768857,0,1.835999966,0,1.837332964,1.741999984,1.774667025,0,8401500
2016-04-04,1.624661922,0,1.785333037,0,1.838000059,1.776666999,1.835999966,0,6859500
2016-04-05,1.595541358,0,1.753332973,0,1.793333054,1.726667047,1.741999984,0,4804500
2016-04-06,1.644075871,0,1.80666697,0,1.811332941,1.706666946,1.751332998,0,7842000
2016-04-07,1.567028403,0,1.722000003,0,1.786666989,1.704666972,1.778666973,0,4113000
2016-04-08,1.590688586,0,1.748000026,0,1.79666698,1.730666995,1.77266705,0,5931000
2016-04-11,1.588261604,0,1.745332956,0,1.824666977,1.745332956,1.776000023,0,4776000
2016-04-12,1.583408594,0,1.74000001,0,1.770666957,1.672000051,1.751999974,0,6948000
2016-04-13,1.691395879,0,1.858667016,0,1.861333013,1.769999981,1.774667025,0,8346000
2016-04-14,1.650141954,0,1.813333035,0,1.822000027,1.758000016,1.808666945,0,7392000
2016-04-15,1.605855584,0,1.764667034,0,1.817332983,1.763332963,1.817332983,0,4174500
2016-04-18,1.608281493,0,1.767333031,0,1.781999946,1.733332992,1.733332992,0,5779500
2016-04-19,1.547008395,0,1.700000048,0,1.784000039,1.680667043,1.775333047,0,7656000
2016-04-20,1.592508674,0,1.75,0,1.774000049,1.686666965,1.690000057,0,6774000
2016-04-21,1.564601779,0,1.719333053,0,1.751332998,1.695333004,1.751332998,0,3598500
2016-04-22,1.573095322,0,1.728667021,0,1.774667025,1.687999964,1.723333001,0,4846500
2016-04-25,1.544581294,0,1.697332978,0,1.740666986,1.685333014,1.709332943,0,3564000
2016-04-26,1.606461763,0,1.765333056,0,1.812667012,1.725999951,1.735999942,0,5229000
2016-04-27,1.658028722,0,1.822000027,0,1.828667045,1.70866704,1.714666963,0,7045500
2016-04-28,1.524561524,0,1.675333023,0,1.820667028,1.664000034,1.784000039,0,8776500
2016-04-29,1.407474756,0,1.54666698,0,1.660666943,1.506000042,1.660666943,0,10438500
2016-05-02,1.436594725,0,1.578667045,0,1.58533299,1.521332979,1.552667022,0,4453500
2016-05-03,1.388667583,0,1.526000023,0,1.554666996,1.503999949,1.536666989,0,4360500
2016-05-04,1.338920355,0,1.471333027,0,1.523332953,1.457332969,1.486667037,0,4780500
2016-05-05,1.349234581,0,1.482666969,0,1.527333021,1.46866703,1.514000058,0,5563500
2016-05-06,1.354694486,0,1.488667011,0,1.489333034,1.428666949,1.46866703,0,3399000
2016-05-09,1.34862709,0,1.481999993,0,1.523332953,1.471333027,1.494667053,0,3502500
2016-05-10,1.398980856,0,1.537333012,0,1.538666964,1.470667005,1.49733305,0,4980000
2016-05-11,1.386240482,0,1.523332953,0,1.567332983,1.520666957,1.527999997,0,7488000
2016-05-12,1.312834263,0,1.442667007,0,1.543333054,1.406666994,1.540667057,0,8350500
2016-05-13,1.328607321,0,1.460000038,0,1.493999958,1.44599998,1.447999954,0,6027000
2016-05-16,1.390487432,0,1.527999997,0,1.559332967,1.468000054,1.469333053,0,8338500
2016-05-17,1.363187432,0,1.498000026,0,1.548666954,1.486667037,1.526666999,0,4624500
2016-05-18,1.429314852,0,1.570667028,0,1.609333038,1.469333053,1.469333053,0,10564500
2016-05-19,1.401407719,0,1.539999962,0,1.582666993,1.501999974,1.552000046,0,5457000
2016-05-20,1.531841397,0,1.683333039,0,1.687332988,1.601333022,1.616000056,0,9211500
2016-05-23,1.565208673,0,1.720000029,0,1.765333056,1.710667014,1.731333017,0,6511500
2016-05-24,1.67865634,0,1.844666958,0,1.849333048,1.75,1.75999999,0,9954000
2016-05-25,1.70838201,0,1.877333045,0,1.889999986,1.833333015,1.873332977,0,10669500
2016-05-26,1.725369573,0,1.896000028,0,1.907999992,1.870000005,1.898666978,0,4302000
2016-05-27,1.756916642,0,1.930667043,0,1.940000057,1.896000028,1.896000028,0,3603000
2016-05-31,1.785429955,0,1.962000012,0,1.968000054,1.924000025,1.946666956,0,4935000
2016-06-01,1.816369891,0,1.996000051,0,2.000667095,1.935333014,1.962666988,0,4663500
2016-06-02,1.815156698,0,1.994667053,0,1.994667053,1.957332969,1.974666953,0,3682500
2016-06-03,1.832143068,0,2.013333082,0,2.053999901,1.976667047,2.04399991,0,4863000
2016-06-06,1.818189979,0,1.998000026,0,2.048666954,1.986667037,2.025332928,0,4572000
2016-06-07,1.871577621,0,2.056667089,0,2.067332983,2.023999929,2.023999929,0,5604000
2016-06-08,1.866723657,0,2.051332951,0,2.069333076,2.034667015,2.054666996,0,4368000
2016-06-09,1.874003172,0,2.059333086,0,2.062666893,1.988667011,2.006000042,0,5599500
2016-06-10,1.779969335,0,1.95599997,0,1.993999958,1.935333014,1.993999958,0,5686500
2016-06-13,1.755702615,0,1.929332972,0,1.993999958,1.915333033,1.920667052,0,5010000
2016-06-14,1.750849485,0,1.924000025,0,1.939332962,1.871333003,1.900666952,0,6199500
2016-06-15,1.751456261,0,1.924667001,0,1.96866703,1.916000009,1.953999996,0,3606000
2016-06-16,1.749636531,0,1.922667027,0,1.927332997,1.824666977,1.855332971,0,7249500
2016-06-17,1.705955982,0,1.874667048,0,1.926666975,1.833999991,1.912667036,0,3912000
2016-06-20,1.76358974,0,1.937999964,0,2.00733304,1.934666991,1.965332985,0,5973000
2016-06-21,1.781789303,0,1.957999945,0,1.970000029,1.934666991,1.967332959,0,2568000
2016-06-22,1.773902535,0,1.949332952,0,2.013333082,1.944000006,1.95599997,0,3489000
2016-06-23,1.912223697,0,2.101332903,0,2.102667093,2.013999939,2.030667067,0,5671500
2016-06-24,1.589475751,0,1.746667027,0,1.924667001,1.730666995,1.816666961,0,11479500
2016-06-27,1.400194287,0,1.538666964,0,1.684666991,1.506667018,1.684666991,0,11446500
2016-06-28,1.512427926,0,1.661999941,0,1.671332955,1.600667,1.611999989,0,14646000
2016-06-29,1.603428602,0,1.761999965,0,1.779999971,1.702000022,1.723333001,0,9870000
2016-06-30,1.690789104,0,1.85800004,0,1.85800004,1.755332947,1.77266705,0,5794500
2016-07-01,1.636188865,0,1.797999978,0,1.824666977,1.789332986,1.804666996,0,4080000
2016-07-05,1.553681374,0,1.707332969,0,1.761332989,1.674000025,1.760666966,0,4137000
2016-07-06,1.560355425,0,1.714666963,0,1.722000003,1.620666981,1.672667027,0,6273000
2016-07-07,1.617381692,0,1.777333021,0,1.81400001,1.725999951,1.725999951,0,6213000
2016-07-08,1.753276587,0,1.926666975,0,1.928666949,1.827332973,1.829332948,0,9957000
2016-07-11,1.810909867,0,1.99000001,0,2.014667034,1.964666963,1.968000054,0,9292500
2016-07-12,1.884922862,0,2.071332932,0,2.088666916,2.036667109,2.04133296,0,6894000
2016-07-13,1.889777064,0,2.07666707,0,2.114666939,2.06533289,2.093333006,0,5205000
2016-07-14,1.931030869,0,2.121999979,0,2.140000105,2.082000017,2.134000063,0,6063000
2016-07-15,1.926783562,0,2.117332935,0,2.129333019,2.093333006,2.124666929,0,4302000
2016-07-18,2.013538599,0,2.212666988,0,2.223332882,2.179332972,2.181333065,0,5875500
2016-07-19,1.989877939,0,2.186666965,0,2.20600009,2.168667078,2.198667049,0,3187500
2016-07-20,2.085731506,0,2.292000055,0,2.310667038,2.20600009,2.211333036,0,6294000
2016-07-21,2.042051077,0,2.243999958,0,2.303999901,2.21600008,2.294667006,0,5059500
2016-07-22,2.07420373,0,2.279333115,0,2.280667067,2.180666924,2.229332924,0,5407500
2016-07-25,2.107571363,0,2.315999985,0,2.330667019,2.285332918,2.285332918,0,4806000
2016-07-26,2.364800215,0,2.598666906,0,2.618666887,2.382667065,2.382667065,0,15642000
2016-07-27,2.350239754,0,2.582667112,0,2.660666943,2.535332918,2.656666994,0,8205000
2016-07-28,2.31323266,0,2.542000055,0,2.595999956,2.504667044,2.533333063,0,5161500
2016-07-29,2.278045654,0,2.503333092,0,2.562000036,2.474667072,2.544667006,0,5205000
2016-08-01,2.290179253,0,2.516666889,0,2.544667006,2.488667011,2.536667109,0,3016500
2016-08-02,2.180371284,0,2.395999908,0,2.501332998,2.35533309,2.501332998,0,7983000
2016-08-03,2.195538998,0,2.412667036,0,2.412667036,2.354000092,2.354000092,0,4182000
2016-08-04,2.252564907,0,2.475332975,0,2.477333069,2.413332939,2.430666924,0,5209500
2016-08-05,2.338712215,0,2.569999933,0,2.575999975,2.50999999,2.522000074,0,5161500
2016-08-08,2.32900548,0,2.559333086,0,2.614000082,2.547333002,2.594000101,0,3063000
2016-08-09,2.389065981,0,2.625333071,0,2.648667097,2.574666977,2.575333118,0,3786000
2016-08-10,2.333859444,0,2.564666986,0,2.637332916,2.536000013,2.635333061,0,5244000
2016-08-11,2.367225409,0,2.601332903,0,2.609999895,2.556667089,2.583333015,0,2359500
2016-08-12,2.397559881,0,2.63466692,0,2.652667046,2.599999905,2.599999905,0,4086000
2016-08-15,2.497053623,0,2.743999958,0,2.762666941,2.656666994,2.659332991,0,4903500
2016-08-16,2.443666458,0,2.685333014,0,2.74000001,2.675333023,2.74000001,0,2446500
2016-08-17,2.442453146,0,2.684000015,0,2.694000006,2.640000105,2.694000006,0,3484500
2016-08-18,2.496446848,0,2.743333101,0,2.743333101,2.670666933,2.670666933,0,3172500
2016-08-19,2.561360598,0,2.814666986,0,2.833333015,2.744667053,2.75266695,0,4912500
2016-08-22,2.564393997,0,2.818000078,0,2.840667009,2.782666922,2.805999994,0,3501000
2016-08-23,2.605647087,0,2.863332987,0,2.897332907,2.854666948,2.857332945,0,4677000
2016-08-24,2.538306952,0,2.789333105,0,2.878667116,2.763999939,2.863332987,0,4705500
2016-08-25,2.569247007,0,2.823333025,0,2.859333038,2.761332989,2.821332932,0,3475500
2016-08-26,2.605041027,0,2.862667084,0,2.92333293,2.799999952,2.841332912,0,3075000
2016-08-29,2.631734848,0,2.89199996,0,2.927333117,2.879333019,2.879333019,0,5029500
2016-08-30,2.608680964,0,2.866667032,0,2.943332911,2.843333006,2.897332907,0,4834500
2016-08-31,2.610500813,0,2.868666887,0,2.881333113,2.822666883,2.871999979,0,2962500
2016-09-01,2.679054499,0,2.944000006,0,2.944000006,2.828666925,2.874000072,0,5970000
2016-09-02,2.664494276,0,2.927999973,0,2.977999926,2.888667107,2.977999926,0,4899000
2016-09-06,2.642047405,0,2.903332949,0,2.976666927,2.861332893,2.976666927,0,2661000
2016-09-07,2.58380723,0,2.839333057,0,2.924000025,2.825333118,2.911333084,0,4519500
2016-09-08,2.572281122,0,2.82666707,0,2.847332954,2.775332928,2.813333035,0,4620000
2016-09-09,2.288965225,0,2.515332937,0,2.763333082,2.501332998,2.763333082,0,7638000
2016-09-12,2.426073313,0,2.665999889,0,2.67333293,2.43333292,2.460666895,0,7582500
2016-09-13,2.355699539,0,2.588666916,0,2.692667007,2.552000046,2.620666981,0,4434000
2016-09-14,2.423040628,0,2.662667036,0,2.680666924,2.564666986,2.596667051,0,5754000
2016-09-15,2.590481281,0,2.846667051,0,2.861999989,2.662667036,2.676000118,0,11305500
2016-09-16,2.591694355,0,2.84800005,0,2.925333023,2.782666922,2.920000076,0,5265000
2016-09-19,2.604433537,0,2.861999989,0,2.984667063,2.830667019,2.913332939,0,5494500
2016-09-20,2.571674585,0,2.825999975,0,2.913332939,2.798666954,2.901333094,0,3736500
2016-09-21,2.672381878,0,2.936666965,0,2.947999954,2.825333118,2.862667084,0,3955500
2016-09-22,2.703321457,0,2.970666885,0,3.025332928,2.941999912,2.986666918,0,4545000
2016-09-23,2.617174387,0,2.875999928,0,2.964667082,2.863332987,2.964667082,0,2404500
2016-09-26,2.535881042,0,2.786667109,0,2.841332912,2.756000042,2.82666707,0,2850000
2016-09-27,2.672381878,0,2.936666965,0,2.937333107,2.766666889,2.779999971,0,4380000
2016-09-28,2.689974546,0,2.95600009,0,3,2.900000095,2.954667091,0,4860000
2016-09-29,2.788861513,0,3.064666986,0,3.118000031,2.859999895,2.95600009,0,12943500
2016-09-30,2.918689013,0,3.207333088,0,3.266000032,3.125999928,3.131999969,0,7447500
2016-10-03,2.858022928,0,3.140666962,0,3.272666931,3.125333071,3.213332891,0,3537000
2016-10-04,2.836182356,0,3.116667032,0,3.209332943,3.083333015,3.191999912,0,4381500
2016-10-05,2.902308464,0,3.189332962,0,3.253333092,3.132667065,3.146667004,0,3516000
2016-10-06,2.952662706,0,3.244667053,0,3.249332905,3.122667074,3.192667007,0,4366500
2016-10-07,2.935676098,0,3.226000071,0,3.285332918,3.141333103,3.266000032,0,4740000
2016-10-10,2.891995668,0,3.177999973,0,3.312666893,3.176000118,3.274667025,0,4125000
2016-10-11,2.711207151,0,2.979332924,0,3.165333033,2.894000053,3.163332939,0,11005500
2016-10-12,2.680875301,0,2.946000099,0,2.979332924,2.86066699,2.979332924,0,4563000
2016-10-13,2.58380723,0,2.839333057,0,2.870666981,2.698667049,2.86533308,0,7308000
2016-10-14,2.646901846,0,2.908667088,0,3.006666899,2.898667097,2.943332911,0,8758500
2016-10-17,2.602007389,0,2.859333038,0,2.946666956,2.856667042,2.89466691,0,3201000
2016-10-18,2.697254181,0,2.963999987,0,2.996666908,2.938667059,2.992000103,0,3852000
2016-10-19,2.657214642,0,2.920000076,0,2.934000015,2.839333057,2.884000063,0,4539000
2016-10-20,2.714241982,0,2.982666969,0,3.012000084,2.851999998,2.914666891,0,4458000
2016-10-21,2.692402601,0,2.95866704,0,2.969332933,2.873332977,2.905999899,0,3619500
2016-10-24,2.84224844,0,3.123332977,0,3.127332926,3.020667076,3.026667118,0,4044000
2016-10-25,2.835575581,0,3.115999937,0,3.157332897,3.095999956,3.151333094,0,4288500
2016-10-26,2.819195271,0,3.09800005,0,3.155999899,3.04133296,3.056667089,0,4497000
2016-10-27,2.781582117,0,3.056667089,0,3.21600008,3.044667006,3.190666914,0,4950000
2016-10-28,2.733654976,0,3.003999949,0,3.149333,2.99000001,3.064666986,0,5382000
2016-10-31,2.77672863,0,3.051332951,0,3.093333006,3.035332918,3.063999891,0,2971500
2016-11-01,2.698468447,0,2.965332985,0,3.122667074,2.864000082,3.077332973,0,5791500
2016-11-02,2.64447403,0,2.905999899,0,3.026000023,2.882667065,2.974667072,0,6438000
2016-11-03,2.626881838,0,2.886667013,0,2.969332933,2.858666897,2.920000076,0,5181000
2016-11-04,2.580773592,0,2.835999966,0,2.914666891,2.775332928,2.834000111,0,2907000
2016-11-07,2.804028511,0,3.081332922,0,3.084666967,2.960666895,2.99733305,0,3789000
2016-11-08,2.82222867,0,3.101332903,0,3.155333042,3.023999929,3.086667061,0,4149000
2016-11-09,2.777335167,0,3.052000046,0,3.083333015,2.846667051,2.886667013,0,8143500
2016-11-10,2.603221416,0,2.86066699,0,3.170666933,2.768666983,3.121999979,0,11700000
2016-11-11,2.896849155,0,3.18333292,0,3.198667049,2.953332901,2.95600009,0,8976000
2016-11-14,2.848315716,0,3.130000114,0,3.235332966,3.104666948,3.200000048,0,3526500
2016-11-15,3.012723207,0,3.310667038,0,3.333333015,3.145999908,3.185333014,0,5700000
2016-11-16,3.117069721,0,3.425333023,0,3.43333292,3.286000013,3.296000004,0,6178500
2016-11-17,3.218990088,0,3.537333012,0,3.584666967,3.403332949,3.520667076,0,4744500
2016-11-18,3.285118341,0,3.609999895,0,3.624666929,3.513999939,3.555999994,0,3157500
2016-11-21,3.328798056,0,3.657999992,0,3.696000099,3.604666948,3.640666962,0,4183500
2016-11-22,3.462265491,0,3.804666996,0,3.811332941,3.729332924,3.763333082,0,5646000
2016-11-23,3.476219177,0,3.819999933,0,3.838000059,3.747999907,3.79133296,0,3952500
2016-11-25,3.490779161,0,3.835999966,0,3.855999947,3.784667015,3.855999947,0,1351500
2016-11-28,3.461659193,0,3.803999901,0,3.852667093,3.78133297,3.81666708,0,2221500
2016-11-29,3.441638708,0,3.782000065,0,3.843333006,3.724667072,3.788000107,0,1993500
2016-11-30,3.379757881,0,3.713999987,0,3.801332951,3.709332943,3.787333012,0,1819500
2016-12-01,2.879862547,0,3.164666891,0,3.70866704,3.104666948,3.700666904,0,10963500
2016-12-02,2.99148941,0,3.287333012,0,3.300667048,3.119999886,3.15199995,0,6096000
2016-12-05,3.100689411,0,3.407332897,0,3.436666965,3.303999901,3.369999886,0,6199500
2016-12-06,3.229305029,0,3.548666954,0,3.558666945,3.440666914,3.441999912,0,4474500
2016-12-07,3.433751345,0,3.773333073,0,3.793333054,3.504667044,3.533333063,0,6499500
2016-12-08,3.521719456,0,3.869999886,0,3.930000067,3.782666922,3.782666922,0,7072500
2016-12-09,3.477431536,0,3.821332932,0,3.986000061,3.74266696,3.980000019,0,5371500
2016-12-12,3.398565054,0,3.734667063,0,3.796667099,3.640666962,3.774667025,0,3918000
2016-12-13,3.513226032,0,3.86066699,0,3.937333107,3.754667044,3.786667109,0,6130500
2016-12-14,3.505339861,0,3.851999998,0,3.926000118,3.811332941,3.866667032,0,5143500
2016-12-15,3.689766645,0,4.054666996,0,4.104667187,3.877332926,3.888000011,0,7221000
2016-12-16,3.56964612,0,3.922667027,0,4.145332813,3.871999979,4.133333206,0,4263000
2016-12-19,3.680666924,0,4.044666767,0,4.090000153,3.946666956,4,0,4107000
2016-12-20,3.783893108,0,3.96866703,0.184267,3.996000051,3.919332981,3.996000051,0,5374500
2016-12-21,3.783893108,0,3.96866703,0,4.017333031,3.952666998,4.000667095,0,2376000
2016-12-22,3.84491396,0,4.03266716,0,4.128666878,3.982666969,4.111332893,0,3078000
2016-12-23,3.902120113,0,4.092667103,0,4.096000195,3.994667053,4.006667137,0,1362000
2016-12-27,4.044500828,0,4.242000103,0,4.265999794,4.099999905,4.104000092,0,4866000
2016-12-28,3.809317827,0,3.995332956,0,4.328000069,3.989332914,4.325333118,0,8050500
2016-12-29,3.808683395,0,3.994667053,0,3.996666908,3.868000031,3.955332994,0,5998500
2016-12-30,3.629435539,0,3.806667089,0,4.097332954,3.773333073,4.079999924,0,5214000
2017-01-03,3.635156631,0,3.812666893,0,3.977333069,3.712666988,3.908667088,0,6211500
2017-01-04,3.668208599,0,3.847332954,0,3.897332907,3.790667057,3.864000082,0,3565500
2017-01-05,3.567143202,0,3.741333008,0,3.910000086,3.722666979,3.857332945,0,3568500
2017-01-06,3.652953863,0,3.831332922,0,3.861332893,3.689332962,3.767333031,0,4870500
2017-01-09,3.770545006,0,3.954667091,0,4.000667095,3.865999937,3.866667032,0,5397000
2017-01-10,3.827751637,0,4.014667034,0,4.039332867,3.946000099,3.953332901,0,3775500
2017-01-11,3.863982677,0,4.052667141,0,4.052667141,3.963999987,4.00266695,0,3205500
2017-01-12,3.764187574,0,3.947999954,0,4.026000023,3.768666983,4.026000023,0,5007000
2017-01-13,3.835379362,0,4.022666931,0,4.056000233,3.948667049,3.960000038,0,4092000
2017-01-17,3.651046991,0,3.829333067,0,3.985332966,3.790667057,3.985332966,0,4072500
2017-01-18,3.803596735,0,3.989332914,0,3.996666908,3.839999914,3.840667009,0,3651000
2017-01-19,3.751476288,0,3.93466711,0,4.06666708,3.925333023,3.931999922,0,2694000
2017-01-20,3.897034645,0,4.087333202,0,4.156667233,4.03399992,4.039999962,0,4134000
2017-01-23,3.820124626,0,4.006667137,0,4.065999985,3.914000034,4.027332783,0,4033500
2017-01-24,4.047044277,0,4.244667053,0,4.259333134,4.051332951,4.051332951,0,4725000
2017-01-25,4.225018501,0,4.431333065,0,4.459332943,4.313333035,4.409333229,0,5010000
2017-01-26,4.151286125,0,4.354000092,0,4.458000183,4.295332909,4.447999954,0,3685500
2017-01-27,4.308920383,0,4.519332886,0,4.520667076,4.415999889,4.423999786,0,3610500
2017-01-30,4.240273476,0,4.447332859,0,4.452667236,4.278666973,4.449333191,0,7095000
2017-01-31,4.075010777,0,4.274000168,0,4.38466692,4.193333149,4.372666836,0,6417000
2017-02-01,4.268876553,0,4.477333069,0,4.489333153,4.346000195,4.441332817,0,5668500
2017-02-02,4.258070469,0,4.46600008,0,4.516666889,4.311333179,4.386666775,0,4839000
2017-02-03,4.331803799,0,4.543333054,0,4.564667225,4.490666866,4.527999878,0,2787000
2017-02-06,4.376932621,0,4.590666771,0,4.59800005,4.485332966,4.575333118,0,4750500
2017-02-07,4.425241947,0,4.641333103,0,4.689332962,4.56400013,4.665999889,0,4060500
2017-02-08,4.446853161,0,4.664000034,0,4.722000122,4.592667103,4.693333149,0,3667500
2017-02-09,4.330532551,0,4.541999817,0,4.688666821,4.522666931,4.688666821,0,5070000
2017-02-10,4.320362568,0,4.53133297,0,4.638000011,4.395999908,4.638000011,0,5946000
2017-02-13,4.350872517,0,4.563333035,0,4.655333042,4.539332867,4.579332829,0,4624500
2017-02-14,4.305109024,0,4.515333176,0,4.559999943,4.440667152,4.547332764,0,3199500
2017-02-15,4.412529469,0,4.627999783,0,4.642000198,4.488667011,4.539332867,0,3541500
2017-02-16,4.429056168,0,4.645332813,0,4.672667027,4.561333179,4.643332958,0,2700000
2017-02-17,4.500245571,0,4.71999979,0,4.71999979,4.524666786,4.588666916,0,3577500
2017-02-21,4.693476677,0,4.922667027,0,4.924666882,4.787333012,4.812666893,0,4737000
2017-02-22,4.694112301,0,4.923333168,0,4.944666862,4.861999989,4.926000118,0,2751000
2017-02-23,4.460837364,0,4.678667068,0,4.888667107,4.585999966,4.874667168,0,7501500
2017-02-24,4.4532094,0,4.670667171,0,4.671999931,4.406000137,4.452000141,0,5176500
2017-02-27,4.581606388,0,4.805333138,0,4.810667038,4.642666817,4.679999828,0,3328500
2017-02-28,4.404265881,0,4.61933279,0,4.826666832,4.587999821,4.826666832,0,4711500
2017-03-01,4.610844612,0,4.835999966,0,4.853332996,4.650000095,4.793333054,0,4848000
2017-03-02,4.467828274,0,4.68599987,0,4.901332855,4.671999931,4.874000072,0,4126500
2017-03-03,4.459565639,0,4.677332878,0,4.700666904,4.592000008,4.693333149,0,3142500
2017-03-06,4.466558456,0,4.68466711,0,4.710000038,4.519999981,4.602666855,0,3381000
2017-03-07,4.497702599,0,4.71733284,0,4.808000088,4.618667126,4.658667088,0,4263000
2017-03-08,4.530756474,0,4.751999855,0,4.864666939,4.720666885,4.785333157,0,4267500
2017-03-09,4.552367687,0,4.774666786,0,4.800000191,4.660666943,4.739333153,0,2389500
2017-03-10,4.709368229,0,4.939332962,0,4.971333027,4.858666897,4.858666897,0,4827000
2017-03-13,4.818696022,0,5.053999901,0,5.057332993,4.957333088,4.980667114,0,4614000
2017-03-14,4.774201393,0,5.007332802,0,5.010666847,4.880000114,5.004666805,0,4156500
2017-03-15,4.889886379,0,5.128666878,0,5.153999805,4.953332901,5.043333054,0,4375500
2017-03-16,4.870818138,0,5.108666897,0,5.196000099,5.078000069,5.196000099,0,2938500
2017-03-17,4.897513866,0,5.136666775,0,5.168000221,5.098667145,5.156667233,0,2268000
2017-03-20,5.00684166,0,5.251333237,0,5.307332993,5.133333206,5.164000034,0,3282000
2017-03-21,4.658516884,0,4.886000156,0,5.326000214,4.853332996,5.317333221,0,8511000
2017-03-22,4.807253361,0,5.041999817,0,5.055333138,4.844666958,4.892666817,0,4558500
2017-03-23,4.770388603,0,5.003333092,0,5.073999882,4.962666988,5.039999962,0,3840000
2017-03-24,4.870818138,0,5.108666897,0,5.294000149,5.052667141,5.211999893,0,5841000
2017-03-27,4.896243095,0,5.135333061,0,5.171332836,4.898666859,4.939332962,0,7363500
2017-03-28,4.945186138,0,5.186666965,0,5.242000103,5.090000153,5.165332794,0,4147500
2017-03-29,4.903869152,0,5.143332958,0,5.186666965,5.099999905,5.186666965,0,3456000
2017-03-30,4.987771988,0,5.231332779,0,5.259333134,5.13466692,5.13466692,0,5355000
2017-03-31,4.978238106,0,5.221333027,0,5.300000191,5.166666985,5.243999958,0,3334500
2017-04-03,4.891793728,0,5.13066721,0,5.273333073,5.026000023,5.251333237,0,4821000
2017-04-04,4.81678915,0,5.052000046,0,5.150000095,5.000667095,5.035333157,0,3976500
2017-04-05,4.712545872,0,4.942667007,0,5.193333149,4.93333292,5.108666897,0,5608500
2017-04-06,4.730341911,0,4.961332798,0,4.995333195,4.814667225,4.939332962,0,5905500
2017-04-07,4.793270111,0,5.027332783,0,5.071332932,4.93200016,4.96333313,0,2850000
2017-04-10,4.682037354,0,4.910666943,0,5.041333199,4.874000072,5.03133297,0,3631500
2017-04-11,4.568257809,0,4.791333199,0,4.850667,4.57066679,4.850667,0,7803000
2017-04-12,4.327355385,0,4.538667202,0,4.768000126,4.510000229,4.760666847,0,8232000
2017-04-13,4.244086266,0,4.451333046,0,4.653999805,4.447999954,4.469333172,0,4864500
2017-04-17,4.409985542,0,4.625332832,0,4.626667023,4.492667198,4.492667198,0,5293500
2017-04-18,4.462744236,0,4.680666924,0,4.691999912,4.53000021,4.561333179,0,3120000
2017-04-19,4.535842419,0,4.757332802,0,4.886666775,4.733333111,4.791999817,0,3657000
2017-04-20,4.753225327,0,4.985332966,0,5.006667137,4.792666912,4.861332893,0,5005500
2017-04-21,4.686484814,0,4.915332794,0,4.946000099,4.792666912,4.936666965,0,5757000
2017-04-24,4.887978077,0,5.126667023,0,5.173333168,5.061999798,5.129333019,0,7372500
2017-04-25,5.040528774,0,5.28666687,0,5.307332993,5.162000179,5.225999832,0,4311000
2017-04-26,4.910861492,0,5.150667191,0,5.28399992,5.094666958,5.268000126,0,5542500
2017-04-27,5.119981766,0,5.369999886,0,5.389999866,5.224667072,5.261332989,0,5331000
2017-04-28,4.85874033,0,5.096000195,0,5.328667164,5.050000191,5.328667164,0,7579500
2017-05-01,5.000484943,0,5.244667053,0,5.25,5.055333138,5.153333187,0,5449500
2017-05-02,4.839671612,0,5.076000214,0,5.199999809,4.993332863,5.199999809,0,4305000
2017-05-03,4.893062592,0,5.131999969,0,5.153999805,4.998000145,5.013332844,0,2863500
2017-05-04,4.880985737,0,5.11933279,0,5.173333168,5.058667183,5.153333187,0,2571000
2017-05-05,4.933107853,0,5.173999786,0,5.179999828,5.038667202,5.159333229,0,2940000
2017-05-08,4.878444195,0,5.116666794,0,5.197332859,5.084667206,5.161333084,0,1861500
2017-05-09,5.026545048,0,5.271999836,0,5.310667038,5.116666794,5.116666794,0,4875000
2017-05-10,5.344995022,0,5.605999947,0,5.633333206,5.447999954,5.450666904,0,6981000
2017-05-11,5.399023533,0,5.662666798,0,5.739333153,5.450666904,5.56533289,0,3789000
2017-05-12,5.447966576,0,5.714000225,0,5.734666824,5.617332935,5.68466711,0,3030000
2017-05-15,5.697768688,0,5.975999832,0,5.987999916,5.736667156,5.753333092,0,3984000
2017-05-16,5.952019691,0,6.242667198,0,6.243999958,5.975999832,6.041999817,0,4143000
2017-05-17,5.170833111,0,5.423333168,0,6.057332993,5.423333168,5.996666908,0,14551500
2017-05-18,5.46703577,0,5.734000206,0,5.776667118,5.400000095,5.480000019,0,12283500
2017-05-19,5.64691925,0,5.922667027,0,5.979332924,5.873332977,5.893332958,0,6928500
2017-05-22,5.827436447,0,6.111999989,0,6.118667126,5.989999771,6.007999897,0,5236500
2017-05-23,5.760059834,0,6.041333199,0,6.133333206,5.888000011,6.125332832,0,4482000
2017-05-24,5.867480755,0,6.153999805,0,6.188666821,6.073332787,6.139999866,0,3240000
2017-05-25,5.966004372,0,6.257332802,0,6.315999985,6.133333206,6.240666866,0,3831000
2017-05-26,6.037829876,0,6.332666874,0,6.336667061,6.116000175,6.256000042,0,4323000
2017-05-30,6.1585989,0,6.459332943,0,6.505332947,6.326000214,6.328667164,0,4041000
2017-05-31,6.156693459,0,6.457333088,0,6.632667065,6.361332893,6.59800005,0,6340500
2017-06-01,6.171947479,0,6.473332882,0,6.519999981,6.357333183,6.486000061,0,3088500
2017-06-02,6.355644226,0,6.665999889,0,6.696667194,6.448667049,6.58533287,0,5817000
2017-06-05,6.410944462,0,6.723999977,0,6.822667122,6.646667004,6.667333126,0,4200000
2017-06-06,6.474506855,0,6.790667057,0,6.920667171,6.614666939,6.633999825,0,5025000
2017-06-07,6.626420498,0,6.949999809,0,7.015999794,6.829999924,6.868667126,0,6444000
2017-06-08,6.973474503,0,7.31400013,0,7.319333076,6.922667027,7.084667206,0,7707000
2017-06-09,6.09440136,0,6.392000198,0,7.538667202,5.962666988,7.466667175,0,32179500
2017-06-12,5.992065907,0,6.284667015,0,6.284667015,5.745333195,6.127999783,0,22534500
2017-06-13,6.107747555,0,6.406000137,0,6.599999905,6.171332836,6.596666813,0,14511000
2017-06-14,5.91070509,0,6.199333191,0,6.527332783,5.996666908,6.482666969,0,11181000
2017-06-15,5.768323421,0,6.050000191,0,6.114666939,5.869999886,5.875999928,0,8821500
2017-06-16,5.701582909,0,5.980000019,0,6.196000099,5.926000118,6.068666935,0,8154000
2017-06-19,6.026388645,0,6.32066679,0,6.349999905,6.162000179,6.165332794,0,11425500
2017-06-20,5.826165676,0,6.110667229,0,6.443999767,6.102666855,6.393332958,0,8809500
2017-06-21,6.024482727,0,6.318666935,0,6.326666832,6.116666794,6.193999767,0,6385500
2017-06-22,5.979352474,0,6.271333218,0,6.356667042,6.18333292,6.351333141,0,7081500
2017-06-23,6.034651279,0,6.329332829,0,6.43333292,6.214666843,6.24733305,0,5433000
2017-06-26,5.884643555,0,6.171999931,0,6.540667057,6.06666708,6.483333111,0,11284500
2017-06-27,5.409193516,0,5.673333168,0,6.072000027,5.666666985,6.046667099,0,13833000
2017-06-28,5.68569088,0,5.96333313,0,5.986667156,5.605332851,5.791333199,0,9801000
2017-06-29,5.259185314,0,5.515999794,0,5.881332874,5.276667118,5.838666916,0,18418500
2017-06-30,5.18036747,0,5.43333292,0,5.654666901,5.356667042,5.57066679,0,8343000
2017-07-03,4.957897663,0,5.199999809,0,5.584000111,5.199999809,5.53133297,0,6811500
2017-07-05,5.272532463,0,5.53000021,0,5.550000191,5.266666889,5.266666889,0,9180000
2017-07-06,5.202615261,0,5.456666946,0,5.595333099,5.293333054,5.337999821,0,8092500
2017-07-07,5.458137512,0,5.724667072,0,5.791999817,5.50266695,5.567333221,0,7816500
2017-07-10,5.653910637,0,5.929999828,0,5.966667175,5.685332775,5.787333012,0,6774000
2017-07-11,5.786757469,0,6.069333076,0,6.078667164,5.860000134,5.918000221,0,7659000
2017-07-12,6.062620163,0,6.358666897,0,6.397999763,6.177332878,6.233333111,0,14623500
2017-07-13,6.011769295,0,6.305333138,0,6.507999897,6.239999771,6.397333145,0,13311000
2017-07-14,6.252036095,0,6.557332993,0,6.561333179,6.352666855,6.399333,0,9894000
2017-07-17,6.171947479,0,6.473332882,0,6.623332977,6.402667046,6.604000092,0,8266500
2017-07-18,6.229789257,0,6.53399992,0,6.53399992,6.282000065,6.355999947,0,5998500
2017-07-19,6.396959305,0,6.709332943,0,6.714000225,6.573999882,6.633333206,0,6400500
2017-07-20,6.452258587,0,6.767333031,0,6.795332909,6.549333096,6.732666969,0,5653500
2017-07-21,6.286995411,0,6.593999863,0,6.631332874,6.487999916,6.613999844,0,6243000
2017-07-24,6.22533989,0,6.529333115,0,6.613333225,6.496666908,6.611999989,0,5100000
2017-07-25,6.221524715,0,6.525332928,0,6.565999985,6.315999985,6.499332905,0,6889500
2017-07-26,6.407128334,0,6.71999979,0,6.82066679,6.616000175,6.668000221,0,7546500
2017-07-27,6.117920399,0,6.416666985,0,6.820000172,6.187333107,6.789999962,0,19879500
2017-07-28,6.058170319,0,6.354000092,0,6.426000118,6.254000187,6.318666935,0,4975500
2017-07-31,5.922144413,0,6.211332798,0,6.452667236,6.150000095,6.366666794,0,6486000
2017-08-01,6.0213027,0,6.31533289,0,6.31533289,6.159999847,6.256000042,0,4021500
2017-08-02,5.892907619,0,6.180666924,0,6.46333313,6.046667099,6.419332981,0,8943000
2017-08-03,5.82298708,0,6.107333183,0,6.225333214,6.016666889,6.175333023,0,5614500
2017-08-04,5.829343319,0,6.113999844,0,6.260000229,6.062666893,6.138000011,0,3673500
2017-08-07,6.132537842,0,6.43200016,0,6.438000202,6.155333042,6.156000137,0,6843000
2017-08-08,6.068340302,0,6.364666939,0,6.597332954,6.300000191,6.428667068,0,6391500
2017-08-09,6.008590698,0,6.302000046,0,6.323332787,6.133333206,6.201333046,0,4788000
2017-08-10,5.507080555,0,5.776000023,0,6.197332859,5.766666889,6.170667171,0,10722000
2017-08-11,5.597973824,0,5.871333122,0,5.906667233,5.657332897,5.710667133,0,5586000
2017-08-14,6.03147459,0,6.326000214,0,6.344666958,6.079999924,6.079999924,0,6805500
2017-08-15,6.075967312,0,6.372666836,0,6.407332897,6.234000206,6.386000156,0,3964500
2017-08-16,6.103299141,0,6.401332855,0,6.478000164,6.305333138,6.427332878,0,4659000
2017-08-17,5.617043495,0,5.891333103,0,6.36533308,5.891333103,6.28000021,0,8376000
2017-08-18,5.668530464,0,5.945333004,0,6.076666832,5.846000195,6.006667137,0,5275500
2017-08-21,5.54712534,0,5.81799984,0,5.969333172,5.690000057,5.966667175,0,6723000
2017-08-22,5.810274601,0,6.093999863,0,6.130000114,5.93333292,5.959332943,0,4810500
2017-08-23,5.88718605,0,6.174666882,0,6.221333027,5.883333206,5.943999767,0,4038000
2017-08-24,5.88019371,0,6.167333126,0,6.266666889,6.058667183,6.266666889,0,3655500
2017-08-25,5.792477608,0,6.075333118,0,6.266666889,6.039999962,6.21733284,0,3156000
2017-08-28,5.83760643,0,6.122666836,0,6.145999908,6.028666973,6.093332767,0,2274000
2017-08-29,5.878922939,0,6.165999889,0,6.206666946,5.888000011,5.891333103,0,3357000
2017-08-30,6.178303719,0,6.480000019,0,6.5,6.193999767,6.21333313,0,6849000
2017-08-31,6.359456539,0,6.670000076,0,6.691332817,6.506667137,6.563333035,0,6339000
2017-09-01,6.442726135,0,6.757332802,0,6.861332893,6.701333046,6.75,0,4966500
2017-09-05,6.170039654,0,6.471333027,0,6.708000183,6.300000191,6.619999886,0,7698000
2017-09-06,6.206906796,0,6.510000229,0,6.594666958,6.407999992,6.561333179,0,3603000
2017-09-07,6.235509872,0,6.539999962,0,6.613999844,6.452667236,6.56666708,0,2992500
2017-09-08,6.004777908,0,6.297999859,0,6.533332825,6.233333111,6.500667095,0,4530000
2017-09-11,6.35691452,0,6.667333126,0,6.708000183,6.447999954,6.460000038,0,6217500
2017-09-12,6.442089081,0,6.756667137,0,6.813333035,6.636000156,6.756000042,0,4447500
2017-09-13,6.468150139,0,6.78399992,0,6.840000153,6.636666775,6.697999954,0,3481500
2017-09-14,6.558410645,0,6.878666878,0,6.993332863,6.667333126,6.690000057,0,4311000
2017-09-15,6.890841484,0,7.227333069,0,7.253333092,6.921999931,6.93333292,0,6129000
2017-09-18,7.164162159,0,7.513999939,0,7.651332855,7.357333183,7.361332893,0,7929000
2017-09-19,7.238531113,0,7.592000008,0,7.671332836,7.438000202,7.588666916,0,4869000
2017-09-20,6.933429241,0,7.271999836,0,7.609333038,6.978000164,7.609333038,0,12088500
2017-09-21,6.848889828,0,7.18333292,0,7.263999939,6.991333008,7.254666805,0,4734000
2017-09-22,6.946778297,0,7.285999775,0,7.31799984,7.067333221,7.08533287,0,3871500
2017-09-25,6.542518616,0,6.861999989,0,7.185332775,6.763332844,7.172667027,0,10708500
2017-09-26,6.531076908,0,6.849999905,0,7.097332954,6.775332928,7.081999779,0,7134000
2017-09-27,6.98872757,0,7.329999924,0,7.410666943,7.048666954,7.067333221,0,7663500
2017-09-28,7.145729542,0,7.494667053,0,7.495333195,7.243332863,7.310667038,0,4728000
2017-09-29,7.326247215,0,7.684000015,0,7.702000141,7.462666988,7.545332909,0,6090000
2017-10-02,7.453374863,0,7.817333221,0,7.928667068,7.659333229,7.751999855,0,6615000
2017-10-03,7.527106285,0,7.894667149,0,7.959332943,7.778666973,7.866000175,0,4030500
2017-10-04,7.576685429,0,7.946667194,0,7.946667194,7.725999832,7.866666794,0,4509000
2017-10-05,7.592575073,0,7.96333313,0,8.062666893,7.832666874,8.034000397,0,4539000
2017-10-06,7.691097736,0,8.066666603,0,8.066666603,7.833333015,7.833333015,0,2910000
2017-10-09,7.851912975,0,8.235333443,0,8.266667366,8.127332687,8.149333,0,4219500
2017-10-10,8.004464149,0,8.39533329,0,8.437333107,8.139332771,8.43200016,0,5818500
2017-10-11,8.161464691,0,8.56000042,0,8.56400013,8.300000191,8.307999611,0,4752000
2017-10-12,8.078831673,0,8.473333359,0,8.646666527,8.453332901,8.533332825,0,4723500
2017-10-13,8.237737656,0,8.640000343,0,8.723333359,8.522000313,8.548666954,0,4167000
2017-10-16,8.355964661,0,8.763999939,0,8.765333176,8.583333015,8.733332634,0,4827000
2017-10-17,8.33753109,0,8.744667053,0,8.759332657,8.60466671,8.758000374,0,2974500
2017-10-18,8.419528008,0,8.830666542,0,8.870667458,8.477999687,8.789999962,0,6814500
2017-10-19,8.345794678,0,8.753333092,0,8.759332657,8.343999863,8.59666729,0,7495500
2017-10-20,8.465929031,0,8.879332542,0,9.017333031,8.84666729,8.923333168,0,4353000
2017-10-23,8.601951599,0,9.022000313,0,9.165332794,8.885333061,9.005999565,0,7243500
2017-10-24,8.777386665,0,9.206000328,0,9.236666679,8.982000351,9.09666729,0,5085000
2017-10-25,8.434782028,0,8.84666729,0,9.130000114,8.568667412,9.034000397,0,12625500
2017-10-26,8.586060524,0,9.005332947,0,9.053333282,8.856666565,8.892000198,0,5766000
2017-10-27,9.112360954,0,9.557332993,0,9.599332809,9.061332703,9.233332634,0,9070500
2017-10-30,9.198171616,0,9.647333145,0,9.761333466,9.233332634,9.233332634,0,7716000
2017-10-31,9.404748917,0,9.86400032,0,9.956000328,9.638667107,9.733332634,0,5248500
2017-11-01,9.317033768,0,9.772000313,0,10.11999989,9.506667137,10.11133289,0,7902000
2017-11-02,9.440342903,0,9.901332855,0,9.979999542,9.58133316,9.784000397,0,6831000
2017-11-03,9.943760872,0,10.42933273,0,10.43266678,9.803333282,10.00866699,0,11805000
2017-11-06,10.36709404,0,10.87333298,0,10.88333321,10.5,10.69799995,0,10276500
2017-11-07,10.33848858,0,10.84333324,0,10.91066742,10.61733341,10.82933331,0,8470500
2017-11-08,10.44273281,0,10.95266724,0,10.97000027,10.67599964,10.76666737,0,5565000
2017-11-09,9.807106018,0,10.28600025,0,10.66066742,9.889332771,10.63133335,0,17956500
2017-11-10,9.993341446,0,10.48133278,0,10.51066685,10.29266739,10.36733341,0,6489000
2017-11-13,10.07470322,0,10.5666666,0,10.61266708,10.26666737,10.32066727,0,5070000
2017-11-14,10.04673576,0,10.53733253,0,10.6346674,10.30133343,10.48866653,0,6117000
2017-11-15,9.780407906,0,10.25800037,0,10.39599991,10,10.26133347,0,8970000
2017-11-16,10.22089863,0,10.72000027,0,10.84666729,10.39999962,10.39999962,0,7363500
2017-11-17,10.08550835,0,10.57800007,0,10.91266727,10.52666664,10.87866688,0,6295500
2017-11-20,10.44146061,0,10.95133305,0,11.0073328,10.66133308,10.66800022,0,6471000
2017-11-21,10.81584358,0,11.34399986,0,11.37066746,11.09866714,11.19999981,0,9874500
2017-11-22,10.60481644,0,11.12266731,0,11.4533329,11.07199955,11.44266701,0,6756000
2017-11-24,10.88830471,0,11.42000008,0,11.44266701,11.21333313,11.21733284,0,6757500
2017-11-27,10.4783268,0,10.98999977,0,11.21666718,10.9333334,11.2159996,0,10698000
2017-11-28,10.46879292,0,10.97999954,0,11.12466717,10.79333305,11.10466671,0,9736500
2017-11-29,9.092658043,0,9.53666687,0,10.93733311,9.22266674,10.91666698,0,36519000
2017-11-30,9.261098862,0,9.71333313,0,9.993332863,9.520667076,9.863332748,0,14869500
2017-12-01,8.943919182,0,9.380666733,0,9.553333282,8.666666985,9.419333458,0,19072500
2017-12-04,8.294944763,0,8.699999809,0,9.729999542,8.516667366,9.706666946,0,23742000
2017-12-05,8.305753708,0,8.711333275,0,9.199333191,8.338000298,8.597999573,0,16374000
2017-12-06,8.389652252,0,8.799332619,0,8.844667435,8.352666855,8.468000412,0,10795500
2017-12-07,8.635004044,0,9.056667328,0,9.139332771,8.883999825,9.010666847,0,9966000
2017-12-08,8.501523018,0,8.916666985,0,9.385333061,8.894666672,9.343333244,0,9871500
2017-12-11,8.649625778,0,9.07199955,0,9.148667336,8.876667023,8.960000038,0,5599500
2017-12-12,8.390289307,0,8.800000191,0,9,8.774000168,9,0,5977500
2017-12-13,8.389016151,0,8.798666954,0,9.042667389,8.780667305,8.884667397,0,4125000
2017-12-14,8.369949341,0,8.77866745,0,8.949333191,8.708000183,8.787332535,0,5094000
2017-12-15,8.742426872,0,9.169333458,0,9.25,8.766667366,8.866666794,0,10255500
2017-12-18,9.331653595,0,9.787332535,0,9.793333054,9.378666878,9.516667366,0,15397500
2017-12-19,9.29800415,0,9.744000435,0.008067,9.843999863,9.57733345,9.741333008,0,8127000
2017-12-20,9.492664337,0,9.947999954,0,10.08333302,9.686667442,10.01733303,0,8721000
2017-12-21,9.18540287,0,9.626000404,0,10.00800037,9.583999634,10.00800037,0,6909000
2017-12-22,9.161229134,0,9.600667,0,9.618000031,9.400667191,9.474666595,0,3942000
2017-12-26,8.896589279,0,9.323332787,0,9.342000008,9.073332787,9.266667366,0,4524000
2017-12-27,8.986286163,0,9.417332649,0,9.557999611,9.267333031,9.270667076,0,2980500
2017-12-28,9.043539047,0,9.477333069,0,9.561332703,9.434000015,9.531999588,0,3168000
2017-12-29,8.772537231,0,9.193332672,0,9.537332535,9.192000389,9.503333092,0,4132500
2018-01-02,9.495844841,0,9.951333046,0,9.951333046,9.303999901,9.350000381,0,9237000
2018-01-03,9.968506813,0,10.44666672,0,10.46399975,10.02799988,10.05066681,0,9871500
2018-01-04,10.14344788,0,10.63000011,0,10.73866653,10.36866665,10.66399956,0,8502000
2018-01-05,10.32665825,0,10.82199955,0,10.93799973,10.57733345,10.74600029,0,7713000
2018-01-08,10.55885696,0,11.06533337,0,11.16666698,10.72333336,10.81066704,0,6538500
2018-01-09,10.25541115,0,10.74733257,0,11.12733269,10.69066715,11.11999989,0,9009000
2018-01-10,9.876263618,0,10.35000038,0,10.49666691,10.09733295,10.37800026,0,13269000
2018-01-11,10.05120564,0,10.53333282,0,10.54733276,10.31799984,10.47933292,0,5524500
2018-01-12,10.20706177,0,10.69666672,0,10.76533318,10.44066715,10.52866745,0,5019000
2018-01-16,10.31648064,0,10.8113327,0,11.18133259,10.61066723,10.93733311,0,9804000
2018-01-17,11.20391273,0,11.74133301,0,11.79266739,11.05333328,11.09133339,0,11496000
2018-01-18,11.36359024,0,11.90866661,0,12.08333302,11.63000011,11.65666676,0,9171000
2018-01-19,11.39412498,0,11.94066715,0,12.10200024,11.7159996,12.04800034,0,9315000
2018-01-22,11.65812683,0,12.21733284,0,12.21733284,11.81000042,11.98799992,0,5620500
2018-01-23,11.92276573,0,12.49466705,0,12.49600029,12.23400021,12.37333298,0,6738000
2018-01-24,11.10212994,0,11.6346674,0,12.23600006,11.37066746,12.13866711,0,18628500
2018-01-25,10.52450371,0,11.02933311,0,12.0953331,11.02866745,12.07999992,0,13167000
2018-01-26,11.52262497,0,12.07533264,0,12.08333302,11.39999962,11.46666718,0,12733500
2018-01-29,11.48573208,0,12.03666687,0,12.27733326,11.59133339,11.91600037,0,9184500
2018-01-30,10.78659725,0,11.3039999,0,11.71866703,11.26799965,11.40666676,0,11923500
2018-01-31,11.06332397,0,11.59399986,0,11.83066654,11.3920002,11.6833334,0,6891000
2018-02-01,10.89983368,0,11.42266655,0,11.92733288,11.20666695,11.26666737,0,6895500
2018-02-02,9.989499092,0,10.46866703,0,11.15999985,10.46666718,11.06933308,0,13788000
2018-02-05,8.652944565,0,9.06799984,0,10.72266674,8.933333397,10.19999981,0,16929000
2018-02-06,9.542282104,0,10,0,10.02200031,8.518667221,8.526666641,0,20614500
2018-02-07,8.907402039,0,9.334667206,0,10.05066681,9.333333015,9.859999657,0,12523500
2018-02-08,7.780139923,0,8.15333271,0,9.527999878,8.134667397,9.500666618,0,17155500
2018-02-09,8.488816261,0,8.895999908,0,9.036000252,7.82066679,8.757332802,0,20676000
2018-02-12,8.936666489,0,9.365332603,0,9.54066658,8.949999809,9.144000053,0,14100000
2018-02-13,8.92331028,0,9.351332664,0,9.395999908,9.088000298,9.125332832,0,7440000
2018-02-14,9.522562981,0,9.979332924,0,10.03466702,9.133333206,9.133333206,0,11127000
2018-02-15,9.874354362,0,10.34799957,0,10.34799957,9.633333206,10.25466728,0,12339000
2018-02-16,9.762394905,0,10.23066711,0,10.60466671,10.15200043,10.15733337,0,7677000
2018-02-20,10.26813412,0,10.76066685,0,11.05266666,10.08933258,10.10000038,0,11586000
2018-02-21,9.920162201,0,10.39599991,0,10.96800041,10.3760004,10.95400047,0,9901500
2018-02-22,9.846365929,0,10.31866741,0,10.63866711,10.2246666,10.5233326,0,5809500
2018-02-23,10.48569775,0,10.98866653,0,10.98866653,10.55666733,10.58733273,0,8178000
2018-02-26,11.15302181,0,11.68799973,0,11.69999981,11.14066696,11.23333263,0,8653500
2018-02-27,11.0499649,0,11.57999992,0,12.17000008,11.57266712,11.64733315,0,10837500
2018-02-28,10.7458849,0,11.26133347,0,11.93000031,11.23133278,11.80000019,0,10170000
2018-03-01,10.22742081,0,10.71800041,0,11.40266705,10.33333302,11.28199959,0,14397000
2018-03-02,10.75606155,0,11.27200031,0,11.33133316,10.25800037,10.25800037,0,9610500
2018-03-05,11.0493288,0,11.57933331,0,11.73999977,10.9333334,11.10533333,0,8790000
2018-03-06,11.54870796,0,12.10266685,0,12.19066715,11.71666718,11.85333347,0,12933000
2018-03-07,11.63967419,0,12.19799995,0,12.25666714,11.73333263,11.75066662,0,9990000
2018-03-08,11.68929958,0,12.25,0,12.44733334,12.02666664,12.33333302,0,8625000
2018-03-09,12.41769123,0,13.01333332,0,13.01666737,12.43933296,12.46133327,0,12120000
2018-03-12,12.80447388,0,13.41866684,0,13.62800026,13.16666698,13.27999973,0,12079500
2018-03-13,12.20649052,0,12.79199982,0,13.9333334,12.61133289,13.66533279,0,22048500
2018-03-14,12.20140171,0,12.78666687,0,12.97999954,12.43400002,12.94933319,0,13102500
2018-03-15,12.16577721,0,12.74933338,0,13.0126667,12.55599976,12.88599968,0,7572000
2018-03-16,12.15623379,0,12.73933315,0,12.96399975,12.68200016,12.80599976,0,4693500
2018-03-19,11.45201206,0,12.00133324,0,12.54466724,11.46866703,12.40799999,0,17712000
2018-03-20,11.71983051,0,12.28199959,0,12.38599968,12.01733303,12.0666666,0,8823000
2018-03-21,11.79935265,0,12.3653326,0,12.82266712,12.07999992,12.1960001,0,9939000
2018-03-22,10.83049297,0,11.35000038,0,12.14666653,11.33199978,11.78199959,0,15714000
2018-03-23,9.747127533,0,10.21466732,0,11.35866737,10.21466732,11.28466702,0,16557000
2018-03-26,10.97299004,0,11.49933338,0,11.5073328,10.53466702,10.98066711,0,18847500
2018-03-27,9.749668121,0,10.21733284,0,11.85133266,9.934000015,11.84000015,0,23146500
2018-03-28,9.131329536,0,9.569333076,0,10.30266666,9.421333313,10.09266663,0,20061000
2018-03-29,9.721678734,0,10.18799973,0,10.45533276,9.543333054,9.788666725,0,17752500
2018-04-02,8.595689774,0,9.008000374,0,10.13333321,8.723999977,9.880000114,0,19338000
2018-04-03,9.088068962,0,9.524000168,0,9.586000443,9.042667389,9.392666817,0,15993000
2018-04-04,9.434773445,0,9.887332916,0,9.960666656,8.683333397,8.707332611,0,16759500
2018-04-05,9.144685745,0,9.583333015,0,10.12866688,9.373999596,10.09333324,0,13840500
2018-04-06,8.310055733,0,8.708666801,0,9.499333382,8.588666916,9.170666695,0,13326000
2018-04-09,8.462099075,0,8.868000031,0,9.623332977,8.854000092,9.045999527,0,16462500
2018-04-10,9.275734901,0,9.720666885,0,9.869999886,9.302666664,9.498000145,0,18669000
2018-04-11,9.279553413,0,9.724666595,0,9.980667114,9.476667404,9.574666977,0,10633500
2018-04-12,9.808196068,0,10.27866745,0,10.35866737,9.908666611,9.989333153,0,13927500
2018-04-13,9.577907562,0,10.03733253,0,10.67733288,9.916666985,10.65733337,0,14283000
2018-04-16,9.639616966,0,10.10200024,0,10.25466728,9.844667435,10.22799969,0,8299500
2018-04-17,10.18288994,0,10.67133331,0,10.7373333,10.26666737,10.2966671,0,12387000
2018-04-18,9.8673563,0,10.34066677,0,10.5253334,10.0466671,10.46733284,0,12802500
2018-04-19,8.593143463,0,9.005332947,0,9.800000191,8.906666756,9.797332764,0,33981000
2018-04-20,8.284611702,0,8.68200016,0,9.133333206,8.559332848,9,0,16249500
2018-04-23,7.951267242,0,8.332667351,0,8.838666916,8.266667366,8.815333366,0,16278000
2018-04-24,7.757875443,0,8.130000114,0,8.783332825,7.906000137,8.544667244,0,21633000
2018-04-25,7.730520248,0,8.101332664,0,8.28133297,7.710667133,8.251999855,0,20535000
2018-04-26,8.202547073,0,8.595999718,0,8.617333412,8.323332787,8.461333275,0,17655000
2018-04-27,8.021245003,0,8.406000137,0,8.93200016,8.28533268,8.904000282,0,13656000
2018-04-30,7.755333424,0,8.127332687,0,8.553333282,8.022666931,8.399999619,0,11466000
2018-05-01,8.138933182,0,8.529333115,0,8.556667328,8.047332764,8.066666603,0,13552500
2018-05-02,8.02696991,0,8.411999702,0,8.633999825,8.309332848,8.53133297,0,10189500
2018-05-03,8.172013283,0,8.56400013,0,8.673333168,8.014666557,8.199999809,0,15442500
2018-05-04,8.761086464,0,9.181332588,0,9.210000038,8.309332848,8.381333351,0,19219500
2018-05-07,9.000918388,0,9.432666779,0,9.56000042,9.275333405,9.33533287,0,14211000
2018-05-08,9.192399979,0,9.633333206,0,9.633333206,9.294667244,9.330666542,0,10398000
2018-05-09,9.589360237,0,10.04933262,0,10.05133343,9.630666733,9.719332695,0,12400500
2018-05-10,10.10146236,0,10.58600044,0,10.58600044,10.17399979,10.17399979,0,12277500
2018-05-11,9.860361099,0,10.33333302,0,10.63333321,10.2753334,10.37800026,0,11790000
2018-05-14,10.24841118,0,10.73999977,0,11.08866692,10.66466713,10.7159996,0,13374000
2018-05-15,9.88580513,0,10.35999966,0,10.60000038,10.13733292,10.49133301,0,10774500
2018-05-16,10.28467274,0,10.77799988,0,10.82600021,10.39066696,10.39066696,0,10854000
2018-05-17,10.16444016,0,10.65200043,0,10.93266678,10.42066669,10.65799999,0,8755500
2018-05-18,9.736948967,0,10.20400047,0,10.43200016,10.09466743,10.39266682,0,9588000
2018-05-21,10.04103088,0,10.52266693,0,10.82533264,10.23999977,10.67000008,0,13068000
2018-05-22,10.21024132,0,10.69999981,0,10.93000031,10.57400036,10.8039999,0,12891000
2018-05-23,10.37373447,0,10.87133312,0,10.87266731,10.30666733,10.399333,0,9612000
2018-05-24,10.48124599,0,10.98400021,0,11.06333256,10.57999992,10.84399986,0,10362000
2018-05-25,10.73952198,0,11.25466728,0,11.28199959,10.90866661,10.96666718,0,9672000
2018-05-29,10.53404427,0,11.03933334,0,11.33333302,10.81000042,11.05066681,0,10375500
2018-05-30,10.74270535,0,11.25800037,0,11.50133324,11.09466743,11.19333267,0,12159000
2018-05-31,10.50987053,0,11.01399994,0,11.35400009,10.95666695,11.18133259,0,9567000
2018-06-01,11.21409035,0,11.75199986,0,11.7573328,11.17666721,11.25866699,0,17115000
2018-06-04,11.48827362,0,12.03933334,0,12.07933331,11.71800041,11.86666679,0,11950500
2018-06-05,11.64095116,0,12.19933319,0,12.31200027,11.99666691,12.13333321,0,9339000
2018-06-06,11.86551189,0,12.43466663,0,12.4386673,12.0666666,12.22399998,0,8950500
2018-06-07,11.55061722,0,12.10466671,0,12.51933289,11.83600044,12.4659996,0,9597000
2018-06-08,11.24589825,0,11.78533268,0,11.85200024,11.48066711,11.67333317,0,9820500
2018-06-11,11.16256523,0,11.69799995,0,11.89266682,11.58666706,11.70733261,0,6118500
2018-06-12,11.33368874,0,11.87733269,0,11.90999985,11.57866669,11.77799988,0,7593000
2018-06-13,11.29488087,0,11.83666706,0,12.20933342,11.79933262,11.87933254,0,8608500
2018-06-14,11.48827362,0,12.03933334,0,12.22133255,11.83399963,12.01599979,0,8094000
2018-06-15,11.46600914,0,12.01599979,0,12.03933334,11.6833334,11.73933315,0,10308000
2018-06-18,11.1135807,0,11.64666653,0,11.73333263,11.32066727,11.73333263,0,12819000
2018-06-19,10.7464819,0,11.23933315,0.0234,11.25333309,10.72333336,11.13333321,0,14991000
2018-06-20,10.91540241,0,11.41600037,0,11.58066654,11.26666737,11.51000023,0,7033500
2018-06-21,10.50616932,0,10.98799992,0,11.65866661,10.94400024,11.65133286,0,9858000
2018-06-22,10.26267147,0,10.73333263,0,11.18799973,10.65600014,11.13000011,0,5146500
2018-06-25,9.356238365,0,9.78533268,0,10.350667,9.380666733,10.33333302,0,16000500
2018-06-26,9.454405785,0,9.887999535,0,10.03133297,9.733332634,9.93599987,0,7869000
2018-06-27,8.7589674,0,9.160667419,0,10.12733269,9.156000137,10.0340004,0,12337500
2018-06-28,8.980155945,0,9.392000198,0,9.442000389,9.053999901,9.110667229,0,10029000
2018-06-29,9.01967907,0,9.433333397,0,9.77733326,9.433333397,9.603333473,0,8799000
2018-07-02,9.186045647,0,9.607333183,0,9.616000175,8.979332924,9.185333252,0,8422500
2018-07-03,8.666539192,0,9.06400013,0,9.764666557,9.049332619,9.697333336,0,7272000
2018-07-05,9.367715836,0,9.797332764,0,9.807999611,9.349332809,9.378000259,0,10789500
2018-07-06,9.721489906,0,10.16733265,0,10.20733261,9.638667107,9.755999565,0,14602500
2018-07-09,9.903157234,0,10.35733318,0,10.4766674,9.991999626,10.4766674,0,10915500
2018-07-10,10.21294785,0,10.68133259,0,10.75266743,10.36400032,10.39999962,0,11608500
2018-07-11,9.419983864,0,9.852000237,0,10.35333347,9.833999634,10.14666653,0,16504500
2018-07-12,9.622050285,0,10.06333256,0,10.09733295,9.583999634,9.813332558,0,13414500
2018-07-13,9.499028206,0,9.934666634,0,10.11866665,9.884667397,10.07999992,0,6973500
2018-07-16,9.460142136,0,9.894000053,0,10.0953331,9.873332977,9.947999954,0,6094500
2018-07-17,9.879574776,0,10.33266735,0,10.33333302,9.658666611,9.688667297,0,10303500
2018-07-18,10.0931139,0,10.55599976,0,10.6153326,10.35000038,10.4533329,0,9042000
2018-07-19,10.01917076,0,10.47866726,0,10.61466694,10.27000046,10.42666721,0,7416000
2018-07-20,9.872563362,0,10.32533264,0,10.51133347,10.16666698,10.39333344,0,6780000
2018-07-23,9.913994789,0,10.36866665,0,10.42133331,9.769332886,10.20066738,0,8800500
2018-07-24,9.594003677,0,10.0340004,0,10.72000027,9.989999771,10.54266739,0,10236000
2018-07-25,9.744438171,0,10.19133282,0,10.19133282,9.628666878,9.986666679,0,14748000
2018-07-26,10.27414322,0,10.74533272,0,10.75866699,10.35599995,10.36666679,0,16359000
2018-07-27,10.1262598,0,10.59066677,0,11.04533291,10.35400009,10.76666737,0,12807000
2018-07-30,9.838142395,0,10.28933334,0,10.67599964,10.1260004,10.56999969,0,10194000
2018-07-31,10.02172089,0,10.48133278,0,10.9046669,10.42066669,10.46733284,0,7806000
2018-08-01,9.966902733,0,10.42399979,0,10.76466656,10.30599976,10.55266666,0,6054000
2018-08-02,10.27605629,0,10.74733257,0,10.78333282,10.0466671,10.1546669,0,7603500
2018-08-03,10.32641506,0,10.80000019,0,10.84000015,10.60000038,10.75066662,0,4069500
2018-08-06,10.51254654,0,10.99466705,0,10.99866676,10.56599998,10.75533295,0,5463000
2018-08-07,10.77006531,0,11.26399994,0,11.28266716,11.02133274,11.1153326,0,5655000
2018-08-08,10.85229492,0,11.35000038,0,11.40066719,11.1239996,11.20800018,0,4932000
2018-08-09,10.51636982,0,10.99866676,0,11.22333336,10.98533344,11.21533298,0,6726000
2018-08-10,9.724040031,0,10.17000008,0,10.46066666,10.02466679,10.38266659,0,16897500
2018-08-13,9.762285233,0,10.21000004,0,10.49066734,10.18666744,10.22266674,0,9745500
2018-08-14,9.732961655,0,10.17933273,0,10.45600033,10.13133335,10.39333344,0,5463000
2018-08-15,9.332019806,0,9.760000229,0,10.02600002,9.433333397,9.960666656,0,12493500
2018-08-16,9.267001152,0,9.692000389,0,9.987999916,9.619999886,9.96866703,0,8014500
2018-08-17,9.055372238,0,9.470666885,0,9.549332619,9.053333282,9.407333374,0,12708000
2018-08-20,9.034335136,0,9.448666573,0,9.616000175,9.128000259,9.533332825,0,8164500
2018-08-21,9.569144249,0,10.00800037,0,10.07400036,9.517333031,9.56000042,0,10276500
2018-08-22,9.694716454,0,10.13933277,0,10.17266655,9.745332718,9.916666985,0,8587500
2018-08-23,9.727865219,0,10.17399979,0,10.39666653,10.09200001,10.13733292,0,7741500
2018-08-24,10.1460228,0,10.61133289,0,10.61933327,10.29333305,10.29599953,0,8875500
2018-08-27,10.62154579,0,11.10866737,0,11.35000038,10.77933311,10.81999969,0,16623000
2018-08-28,10.74456978,0,11.2373333,0,11.37333298,10.91066742,11.25866699,0,11250000
2018-08-29,10.83380795,0,11.33066654,0,11.42000008,11.1153326,11.23600006,0,7524000
2018-08-30,10.52911758,0,11.01200008,0,11.37533283,10.97200012,11.22333336,0,9526500
2018-08-31,10.70887375,0,11.19999981,0,11.24199963,10.9333334,10.9333334,0,4807500
2018-09-04,10.95492268,0,11.45733261,0,11.48133278,10.98999977,11.05133343,0,8767500
2018-09-05,10.79747581,0,11.29266739,0,11.52600002,11.00133324,11.39999962,0,6303000
2018-09-06,9.931206703,0,10.38666725,0,11.20600033,10.35866737,11.19200039,0,13224000
2018-09-07,9.810729027,0,10.26066685,0,10.71666718,10.1833334,10.26666737,0,8241000
2018-09-10,10.13072014,0,10.5953331,0,10.59666729,10.29466724,10.5126667,0,5392500
2018-09-11,9.827940941,0,10.27866745,0,10.50533295,10.11066723,10.41733265,0,8391000
2018-09-12,9.490736008,0,9.925999641,0,9.937333107,9.253333092,9.937333107,0,19008000
2018-09-13,9.824754715,0,10.2753334,0,10.63933277,10.14866734,10.23866653,0,13285500
2018-09-14,10.14347172,0,10.60866737,0,10.72000027,10.3453331,10.4533329,0,9342000
2018-09-17,9.688983917,0,10.13333321,0,10.5666666,10.10933304,10.41733265,0,6747000
2018-09-18,9.961164474,0,10.41800022,0,10.60000038,10.27400017,10.27400017,0,6496500
2018-09-19,10.01789856,0,10.47733307,0,10.60666656,10.32733345,10.41333294,0,4318500
2018-09-20,10.36275005,0,10.8380003,0,10.96733284,10.64466667,10.64466667,0,9111000
2018-09-21,10.26968193,0,10.74066734,0,10.98666668,10.65866661,10.83533287,0,5826000
2018-09-24,10.37868309,0,10.85466671,0,10.87133312,10.41066742,10.48266697,0,5310000
2018-09-25,9.861052513,0,10.28466702,0.030133,10.74733257,10.22066689,10.71866703,0,10809000
2018-09-26,9.583000183,0,9.994667053,0,10.34933281,9.961999893,10.18000031,0,5340000
2018-09-27,9.707003593,0,10.1239996,0,10.22000027,9.990667343,10.07333279,0,3802500
2018-09-28,9.882782936,0,10.30733299,0,10.39400005,9.985333443,10.05466747,0,7743000
2018-10-01,9.965241432,0,10.39333344,0,10.64999962,10.31466675,10.39266682,0,6400500
2018-10-02,9.981221199,0,10.40999985,0,10.8166666,10.30733299,10.32466698,0,8142000
2018-10-03,9.997846603,0,10.42733288,0,10.63000011,10.13333321,10.54066658,0,7701000
2018-10-04,9.460272789,0,9.866666794,0,10.26666737,9.600000381,10.23999977,0,15123000
2018-10-05,8.792299271,0,9.170000076,0,9.897333145,8.897333145,9.760666847,0,22242000
2018-10-08,8.480365753,0,8.844667435,0,9.186667442,8.613332748,9,0,12891000
2018-10-09,8.473332405,0,8.837332726,0,8.954000473,8.656666756,8.777999878,0,7024500
2018-10-10,7.348968506,0,7.66466713,0,8.508000374,7.653333187,8.506667137,0,26956500
2018-10-11,7.115018368,0,7.420667171,0,8.105333328,7.246666908,7.646667004,0,20209500
2018-10-12,7.51132679,0,7.834000111,0,8.155332565,7.5,8.04066658,0,13690500
2018-10-15,7.310616016,0,7.624667168,0,7.880000114,7.53399992,7.723999977,0,8487000
2018-10-16,8.026528358,0,8.371333122,0,8.402667046,7.848667145,7.913332939,0,10891500
2018-10-17,7.924895763,0,8.265333176,0,8.605333328,8.093333244,8.53266716,0,9156000
2018-10-18,7.331709862,0,7.646667004,0,8.166666985,7.555333138,8.161333084,0,15177000
2018-10-19,6.985898018,0,7.285999775,0,7.918000221,7.199999809,7.802000046,0,14745000
2018-10-22,7.122047901,0,7.427999973,0,7.558667183,7.229332924,7.43333292,0,8202000
2018-10-23,7.007631779,0,7.308667183,0,7.43333292,6.610667229,6.843332767,0,20764500
2018-10-24,5.621829987,0,5.863333225,0,6.966667175,5.833333015,6.943999767,0,29644500
2018-10-25,6.004074574,0,6.262000084,0,6.402667046,5.960000038,6.000667095,0,15933000
2018-10-26,5.684471607,0,5.928667068,0,6.253333092,5.625332832,5.839333057,0,19084500
2018-10-29,5.516999245,0,5.754000187,0,6.36933279,5.415999889,6.267333031,0,15058500
2018-10-30,6.20350647,0,6.46999979,0,6.477333069,5.692667007,5.721333027,0,18321000
2018-10-31,6.426593304,0,6.702667236,0,6.853332996,6.522666931,6.766666889,0,14517000
2018-11-01,7.311254978,0,7.625332832,0,7.691999912,6.789332867,6.794666767,0,19780500
2018-11-02,6.98334074,0,7.283332825,0,7.67933321,7.007999897,7.618000031,0,18301500
2018-11-05,6.803723335,0,7.096000195,0,7.262667179,6.738667011,7.246666908,0,12534000
2018-11-06,7.050457954,0,7.353332996,0,7.423999786,7.047332764,7.047332764,0,7428000
2018-11-07,7.303584576,0,7.617332935,0,7.674666882,7.344666958,7.657332897,0,13149000
2018-11-08,7.20770359,0,7.517333031,0,7.680666924,7.303999901,7.399333,0,8494500
2018-11-09,6.805641651,0,7.09800005,0,7.276667118,6.90199995,7.199999809,0,8788500
2018-11-12,5.913947105,0,6.168000221,0,6.757999897,6.073332787,6.755332947,0,15409500
2018-11-13,6.132555962,0,6.395999908,0,6.771333218,6.267333031,6.267333031,0,10953000
2018-11-14,6.204145908,0,6.470666885,0,6.771333218,6.297332764,6.632667065,0,10629000
2018-11-15,6.831847668,0,7.125332832,0,7.199999809,6.366666794,6.398666859,0,14431500
2018-11-16,6.58767271,0,6.870666981,0,6.96333313,6.350667,6.389999866,0,12009000
2018-11-19,5.821261406,0,6.071332932,0,6.837333202,6.063333035,6.702667236,0,13630500
2018-11-20,5.848747253,0,6.099999905,0,6.345333099,5.556666851,5.572667122,0,21753000
2018-11-21,5.918422222,0,6.172667027,0,6.446000099,6.162000179,6.319333076,0,10492500
2018-11-23,5.915864468,0,6.170000076,0,6.333333015,6,6.06666708,0,5686500
2018-11-26,6.250170231,0,6.518667221,0,6.521333218,6.242667198,6.43333292,0,10636500
2018-11-27,6.290441036,0,6.560667038,0,6.71333313,6.312666893,6.406000137,0,7797000
2018-11-28,6.72254467,0,7.011332989,0,7.012000084,6.38066721,6.757332802,0,11701500
2018-11-29,6.562743664,0,6.844666958,0,7.051332951,6.792666912,6.910666943,0,6813000
2018-11-30,6.83248806,0,7.125999928,0,7.139999866,6.636666775,6.862667084,0,9060000
2018-12-03,7.384762764,0,7.702000141,0,7.861332893,7.480000019,7.797332764,0,18288000
2018-12-04,6.30769825,0,6.578667164,0,7.552000046,6.56666708,7.523333073,0,18252000
2018-12-06,6.204145908,0,6.470666885,0,6.470666885,5.940000057,6.038667202,0,21013500
2018-12-07,5.509328842,0,5.745999813,0,6.473332882,5.657332897,6.427332878,0,19045500
2018-12-10,5.742637634,0,5.989333153,0,6.052000046,5.657999992,5.715332985,0,14008500
2018-12-11,5.84427309,0,6.095333099,0,6.510000229,5.989333153,6.270667076,0,23953500
2018-12-12,6.103151798,0,6.36533308,0,6.627333164,6.228666782,6.387332916,0,17592000
2018-12-13,6.035396099,0,6.294666767,0,6.574666977,6.223999977,6.484666824,0,13446000
2018-12-14,5.777795792,0,6.026000023,0,6.409999847,6.021999836,6.083333015,0,10413000
2018-12-17,5.561104298,0,5.800000191,0,6.275332928,5.691332817,5.966667175,0,15946500
2018-12-18,5.780991077,0,6.029333115,0,6.305333138,5.944666862,5.946000099,0,13204500
2018-12-19,5.050378799,0,5.267333031,0,6.126667023,5.181333065,5.971333027,0,29062500
2018-12-20,4.921257496,0,5.132667065,0,5.506667137,4.93599987,5.240666866,0,19387500
2018-12-21,4.695617199,0,4.897333145,0,5.41466713,4.837999821,5.231999874,0,19287000
2018-12-24,4.287803173,0,4.472000122,0,4.923333168,4.466667175,4.768667221,0,13795500
2018-12-26,5.024808884,0,5.240666866,0,5.244667053,4.425333023,4.652667046,0,17737500
2018-12-27,5.137268543,0,5.338666916,0.018867,5.341332912,4.803332806,4.956666946,0,12370500
2018-12-28,5.24568367,0,5.451333046,0,5.746666908,5.31400013,5.454667091,0,17269500
2018-12-31,5.345118999,0,5.554666996,0,5.691332817,5.390666962,5.638000011,0,12660000
2019-01-02,5.486894131,0,5.702000141,0,5.822000027,5.173999786,5.180666924,0,13147500
2019-01-03,4.511789799,0,4.688666821,0,5.388667107,4.672667027,5.31533289,0,28599000
2019-01-04,5.094927311,0,5.294666767,0,5.356667042,4.886666775,4.921999931,0,17604000
2019-01-07,5.393874645,0,5.605332851,0,5.754000187,5.280666828,5.398666859,0,16641000
2019-01-08,5.311118603,0,5.519332886,0,5.78266716,5.298666954,5.775332928,0,14445000
2019-01-09,5.721689224,0,5.946000099,0,6.021999836,5.672667027,5.677999973,0,17928000
2019-01-10,5.88270998,0,6.113333225,0,6.137332916,5.757332802,5.760666847,0,12975000
2019-01-11,6.046938419,0,6.28399992,0,6.451333046,5.966667175,6.018667221,0,12399000
2019-01-14,5.76082325,0,5.986667156,0,6.118000031,5.890666962,6.050000191,0,10731000
2019-01-15,5.798671722,0,6.026000023,0,6.243332863,5.952000141,6.028666973,0,14590500
2019-01-16,5.656896591,0,5.878666878,0,6.17933321,5.870666981,6.099999905,0,10257000
2019-01-17,5.852558136,0,6.081999779,0,6.176000118,5.654666901,5.794000149,0,15876000
2019-01-18,6.25414896,0,6.499332905,0,6.616000175,6.161333084,6.263332844,0,15720000
2019-01-22,5.728105068,0,5.952667236,0,6.322000027,5.813333035,6.31533289,0,18655500
2019-01-23,5.608782768,0,5.828667164,0,6.125999928,5.660666943,6.067333221,0,15681000
2019-01-24,6.56785202,0,6.825333118,0,6.900000095,6.192667007,6.192667007,0,32491500
2019-01-25,6.987401962,0,7.261332989,0,7.342000008,6.766666889,6.894667149,0,17100000
2019-01-28,6.561434746,0,6.818666935,0,6.994667053,6.407332897,6.453332901,0,14305500
2019-01-29,6.277884483,0,6.524000168,0,6.906667233,6.496666908,6.857333183,0,9061500
2019-01-30,6.822533607,0,7.090000153,0,7.166666985,6.656667233,6.875999928,0,14400000
2019-01-31,6.827665329,0,7.095333099,0,7.274000168,6.900000095,7.065999985,0,10894500
2019-02-01,7.066308975,0,7.343332767,0,7.440667152,7.106667042,7.106667042,0,10723500
2019-02-04,7.172801971,0,7.453999996,0,7.455333233,7.166666985,7.360000134,0,4450500
2019-02-05,7.272877216,0,7.558000088,0,7.656667233,7.409333229,7.466667175,0,9172500
2019-02-06,7.857298374,0,8.165332794,0,8.336667061,7.826000214,7.833333015,0,17931000
2019-02-07,7.332538605,0,7.619999886,0,7.96733284,7.422667027,7.866666794,0,18687000
2019-02-08,7.302388191,0,7.588666916,0,7.624667168,7.18466711,7.273333073,0,10705500
2019-02-11,7.406954288,0,7.697332859,0,7.748666763,7.490666866,7.705999851,0,8164500
2019-02-12,7.873978615,0,8.182666779,0,8.235333443,7.937333107,7.986667156,0,13083000
2019-02-13,7.942621231,0,8.25399971,0,8.442000389,8.174667358,8.331999779,0,12480000
2019-02-14,8.004847527,0,8.318667412,0,8.5,8.13599968,8.13599968,0,11575500
2019-02-15,8.1344347,0,8.453332901,0,8.57733345,8.294667244,8.53266716,0,10102500
2019-02-19,8.081830978,0,8.398667336,0,8.574666977,8.300666809,8.304667473,0,7548000
2019-02-20,8.304437637,0,8.630000114,0,8.779333115,8.469332695,8.472000122,0,9694500
2019-02-21,8.121603966,0,8.43999958,0,8.693332672,8.359333038,8.652667046,0,11476500
2019-02-22,8.375004768,0,8.703332901,0,8.734000206,8.525333405,8.642666817,0,12757500
2019-02-25,8.585421562,0,8.921999931,0,9.220666885,8.899333,9.133999825,0,12519000
2019-02-26,8.407722473,0,8.737333298,0,8.949333191,8.663332939,8.829333305,0,8319000
2019-02-27,8.1106987,0,8.428667068,0,8.614666939,8.150667191,8.614666939,0,15036000
2019-02-28,8.130586624,0,8.449333191,0,8.517333031,8.239999771,8.324000359,0,7447500
2019-03-01,8.342928886,0,8.670000076,0,8.781999588,8.400667191,8.702667236,0,10362000
2019-03-04,8.346777916,0,8.673999786,0,8.927332878,8.348667145,8.864666939,0,14767500
2019-03-05,8.227454185,0,8.550000191,0,8.710666656,8.447999954,8.651332855,0,7974000
2019-03-06,7.825226307,0,8.131999969,0,8.555999756,8.119999886,8.524000168,0,14940000
2019-03-07,7.558992386,0,7.855332851,0,8.04066658,7.711332798,8,0,15607500
2019-03-08,7.546805382,0,7.842667103,0,7.861999989,7.380000114,7.442667007,0,12711000
2019-03-11,8.085039139,0,8.402000427,0,8.512666702,7.946667194,7.988667011,0,12825000
2019-03-12,8.17934227,0,8.5,0,8.632666588,8.255332947,8.458000183,0,10372500
2019-03-13,8.279418945,0,8.604000092,0,8.802666664,8.566666603,8.635333061,0,8331000
2019-03-14,8.138282776,0,8.457332611,0,8.725999832,8.442000389,8.609999657,0,6633000
2019-03-15,8.839463234,0,9.18599987,0,9.384667397,8.720000267,8.765333176,0,22909500
2019-03-18,8.781726837,0,9.126000404,0,9.384667397,8.961999893,9.244000435,0,10273500
2019-03-19,9.137308121,0,9.478667259,0.0162,9.559332848,9.317333221,9.362667084,0,13689000
2019-03-20,8.877031326,0,9.208666801,0,9.628666878,9.034667015,9.465999603,0,13167000
2019-03-21,9.797318459,0,10.16333294,0,10.34866714,9.236666679,9.236666679,0,21321000
2019-03-22,8.963790894,0,9.298666954,0,10.07400036,9.273332596,10.01133347,0,18607500
2019-03-25,8.621898651,0,8.944000244,0,9.353333473,8.72133255,9.144666672,0,23959500
2019-03-26,8.88409996,0,9.215999603,0,9.450667381,9.002667427,9.319333076,0,17310000
2019-03-27,8.494653702,0,8.812000275,0,9.317333221,8.609333038,9.233332634,0,19968000
2019-03-28,8.450304985,0,8.765999794,0,9.092000008,8.587332726,8.890666962,0,11520000
2019-03-29,8.839114189,0,9.169333458,0,9.215332985,8.998666763,9.074000359,0,12793500
2019-04-01,9.490128517,0,9.844667435,0,9.869333267,9.456000328,9.57733345,0,18229500
2019-04-02,9.520332336,0,9.876000404,0,9.948666573,9.696000099,9.829333305,0,8290500
2019-04-03,10.1687727,0,10.54866695,0,10.80866718,10.21399975,10.23666668,0,30327000
2019-04-04,10.20733452,0,10.58866692,0,10.79533291,10.43133259,10.43599987,0,14100000
2019-04-05,10.44061947,0,10.83066654,0,10.84733295,10.600667,10.79266739,0,7863000
2019-04-08,10.51580811,0,10.90866661,0,10.9333334,10.61666679,10.6833334,0,7659000
2019-04-09,10.16106129,0,10.54066658,0,10.73333263,10.39333344,10.73333263,0,16965000
2019-04-10,10.42198086,0,10.8113327,0,10.89999962,10.52000046,10.53933334,0,13528500
2019-04-11,10.39627647,0,10.78466702,0,11.00533295,10.68000031,10.86666679,0,9259500
2019-04-12,10.82878113,0,11.23333263,0,11.23933315,10.9746666,11.09333324,0,12208500
2019-04-15,10.5980711,0,10.99400043,0,11.26666737,10.79599953,11.22933292,0,9196500
2019-04-16,11.60768604,0,12.0413332,0,12.04733276,11.17266655,11.19933319,0,19468500
2019-04-17,12.13594818,0,12.58933258,0,13.06266689,12.30266666,12.73333263,0,16183500
2019-04-18,12.15908432,0,12.61333275,0,12.72399998,12.42133331,12.60133266,0,9463500
2019-04-22,12.16422749,0,12.61866665,0,12.70266724,12.29333305,12.4333334,0,4671000
2019-04-23,12.52925491,0,12.99733257,0,13.12066746,12.69466686,12.77799988,0,8796000
2019-04-24,12.89235878,0,13.3739996,0,13.76200008,12.96733284,12.96733284,0,11011500
2019-04-25,12.19057465,0,12.64599991,0,13.2626667,12.30133343,13.2626667,0,12978000
2019-04-26,11.88531399,0,12.32933331,0,12.33333302,11.54199982,11.92866707,0,13794000
2019-04-29,11.82297421,0,12.26466656,0,12.41600037,12.10200024,12.37133312,0,4995000
2019-04-30,12.08517933,0,12.53666687,0,12.62066746,12.18933296,12.20933342,0,6696000
2019-05-01,11.78891468,0,12.22933292,0,13.10666656,12.20933342,12.93400002,0,12915000
2019-05-02,12.18157864,0,12.63666725,0,13.02000046,12.13666725,12.16533279,0,13312500
2019-05-03,12.42578888,0,12.89000034,0,12.90799999,12.45066738,12.86333275,0,8863500
2019-05-06,11.81526279,0,12.25666714,0,12.28466702,11.48133278,11.60599995,0,17829000
2019-05-07,10.95281792,0,11.36200047,0,11.85933304,10.96000004,11.80133343,0,24256500
2019-05-08,10.68996716,0,11.08933258,0,11.60000038,11.02400017,11.12533283,0,12007500
2019-05-09,10.30951595,0,10.69466686,0,10.84799957,9.955332756,10.5666666,0,18993000
2019-05-10,10.33972073,0,10.72599983,0,10.92333317,9.973999977,10.47933292,0,20788500
2019-05-13,8.880243301,0,9.211999893,0,9.858667374,9.079333305,9.662667274,0,24391500
2019-05-14,9.515832901,0,9.871333122,0,10.0073328,9.425333023,9.553333282,0,17139000
2019-05-15,9.749117851,0,10.11333275,0,10.3113327,9.513333321,9.522000313,0,14703000
2019-05-16,9.254271507,0,9.600000381,0,9.935333252,9.417332649,9.666666985,0,21981000
2019-05-17,8.707371712,0,9.03266716,0,9.715332985,8.918000221,9.155332565,0,24265500
2019-05-20,7.663692951,0,7.949999809,0,8.373332977,7.78000021,8.223999977,0,26760000
2019-05-21,8.145687103,0,8.449999809,0,8.575332642,8.245332718,8.466667175,0,19236000
2019-05-22,7.636058807,0,7.921332836,0,8.178667068,7.835999966,7.981999874,0,15225000
2019-05-23,7.249823093,0,7.520667076,0,7.554666996,7.154666901,7.471333027,0,20860500
2019-05-24,7.061523438,0,7.325333118,0,7.806666851,7.310667038,7.712666988,0,13459500
2019-05-28,6.869368553,0,7.125999928,0,7.533332825,7.095333099,7.457333088,0,13249500
2019-05-29,6.962554455,0,7.222667217,0,7.322667122,6.903333187,6.950666904,0,20284500
2019-05-30,7.121290684,0,7.387332916,0,7.572000027,7.226666927,7.296000004,0,19113000
2019-05-31,6.812171936,0,7.06666708,0,7.430666924,7.047999859,7.111999989,0,18478500
2019-06-03,6.87772274,0,7.13466692,0,7.533332825,7.010000229,7.331999779,0,23410500
2019-06-04,7.750452518,0,8.039999962,0,8.055333138,7.326666832,7.533332825,0,32151000
2019-06-05,7.596215248,0,7.880000114,0,8.310667038,7.569333076,8.304667473,0,25533000
2019-06-06,7.911757469,0,8.207332611,0,8.291999817,7.826666832,7.877333164,0,14176500
2019-06-07,8.159827232,0,8.46466732,0,8.538666725,8.227333069,8.265333176,0,14091000
2019-06-10,8.796057701,0,9.124667168,0,9.423999786,8.787332535,8.851332664,0,21726000
2019-06-11,8.862248421,0,9.193332672,0,9.666666985,8.994000435,9.637999535,0,18606000
2019-06-12,8.236946106,0,8.544667244,0,8.946666718,8.517333031,8.921999931,0,11925000
2019-06-13,8.393110275,0,8.706666946,0,8.803333282,8.5,8.768667221,0,11455500
2019-06-14,7.72796011,0,8.016667366,0,8.143333435,7.852000237,7.93333292,0,14856000
2019-06-17,7.572435379,0,7.855332851,0,8.110667229,7.838666916,8.033332825,0,8601000
2019-06-18,8.560199738,0,8.880000114,0,9.039999962,8.093999863,8.144666672,0,26061000
2019-06-19,8.576910019,0,8.897333145,0,9.08133316,8.755332947,9.026666641,0,13185000
2019-06-20,8.814693451,0,9.144000053,0,9.552666664,9.010666847,9.47133255,0,19162500
2019-06-21,8.632819176,0,8.955332756,0,9.246666908,8.923999786,9.010666847,0,12225000
2019-06-24,8.690019608,0,9.014666557,0,9.133333206,8.927332878,9.013999939,0,9433500
2019-06-25,8.320859909,0,8.619333267,0.012933,9.170666695,8.587332726,9.025333405,0,12205500
2019-06-26,9.102809906,0,9.429332733,0,9.593999863,9.142000198,9.188667297,0,19284000
2019-06-27,9.504404068,0,9.845333099,0,10.00133324,9.603333473,9.603333473,0,13567500
2019-06-28,9.543663025,0,9.88599968,0,10.15733337,9.824666977,10.1260004,0,11226000
2019-07-01,10.31595993,0,10.68599987,0,11.43999958,10.43999958,11.18000031,0,21082500
2019-07-02,9.88347435,0,10.23799992,0,10.56000042,10.10333347,10.56000042,0,12142500
2019-07-03,9.729657173,0,10.07866669,0,10.27733326,9.876667023,10.27733326,0,9478500
2019-07-05,9.574555397,0,9.918000221,0,9.951333046,9.588666916,9.75,0,9699000
2019-07-08,9.34286499,0,9.67800045,0,9.77866745,9.516667366,9.644666672,0,8194500
2019-07-09,9.55846405,0,9.901332855,0,9.928667068,9.458666801,9.536000252,0,9168000
2019-07-10,9.759261131,0,10.10933304,0,10.5306673,10.05933285,10.23066711,0,16626000
2019-07-11,9.833275795,0,10.18599987,0,10.3113327,10.0073328,10.26000023,0,8664000
2019-07-12,10.39512348,0,10.76799965,0,10.77866745,10.26866722,10.29533291,0,12400500
2019-07-15,10.63711071,0,11.01866722,0,11.16666698,10.83333302,10.9333334,0,8479500
2019-07-16,10.29279327,0,10.6619997,0,10.93266678,10.49933338,10.85933304,0,9934500
2019-07-17,10.37903118,0,10.75133324,0,10.92533302,10.65133286,10.89599991,0,7201500
2019-07-18,10.8546381,0,11.24400043,0,11.30266666,10.77466679,10.79599953,0,13081500
2019-07-19,10.78255749,0,11.16933346,0,11.5,11.15066719,11.39599991,0,9180000
2019-07-22,11.41390896,0,11.82333279,0,11.88000011,11.34000015,11.36466694,0,13075500
2019-07-23,11.84832668,0,12.2733326,0,12.2733326,11.8739996,12.06999969,0,10419000
2019-07-24,12.92825699,0,13.3920002,0,13.47399998,12.5126667,12.53333282,0,23553000
2019-07-25,12.27245045,0,12.71266747,0,13.14666653,12.60999966,13.14333344,0,14809500
2019-07-26,12.26343918,0,12.7033329,0,12.99066734,12.68533325,12.9693327,0,8842500
2019-07-29,12.35804367,0,12.80133343,0,12.86333275,12.32199955,12.60000038,0,7939500
2019-07-30,12.27437973,0,12.71466732,0,12.80466747,12.32266712,12.45600033,0,5961000
2019-07-31,11.08890438,0,11.48666668,0,12.51066685,11.10933304,12.51066685,0,21309000
2019-08-01,10.42343903,0,10.79733276,0,12.31266689,10.50666714,11.36400032,0,25618500
2019-08-02,9.934962273,0,10.2913332,0,10.73600006,10.03333282,10.4533329,0,16612500
2019-08-05,8.636857986,0,8.946666718,0,9.430000305,8.701999664,9.386667252,0,22728000
2019-08-06,8.98374939,0,9.305999756,0,9.666000366,9.005999565,9.417332649,0,20334000
2019-08-07,9.172962189,0,9.501999855,0,9.571332932,8.866666794,8.887332916,0,19701000
2019-08-08,9.922735214,0,10.27866745,0,10.27866745,9.559332848,9.791333199,0,18787500
2019-08-09,9.367966652,0,9.704000473,0,10.07066727,9.505999565,9.947333336,0,17550000
2019-08-12,9.032017708,0,9.355999947,0,9.704000473,9.202667236,9.46333313,0,12654000
2019-08-13,9.829416275,0,10.18200016,0,10.41133308,9.133999825,9.319999695,0,19845000
2019-08-14,8.907806396,0,9.227333069,0,9.72133255,9.074666977,9.479999542,0,27957000
2019-08-15,8.83443737,0,9.151332855,0,9.473333359,8.928667068,9.473333359,0,14976000
2019-08-16,9.557179451,0,9.899999619,0,9.977333069,9.479999542,9.545332909,0,16189500
2019-08-19,10.10615349,0,10.46866703,0,10.71466732,10.31333256,10.59133339,0,15972000
2019-08-20,9.945904732,0,10.30266666,0,10.52466679,10.13599968,10.39333344,0,8716500
2019-08-21,10.22779083,0,10.59466743,0,10.73333263,10.43200016,10.63333321,0,9754500
2019-08-22,10.21684837,0,10.58333302,0,10.75533295,10.24600029,10.65333271,0,9760500
2019-08-23,8.893001556,0,9.211999893,0,10.43666744,9.106666565,10.17333317,0,31515000
2019-08-26,9.113109589,0,9.43999958,0,9.68599987,9.325332642,9.66866684,0,11319000
2019-08-27,9.017859459,0,9.341333389,0,9.766667366,9.180000305,9.676667213,0,11251500
2019-08-28,9.183258057,0,9.512666702,0,9.552666664,9.000666618,9.194666862,0,10600500
2019-08-29,9.80495739,0,10.15666676,0,10.34799957,9.933333397,9.933333397,0,18906000
2019-08-30,9.972289085,0,10.32999992,0,10.59866714,10.17000008,10.44066715,0,10582500
2019-09-03,9.45356369,0,9.792667389,0,10.10266685,9.623999596,10.00066662,0,12528000
2019-09-04,10.22650433,0,10.59333324,0,10.60733318,10.25133324,10.26599979,0,19119000
2019-09-05,11.18157959,0,11.58266735,0,11.95066738,11.22599983,11.27000046,0,17769000
2019-09-06,11.22662735,0,11.62933254,0,11.75333309,11.40066719,11.64000034,0,7131000
2019-09-09,11.38430691,0,11.79266739,0,12.08466721,11.64666653,11.85333347,0,9319500
2019-09-10,11.53425884,0,11.94799995,0,11.94799995,11.3739996,11.6079998,0,7002000
2019-09-11,12.05105782,0,12.48333263,0,12.48333263,11.89999962,12.11933327,0,9793500
2019-09-12,12.1572485,0,12.59333324,0,12.93799973,12.33399963,12.80066681,0,11793000
2019-09-13,12.04719639,0,12.47933292,0,12.7033329,12.2806673,12.59733295,0,6118500
2019-09-16,11.80198956,0,12.22533321,0,12.39333344,11.88799953,12.13333321,0,6535500
2019-09-17,11.90946865,0,12.33666706,0,12.35933304,11.93400002,12.14333344,0,5451000
2019-09-18,11.93263817,0,12.36066723,0,12.37466717,11.83399963,12.29199982,0,8751000
2019-09-19,11.75114822,0,12.17266655,0,12.55666733,12.11733341,12.47200012,0,7227000
2019-09-20,11.0959816,0,11.49400043,0,12.31999969,11.33333302,12.31999969,0,11719500
2019-09-23,11.43514919,0,11.8453331,0,12.03266716,11.42599964,11.42599964,0,8188500
2019-09-24,10.88153267,0,11.25199986,0.020867,12.10466671,11.06866741,12.09200001,0,18163500
2019-09-25,11.43792152,0,11.82733345,0,11.9386673,10.79533291,11.06733322,0,11985000
2019-09-26,11.47402573,0,11.86466694,0,11.96666718,11.51133347,11.83866692,0,10096500
2019-09-27,10.63782692,0,11,0,11.73799992,10.74933338,11.60733318,0,17278500
2019-09-30,10.97437,0,11.34799957,0,11.38266659,11.01733303,11.19999981,0,7299000
2019-10-01,10.67393112,0,11.03733253,0,11.98666668,10.91066742,11.57333279,0,14653500
2019-10-02,10.1704073,0,10.51666737,0,10.83666706,10.30666733,10.70933342,0,19338000
2019-10-03,10.69069481,0,11.05466747,0,11.07999992,10.14599991,10.53533268,0,17961000
2019-10-04,11.27029514,0,11.65400028,0,11.66666698,11.13666725,11.16399956,0,13695000
2019-10-07,11.01369667,0,11.38866711,0,11.7626667,11.38399982,11.55333328,0,9079500
2019-10-08,10.00084877,0,10.34133339,0,11.05866718,10.3113327,11.03333282,0,25107000
2019-10-09,10.50501823,0,10.86266708,0,11.06599998,10.67133331,10.76666737,0,15838500
2019-10-10,10.81061268,0,11.17866707,0,11.51666737,10.90400028,10.94133282,0,18492000
2019-10-11,11.53656292,0,11.92933273,0,12.33600044,11.7626667,11.80000019,0,27876000
2019-10-14,11.53462696,0,11.92733288,0,12,11.75066662,11.88799953,0,7069500
2019-10-15,12.2908802,0,12.70933342,0,12.79599953,12.09666729,12.13199997,0,19419000
2019-10-16,11.75640965,0,12.15666676,0,12.69133282,12.07733345,12.52600002,0,15471000
2019-10-17,11.87955284,0,12.2840004,0,12.70133305,12.04333305,12.59599972,0,12418500
2019-10-18,11.48305035,0,11.8739996,0,12.29066658,11.51399994,12.2033329,0,14661000
2019-10-21,12.13614845,0,12.54933262,0,12.55666733,12.11333275,12.15866661,0,11613000
2019-10-22,11.85247517,0,12.25599957,0,12.69933319,12.23799992,12.61999989,0,9618000
2019-10-23,11.16327286,0,11.54333305,0,11.86666679,11.3166666,11.57600021,0,15555000
2019-10-24,11.97303486,0,12.38066673,0,12.39866734,11.93400002,12,0,14469000
2019-10-25,12.70994759,0,13.14266682,0,13.17333317,12.44333267,12.45600033,0,18265500
2019-10-28,13.37658596,0,13.83199978,0,13.88866711,13.39133263,13.40066719,0,15250500
2019-10-29,13.02585697,0,13.4693327,0,14.16533279,13.42333317,13.89866734,0,10779000
2019-10-30,13.02779198,0,13.47133255,0,13.74333286,13.17333317,13.74333286,0,8559000
2019-10-31,12.78280163,0,13.21800041,0,13.34599972,12.71000004,13.3039999,0,9952500
2019-11-01,13.6641283,0,14.12933254,0,14.12933254,13.43466663,13.5953331,0,10477500
2019-11-04,14.55899811,0,15.05466747,0,15.13133335,14.62866688,14.66533279,0,12294000
2019-11-05,14.64280987,0,15.14133263,0,15.47733307,14.97000027,15.23600006,0,9777000
2019-11-06,14.31271553,0,14.80000019,0,15.0666666,14.34599972,15.06066704,0,11104500
2019-11-07,14.59381104,0,15.09066677,0,15.56866741,14.88133335,15.51000023,0,12427500
2019-11-08,14.82655239,0,15.33133316,0,15.33133316,14.63866711,14.90600014,0,7299000
2019-11-11,14.58542728,0,15.08199978,0,15.17533302,14.74866676,14.92599964,0,6657000
2019-11-12,14.71437168,0,15.21533298,0,15.55933285,15.00800037,15.30599976,0,13849500
2019-11-13,14.70598888,0,15.20666695,0,15.35333347,14.73333263,14.88866711,0,12061500
2019-11-14,14.58478451,0,15.08133316,0,15.12733269,14.74199963,15.05533314,0,11265000
2019-11-15,14.96387768,0,15.47333336,0,15.86666679,15.2806673,15.61933327,0,14211000
2019-11-18,14.87297344,0,15.37933254,0,15.67533302,15.1346674,15.48400021,0,8130000
2019-11-19,14.64280987,0,15.14133263,0,15.66399956,14.89866734,15.5666666,0,12429000
2019-11-20,14.13928604,0,14.62066746,0,15.16733265,14.28533268,14.89533329,0,17808000
2019-11-21,13.65639114,0,14.12133312,0,14.54266739,13.95800018,14.40666676,0,15439500
2019-11-22,13.64929962,0,14.11400032,0,14.48999977,14,14.34399986,0,10084500
2019-11-25,14.64216328,0,15.14066696,0,15.16333294,14.51799965,14.53333282,0,14046000
2019-11-26,14.44423866,0,14.93599987,0,15.09466743,14.73999977,15.06333256,0,10887000
2019-11-27,14.7536993,0,15.25599957,0,15.2753334,15.05466747,15.16733265,0,7248000
2019-11-29,14.27660847,0,14.7626667,0,15.07066727,14.71399975,15.03600025,0,4399500
2019-12-02,13.64865398,0,14.11333275,0,14.87866688,14.03533268,14.77466679,0,13189500
2019-12-03,13.02456665,0,13.46800041,0,13.47533321,12.97999954,13.15333271,0,14646000
2019-12-04,13.6364069,0,14.100667,0,14.24333286,13.9333334,14.06599998,0,8785500
2019-12-05,13.80016518,0,14.27000046,0,14.48333263,14.08866692,14.3166666,0,7833000
2019-12-06,14.44165611,0,14.9333334,0,15.01799965,14.72733307,14.75666714,0,9769500
2019-12-09,14.19795513,0,14.68133259,0,15.05200005,14.67399979,14.9333334,0,4908000
2019-12-10,14.35590935,0,14.84466743,0,15.15066719,14.69799995,14.8760004,0,7432500
2019-12-11,15.29719448,0,15.81799984,0,15.85133266,14.96733284,15.0233326,0,11976000
2019-12-12,16.53827477,0,17.10133362,0,17.14999962,15.72000027,15.73466682,0,20947500
2019-12-13,16.26620483,0,16.81999969,0,17.61199951,16.60066795,17.05333328,0,21313500
2019-12-16,16.72781754,0,17.29733276,0,17.75933266,17.28133392,17.38666725,0,10213500
2019-12-17,16.94767761,0,17.52466774,0,17.65666771,17.26666641,17.56333351,0,9778500
2019-12-18,16.92317581,0,17.49933243,0,17.66666794,17.32666779,17.57933235,0,7486500
2019-12-19,17.32096291,0,17.91066742,0,17.92733383,17.46733284,17.6673336,0,7558500
2019-12-20,17.87735558,0,18.48600006,0,18.57733345,18.03733253,18.2140007,0,10882500
2019-12-23,17.99791145,0,18.59133339,0.0192,18.92066765,18.5340004,18.91333389,0,11043000
2019-12-24,18.13150406,0,18.72933388,0,18.72933388,18.39933205,18.67333221,0,3774000
2019-12-26,18.19991493,0,18.79999924,0,18.87333298,18.55400085,18.82999992,0,5878500
2019-12-27,17.99726677,0,18.59066772,0,18.99066734,18.4406662,18.99066734,0,7303500
2019-12-30,17.61842728,0,18.19933319,0,18.53666687,17.77466774,18.5106678,0,9241500
2019-12-31,17.7365303,0,18.32133293,0,18.3813324,17.86933327,17.91600037,0,5722500
2020-01-02,18.84272766,0,19.4640007,0,19.4659996,18.75266647,19.00866699,0,10438500
2020-01-03,17.82494926,0,18.41266632,0,18.88533211,18.27466774,18.5,0,14713500
2020-01-06,17.25959396,0,17.82866669,0,17.99666786,17.42933273,17.73399925,0,11313000
2020-01-07,18.14957809,0,18.74799919,0,19.00600052,18.12333298,18.40399933,0,10441500
2020-01-08,18.18959236,0,18.78933334,0,19.12333298,18.48600006,18.82666779,0,10024500
2020-01-09,18.50389862,0,19.11400032,0,19.48266792,18.54733276,19.4659996,0,11472000
2020-01-10,18.12569427,0,18.72333336,0,19.38199997,18.58399963,19.37599945,0,11304000
2020-01-13,18.83626747,0,19.45733261,0,19.50133324,18.92000008,19.12666702,0,8160000
2020-01-14,18.95760155,0,19.5826664,0,20.01799965,19.22266769,19.47066689,0,9610500
2020-01-15,18.27413559,0,18.87666702,0,19.62333298,18.66666794,19.57333374,0,11518500
2020-01-16,19.18994141,0,19.82266617,0,19.8239994,19.29999924,19.34333229,0,10807500
2020-01-17,19.56233025,0,20.20733261,0,20.23600006,19.74733353,20.07733345,0,11839500
2020-01-21,19.52618408,0,20.17000008,0,20.39999962,19.93333244,19.95599937,0,6961500
2020-01-22,19.99215889,0,20.65133286,0,21.29133224,20.4659996,20.63400078,0,10747500
2020-01-23,20.448452,0,21.12266731,0,21.13333321,20.24866676,20.89066696,0,9354000
2020-01-24,19.7572403,0,20.40866661,0,22.06666756,19.95733261,21.95066643,0,19885500
2020-01-27,17.46546745,0,18.04133224,0,18.7966671,17.93733215,18.58600044,0,19500000
2020-01-28,18.71557999,0,19.3326664,0,19.49666786,18.33333206,18.73333359,0,14221500
2020-01-29,17.68360901,0,18.26666641,0,19.24333382,18.20266724,19.11733246,0,12270000
2020-01-30,17.61777687,0,18.19866753,0,18.37266731,17.14333344,17.90066719,0,17106000
2020-01-31,15.72227669,0,16.24066734,0,17.78066635,16.0340004,17.75799942,0,22954500
2020-02-03,16.32248116,0,16.86066628,0,16.9406662,16.40266609,16.46800041,0,13681500
2020-02-04,17.84495926,0,18.43333244,0,18.46999931,17.8920002,18.13599968,0,15466500
2020-02-05,19.01310539,0,19.63999939,0,19.72066689,18.82533264,19.41333389,0,19452000
2020-02-06,19.02536774,0,19.65266609,0,19.72333336,18.94666672,19.70133209,0,12234000
2020-02-07,17.68296432,0,18.26600075,0,19.15333366,18.23333359,19.07466698,0,16014000
2020-02-10,18.48389053,0,19.09333229,0,19.09333229,17.83333206,17.84133339,0,11137500
2020-02-11,19.59330559,0,20.2393322,0,20.5359993,19.59933281,19.61199951,0,16857000
2020-02-12,20.45425797,0,21.12866783,0,21.22733307,20.79999924,20.89266777,0,11917500
2020-02-13,20.49943161,0,21.17533302,0,21.62533379,20.51466751,20.56266785,0,13008000
2020-02-14,20.36777306,0,21.03933334,0,21.90666771,20.66466713,21.65066719,0,11269500
2020-02-18,19.52166748,0,20.16533279,0,20.28266716,19.73399925,19.93333244,0,16186500
2020-02-19,21.03833199,0,21.73200035,0,21.81066704,20.93666649,20.98999977,0,13075500
2020-02-20,20.09800148,0,20.7606678,0,21.66666794,19.77400017,21.46666718,0,20755500
2020-02-21,18.29349899,0,18.89666748,0,20.36666679,18.66666794,20.34466743,0,25333500
2020-02-24,15.68355274,0,16.20066643,0,17.01466751,15.93466663,16.22200012,0,30187500
2020-02-25,14.24304962,0,14.71266747,0,16.92266655,14.45199966,16.8939991,0,38751000
2020-02-26,14.36244774,0,14.83600044,0,15.77200031,14.53333282,15.06866741,0,33132000
2020-02-27,12.33528233,0,12.74199963,0,14.34200001,12.65866661,13.43999958,0,38827500
2020-02-28,13.23043919,0,13.66666698,0,13.86600018,11.44666672,11.46666718,0,45580500
2020-03-02,14.54057312,0,15.02000046,0,15.02066708,13.02066708,14.5,0,36516000
2020-03-03,13.0684433,0,13.49933338,0,15.82266712,13.11800003,15.21000004,0,32919000
2020-03-04,14.98137283,0,15.47533321,0,15.48999977,13.73600006,14.30666733,0,20538000
2020-03-05,13.63767624,0,14.08733273,0,15.28600025,13.73400021,14.19066715,0,23968500
2020-03-06,12.81803417,0,13.24066734,0,13.56599998,12.19999981,13,0,26310000
2020-03-09,9.570446968,0,9.88599968,0,11.79266739,9.866666794,10.13533306,0,31191000
2020-03-10,11.39753628,0,11.7733326,0,11.7733326,9.933333397,11.12800026,0,33006000
2020-03-11,9.46395874,0,9.776000023,0,11.13266659,9.420000076,10.7193327,0,33735000
2020-03-12,6.585530758,0,6.802667141,0,8.915332794,6.801332951,7.774000168,0,47734500
2020-03-13,8.384868622,0,8.661333084,0,8.733332634,6.533332825,8.074000359,0,43620000
2020-03-16,5.148898602,0,5.318666935,0,7.097332954,5.266666889,5.985332966,0,47341500
2020-03-17,5.660689831,0,5.847332954,0,5.992000103,4.38066721,5.320000172,0,73488000
2020-03-18,4.19501543,0,4.333333015,0,5.263999939,3.56666708,4.600667,0,67953000
2020-03-19,4.51319313,0,4.662000179,0,5.065999985,3.849999905,4.215332985,0,67534500
2020-03-20,4.127249241,0,4.263332844,0,5.432666779,4.253333092,5.220666885,0,63204000
2020-03-23,4.511254787,0,4.659999847,0,4.938666821,4.087333202,4.533332825,0,63927000
2020-03-24,6.056704521,0,6.249332905,0.005267,6.265999794,5.547332764,5.570000172,0,67669500
2020-03-25,5.819580078,0,6.004666805,0,7.013332844,5.707333088,6.363333225,0,65236500
2020-03-26,6.98323679,0,7.205333233,0,7.266666889,6.266666889,6.469333172,0,55215000
2020-03-27,5.908097744,0,6.096000195,0,6.81533289,6.048666954,6.478666782,0,51672000
2020-03-30,6.543875694,0,6.751999855,0,6.798666954,6.157332897,6.330667019,0,39718500
2020-03-31,6.121315956,0,6.315999985,0,7.082666874,6.164000034,6.762000084,0,50964000
2020-04-01,5.130819321,0,5.294000149,0,6.156000137,5.106667042,5.687333107,0,47541000
2020-04-02,5.600545406,0,5.778666973,0,5.797332764,5.175333023,5.184000015,0,43654500
2020-04-03,5.267795563,0,5.435332775,0,5.960667133,5.208000183,5.78399992,0,43627500
2020-04-06,6.883735657,0,7.102666855,0,7.17933321,6.125999928,6.133333206,0,51997500
2020-04-07,6.797154903,0,7.013332844,0,7.979332924,6.980667114,7.909333229,0,79462500
2020-04-08,7.478164196,0,7.71600008,0,7.802000046,7.06400013,7.393332958,0,50287500
2020-04-09,6.987760067,0,7.210000038,0,8.229332924,6.986000061,8.04066658,0,75898500
2020-04-13,7.239746571,0,7.46999979,0,7.523333073,6.96333313,7.159999847,0,36957000
2020-04-14,8.20116806,0,8.461999893,0,8.492667198,7.940667152,7.992667198,0,51487500
2020-04-15,7.535667419,0,7.775332928,0,7.973999977,7.505332947,7.972667217,0,37128000
2020-04-16,8.090037346,0,8.347332954,0,8.434666634,7.834000111,8.157333374,0,47277000
2020-04-17,8.300024033,0,8.56400013,0,8.887999535,8.266667366,8.856666565,0,47445000
2020-04-20,7.764392853,0,8.011333466,0,8.566666603,8,8.200667381,0,35502000
2020-04-21,6.673746586,0,6.886000156,0,7.774000168,6.767333031,7.642666817,0,60042000
2020-04-22,7.791530609,0,8.039333344,0,8.183333397,7.413332939,7.495333195,0,37150500
2020-04-23,7.593817711,0,7.83533287,0,8.336667061,7.753333092,8.080666542,0,42906000
2020-04-24,8.077116013,0,8.333999634,0,8.378000259,7.626667023,7.863999844,0,34429500
2020-04-27,8.40340519,0,8.670666695,0,8.917332649,8.543999672,8.666666985,0,42303000
2020-04-28,8.272241592,0,8.53533268,0,9.288000107,8.501999855,9.132666588,0,55147500
2020-04-29,9.459160805,0,9.760000229,0,9.850000381,8.931332588,8.97133255,0,42030000
2020-04-30,8.464785576,0,8.734000206,0,9.655332565,8.668000221,9.624667168,0,55264500
2020-05-01,7.178365707,0,7.406667233,0,8.166666985,7.320000172,8.133333206,0,65224500
2020-05-04,7.379952908,0,7.614666939,0,7.636000156,7.133999825,7.208666801,0,35217000
2020-05-05,7.7540555,0,8.000666618,0,8.434666634,7.847332954,8.050666809,0,47706000
2020-05-06,8.0228405,0,8.277999878,0,8.657999992,8.213999748,8.266667366,0,46401000
2020-05-07,8.258028984,0,8.520667076,0,8.819999695,8.386667252,8.712667465,0,32518500
2020-05-08,8.979741096,0,9.265333176,0,9.281999588,8.694000244,8.78266716,0,38311500
2020-05-11,8.955186844,0,9.239999771,0,9.482666969,8.939332962,8.962667465,0,27099000
2020-05-12,8.195999146,0,8.456666946,0,9.517999649,8.456666946,9.434666634,0,34702500
2020-05-13,7.754702091,0,8.001333237,0,8.739999771,7.625332832,8.685333252,0,53503500
2020-05-14,8.374330521,0,8.640666962,0,8.666666985,7.400000095,7.813333035,0,54496500
2020-05-15,7.849680901,0,8.099332809,0,8.191332817,7.639999866,7.78666687,0,55647000
2020-05-18,8.94808197,0,9.232666969,0,9.350000381,8.666666985,8.666666985,0,42394500
2020-05-19,8.840825081,0,9.121999741,0,9.762666702,9.107333183,9.18599987,0,40813500
2020-05-20,9.846182823,0,10.15933323,0,10.31333256,9.671333313,9.676667213,0,39808500
2020-05-21,9.08118248,0,9.369999886,0,10.16466713,9.324000359,10.15600014,0,37935000
2020-05-22,9.212988853,0,9.505999565,0,9.53266716,9.034000397,9.449333191,0,25134000
2020-05-26,9.498573303,0,9.800666809,0,10.38799953,9.748666763,10.24933338,0,41682000
2020-05-27,9.904335022,0,10.2193327,0,10.2266674,9.045999527,9.918000221,0,41941500
2020-05-28,9.254340172,0,9.548666954,0,10.41800022,9.399999619,10.05333328,0,33565500
2020-05-29,9.957316399,0,10.27400017,0,10.37800026,9.566666603,9.677332878,0,38440500
2020-06-01,9.833907127,0,10.14666653,0,10.27400017,9.866666794,10.07199955,0,21564000
2020-06-02,10.46710491,0,10.80000019,0,10.80000019,10.07333279,10.23200035,0,34992000
2020-06-03,11.38459015,0,11.74666691,0,11.87666702,11.2193327,11.2193327,0,30483000
2020-06-04,11.68438625,0,12.05599976,0,12.31400013,11.47799969,11.64333344,0,31461000
2020-06-05,12.53532314,0,12.93400002,0,13.46666718,12.82666683,12.92733288,0,26946000
2020-06-08,12.45908356,0,12.85533333,0,13.26066685,12.45733261,13.26066685,0,25800000
2020-06-09,12.48040199,0,12.87733269,0,13.01000023,12.28133297,12.41333294,0,22317000
2020-06-10,12.59541321,0,12.99600029,0,13.38266659,12.85533333,13.15333271,0,23647500
2020-06-11,10.19185543,0,10.51599979,0,12.15600014,10.50133324,12.00133324,0,47562000
2020-06-12,10.61441708,0,10.95199966,0,11.59866714,10.25933266,11.49199963,0,35401500
2020-06-15,11.08026695,0,11.43266678,0,11.46199989,10.1153326,10.26066685,0,29254500
2020-06-16,11.66758823,0,12.03866673,0,12.62133312,11.43266678,12.40600014,0,30856500
2020-06-17,11.99064732,0,12.37199974,0,12.66866684,12.13399982,12.29599953,0,21156000
2020-06-18,11.93508244,0,12.31466675,0,12.48066711,12.10200024,12.20666695,0,13989000
2020-06-19,11.69472599,0,12.0666666,0,12.85999966,12.00599957,12.73933315,0,29616000
2020-06-22,12.00744724,0,12.38933277,0,12.44933319,11.70800018,12.12666702,0,19461000
2020-06-23,12.11242867,0,12.49133301,0.006267,12.88000011,12.42133331,12.6239996,0,18909000
2020-06-24,11.29855442,0,11.65200043,0,12.48400021,11.36800003,12.25800037,0,31200000
2020-06-25,11.57652664,0,11.9386673,0,11.99133301,11.09000015,11.63866711,0,21685500
2020-06-26,10.8835392,0,11.22399998,0,12.00533295,11.15799999,11.80000019,0,21492000
2020-06-29,11.25783253,0,11.60999966,0,11.61933327,10.83399963,11.24800014,0,17931000
2020-06-30,12.16673183,0,12.54733276,0,12.649333,11.74666691,11.74666691,0,32251500
2020-07-01,11.65797806,0,12.02266693,0,12.56200027,11.98933315,12.55533314,0,21469500
2020-07-02,12.09174347,0,12.47000027,0,12.8039999,12.32866669,12.52733326,0,24289500
2020-07-06,13.0614109,0,13.47000027,0,13.59466743,13.0880003,13.10533333,0,21822000
2020-07-07,12.57851791,0,12.97200012,0,13.61333275,12.89999962,13.29866695,0,17728500
2020-07-08,13.09890366,0,13.50866699,0,13.53333282,12.95466709,13.30000019,0,14014500
2020-07-09,13.61993599,0,14.04599953,0,14.29266739,13.06999969,13.66666698,0,25341000
2020-07-10,13.48418617,0,13.90600014,0,14.19799995,13.48133278,14.07333279,0,16764000
2020-07-13,12.81123638,0,13.21199989,0,14.96133327,13.13333321,14.4926672,0,24480000
2020-07-14,13.49000168,0,13.9119997,0,13.96199989,12.40133286,12.99333286,0,25491000
2020-07-15,13.35489655,0,13.77266693,0,14.21066666,13.13333321,14.19999981,0,20254500
2020-07-16,13.19199467,0,13.60466671,0,13.76533318,13.12666702,13.33399963,0,13903500
2020-07-17,13.43634892,0,13.85666656,0,14.00333309,13.60000038,13.85400009,0,12028500
2020-07-20,14.26444244,0,14.71066666,0,14.77466679,13.62733269,13.92199993,0,16717500
2020-07-21,13.96255398,0,14.399333,0,15.03533268,14.24600029,14.96533298,0,16822500
2020-07-22,14.12998486,0,14.57199955,0,14.90333271,14.21733284,14.53333282,0,13956000
2020-07-23,13.47190189,0,13.89333344,0,14.94066715,13.51000023,14.55200005,0,22534500
2020-07-24,12.82998371,0,13.23133278,0,13.83333302,12.63066673,13.15799999,0,19546500
2020-07-27,14.04529953,0,14.48466682,0,14.50066662,13.71533298,13.73333263,0,17731500
2020-07-28,13.21461773,0,13.62800026,0,14.23133278,13.55333328,14.23133278,0,20592000
2020-07-29,14.07050991,0,14.51066685,0,14.65266705,13.95466709,14.05000019,0,19687500
2020-07-30,14.8940773,0,15.35999966,0,15.37533283,14.29933262,14.31066704,0,25672500
2020-07-31,14.64261436,0,15.100667,0,15.47533321,14.44733334,15.47399998,0,26299500
2020-08-03,15.51401997,0,15.99933338,0,16.07799911,15.39000034,15.39066696,0,16984500
2020-08-04,16.18050385,0,16.68666649,0,16.71066666,15.88266659,15.92666721,0,12100500
2020-08-05,16.14883041,0,16.65399933,0,16.85066795,16.26666641,16.63466644,0,12822000
2020-08-06,16.09000206,0,16.59333229,0,16.67333221,16.08600044,16.53733253,0,10840500
2020-08-07,15.54310989,0,16.02933311,0,16.73333359,15.44400024,16.4746666,0,17872500
2020-08-10,15.5528059,0,16.03933334,0,16.23266792,15.33466721,16.12466621,0,11625000
2020-08-11,15.03759193,0,15.50800037,0,16.47400093,15.38333321,15.99400043,0,15201000
2020-08-12,16.55220985,0,17.06999969,0,17.15533257,15.77466679,15.90533257,0,18397500
2020-08-13,16.01048851,0,16.51133347,0,17.07733345,16.26866722,17.07733345,0,12742500
2020-08-14,15.95425224,0,16.4533329,0,17.06599998,16.30866623,16.65333366,0,12001500
2020-08-17,16.55803108,0,17.07600021,0,17.28133392,16.77933311,16.85866737,0,11739000
2020-08-18,16.28458595,0,16.79400063,0,17.37466621,16.62599945,17.27599907,0,11410500
2020-08-19,15.96847343,0,16.46800041,0,16.93133354,16.31933212,16.81266785,0,10309500
2020-08-20,15.5528059,0,16.03933334,0,16.28066635,15.69333267,15.97933292,0,16498500
2020-08-21,15.89542389,0,16.39266777,0,16.39999962,15.76666737,16.04533386,0,10789500
2020-08-24,16.33501053,0,16.84600067,0,17.04800034,16.4746666,16.88933372,0,11776500
2020-08-25,16.86121368,0,17.38866615,0,17.39133263,16.87666702,16.87666702,0,11626500
2020-08-26,17.05126762,0,17.58466721,0,17.71933365,17.25933266,17.50466728,0,11527500
2020-08-27,16.38671875,0,16.89933205,0,17.75933266,16.58933258,17.66399956,0,17893500
2020-08-28,17.31501579,0,17.85666656,0,17.87266731,16.89733315,17.00533295,0,13989000
2020-08-31,17.26652908,0,17.80666733,0,18.19333267,17.38733292,17.84066772,0,12093000
2020-09-01,18.23878479,0,18.8093338,0,18.83333206,17.8706665,18.12666702,0,10255500
2020-09-02,19.87493324,0,20.49666786,0,20.75933266,19.12133217,19.62800026,0,18729000
2020-09-03,16.48303986,0,16.99866676,0,19.60000038,16.60266685,19.57133293,0,37044000
2020-09-04,16.0260067,0,16.52733231,0,17.36333275,14.67066669,16.61599922,0,26686500
2020-09-08,13.7440567,0,14.17399979,0,15.61266708,14.13133335,14.7086668,0,21556500
2020-09-09,14.88050556,0,15.34599972,0,15.68666744,14.66666698,15.20933342,0,19171500
2020-09-10,14.26250362,0,14.7086668,0,16.07933235,14.42666721,15.85000038,0,19227000
2020-09-11,14.2127285,0,14.65733337,0,15.47533321,14.19133282,15.02933311,0,14871000
2020-09-14,15.11128521,0,15.58399963,0,15.85400009,15.21000004,15.55333328,0,11850000
2020-09-15,15.88831043,0,16.38533211,0,16.68600082,16.09799957,16.15399933,0,11725500
2020-09-16,15.40994263,0,15.8920002,0,16.78199959,15.83333302,16.59199905,0,10791000
2020-09-17,15.3394804,0,15.81933308,0,15.97133255,14.55466747,14.74933338,0,14704500
2020-09-18,14.62451267,0,15.08199978,0,16.20266724,14.52000046,16.01466751,0,17329500
2020-09-21,14.55404854,0,15.00933266,0,15.03199959,13.89400005,14.18933296,0,25779000
2020-09-22,15.0815506,0,15.55333328,0,15.57666683,14.55133343,15.35733318,0,13864500
2020-09-23,13.95867348,0,14.39533329,0,15.78666687,14.2626667,15.46466732,0,14178000
2020-09-24,14.36658287,0,14.81599998,0,15.40733337,14.0666666,14.09466743,0,24952500
2020-09-25,14.98651981,0,15.45533276,0,15.55000019,14.22399998,14.89599991,0,15505500
2020-09-28,16.21023941,0,16.71733284,0,16.73266792,15.76200008,16.04133224,0,15123000
2020-09-29,16.34534836,0,16.85666656,0,17.27199936,16.6079998,16.6079998,0,19848000
2020-09-30,16.36733055,0,16.8793335,0,17.39866638,16.60000038,16.70066643,0,20143500
2020-10-01,17.38353539,0,17.92733383,0,18.07866669,17.34066772,17.52199936,0,18271500
2020-10-02,15.83400822,0,16.32933235,0,17.45199966,16.2840004,16.67133331,0,24060000
2020-10-05,17.37965584,0,17.92333221,0,17.92533302,16.76866722,16.79066658,0,14751000
2020-10-06,17.08294296,0,17.61733246,0,18.88933372,17.40066719,17.86266708,0,16638000
2020-10-07,18.1133728,0,18.68000031,0,18.78333282,18.35066795,18.3706665,0,13549500
2020-10-08,18.74236488,0,19.32866669,0,19.43266678,18.95266724,19.17000008,0,11172000
2020-10-09,19.72560883,0,20.34266663,0,20.49600029,19.92333221,20.01933289,0,18609000
2020-10-12,20.5821476,0,21.22599983,0,21.55333328,20.80133247,21.08933258,0,15901500
2020-10-13,20.55757904,0,21.20066643,0,21.6760006,20.83399963,21.25066757,0,14068500
2020-10-14,20.23177528,0,20.86466789,0,21.59266663,20.49466705,21.33866692,0,11320500
2020-10-15,20.07209969,0,20.70000076,0,20.82933235,19.57533264,19.80066681,0,10518000
2020-10-16,19.78572273,0,20.4046669,0,21.21666718,20.36400032,21.21199989,0,8916000
2020-10-19,19.46703339,0,20.07600021,0,21.2626667,19.8453331,20.86666679,0,11283000
2020-10-20,19.40496826,0,20.01199913,0,20.52066612,19.84333229,20.36066628,0,6909000
2020-10-21,18.99512482,0,19.58933258,0,20.25,19.54933357,20.15533257,0,8161500
2020-10-22,19.06171036,0,19.65800095,0,19.92066765,18.91266632,19.72599983,0,9789000
2020-10-23,18.78244209,0,19.37000084,0,19.47933388,18.83533287,19.47933388,0,6975000
2020-10-26,17.5826416,0,18.13266754,0,19.13333321,17.39999962,18.88333321,0,13960500
2020-10-27,17.40099525,0,17.94533348,0,18.66533279,17.7266674,18.51666641,0,7834500
2020-10-28,15.66916847,0,16.15933228,0,17.08533287,16.09399986,17.07466698,0,15634500
2020-10-29,16.91680717,0,17.44599915,0,17.89733315,16.13199997,16.26733208,0,10749000
2020-10-30,16.09323692,0,16.59666634,0,17.18466759,16.00733376,16.89533234,0,11187000
2020-11-02,16.35245895,0,16.86400032,0,17.39999962,16.42399979,17.1420002,0,10897500
2020-11-03,17.32535934,0,17.86733246,0,18.25933266,17.29466629,17.33333206,0,12472500
2020-11-04,19.14122009,0,19.73999977,0,19.96866608,18.28333282,18.96333313,0,17590500
2020-11-05,21.66558838,0,22.34333229,0,22.49066734,21.32666779,21.33333206,0,20565000
2020-11-06,22.78005028,0,23.49266624,0,23.68000031,21.93400002,22.14933205,0,15370500
2020-11-09,21.90994453,0,22.5953331,0,25.59866714,22.55400085,24.96199989,0,16741500
2020-11-10,19.93958092,0,20.56333351,0,22.29266739,20.40666771,21.99600029,0,16570500
2020-11-11,22.11227989,0,22.80400085,0,22.91200066,21.49933243,21.53066635,0,11782500
2020-11-12,21.2563858,0,21.92133331,0,23.09333229,21.5806675,22.84266663,0,11928000
2020-11-13,22.04504585,0,22.73466682,0,23.31200027,22.27866745,22.65999985,0,10963500
2020-11-16,23.67085648,0,24.41133308,0,24.44666672,23.10000038,23.27000046,0,12468000
2020-11-17,23.09422684,0,23.81666756,0,24.2159996,23.28133392,24.15600014,0,9009000
2020-11-18,22.60422134,0,23.3113327,0,24.45400047,23.27266693,23.91866684,0,10455000
2020-11-19,23.65340424,0,24.39333344,0,24.40600014,22.68066788,23.23333359,0,8220000
2020-11-20,23.2694149,0,23.99733353,0,24.97866631,23.90800095,24.3706665,0,11338500
2020-11-23,24.32247162,0,25.08333206,0,25.29199982,24.08399963,24.43400002,0,11436000
2020-11-24,24.71550941,0,25.48866653,0,25.56666756,24.3093338,25.53333282,0,9943500
2020-11-25,24.45111465,0,25.2159996,0,25.86133385,24.91200066,25.36666679,0,6964500
2020-11-27,25.29278755,0,26.08399963,0,26.60533333,25.72066689,25.72133255,0,8937000
2020-11-30,26.24370575,0,27.06466675,0,27.15066719,25.26866722,26.23600006,0,10632000
2020-12-01,27.63614655,0,28.50066757,0,28.93266678,27.53333282,27.74600029,0,12735000
2020-12-02,27.846241,0,28.71733284,0,29.10199928,28.06666756,28.21866608,0,7210500
2020-12-03,27.88825798,0,28.7606678,0,29.68600082,28.63400078,29.23133278,0,7801500
2020-12-04,30.20964241,0,31.1546669,0,31.19333267,28.97866631,29.23533249,0,10473000
2020-12-07,30.60462189,0,31.56200027,0,31.73600006,30.68799973,31.73600006,0,8889000
2020-12-08,30.99054718,0,31.95999908,0,32.2733345,31.04133224,31.45066643,0,6286500
2020-12-09,28.34012794,0,29.2266674,0,32.16133118,28.61800003,31.60666656,0,19231500
2020-12-10,28.28517914,0,29.17000008,0,29.8220005,28.13400078,28.62000084,0,11490000
2020-12-11,27.30904579,0,28.16333389,0,28.85933304,27.26666641,28.41333389,0,13248000
2020-12-14,28.33753967,0,29.22400093,0,29.68333244,28.79999924,28.98866653,0,10854000
2020-12-15,29.51923752,0,30.44266701,0,30.68733215,29.75066757,30.28133392,0,7351500
2020-12-16,29.45394897,0,30.37533379,0,30.72200012,29.69599915,30.70999908,0,6372000
2020-12-17,29.61167526,0,30.53800011,0,30.99066734,30.18066788,30.9193325,0,6106500
2020-12-18,29.22510719,0,30.13933372,0,30.86666679,29.55733299,30.73333359,0,8797500
2020-12-21,28.64977264,0,29.54599953,0,29.69400024,28.16666794,29,0,11620500
2020-12-22,28.54380608,0,29.43333244,0.0034,29.82066727,28.75466728,29.70066643,0,6235500
2020-12-23,27.95095253,0,28.8220005,0,29.79933357,28.78333282,29.62333298,0,4338000
2020-12-24,28.75780678,0,29.65399933,0,29.66066742,29.02933311,29.16666794,0,2637000
2020-12-28,28.59423637,0,29.48533249,0,30.73333359,29.36800003,30.62199974,0,7542000
2020-12-29,28.37442207,0,29.25866699,0,29.86666679,28.2840004,29.86666679,0,7833000
2020-12-30,29.84137344,0,30.77133369,0,30.89133263,29.60000038,29.67200089,0,7807500
2020-12-31,30.15881348,0,31.09866714,0,31.18333244,30.17733383,30.77466774,0,5871000
2021-01-04,29.74245453,0,30.6693325,0,33.6546669,29.93066788,31.67200089,0,17731500
2021-01-05,31.46542931,0,32.44599915,0,32.50533295,30.44400024,30.44400024,0,8538000
2021-01-06,31.23397255,0,32.20733261,0,34.16066742,31.2840004,31.52799988,0,16782000
2021-01-07,34.67603683,0,35.75666809,0,36.12133408,33.61533356,33.64599991,0,10443000
2021-01-08,34.7051239,0,35.78666687,0,37.94200134,34.6293335,37.50733185,0,13090500
2021-01-11,35.96908569,0,37.09000015,0,37.87400055,34.93399811,34.96533203,0,9625500
2021-01-12,36.67571259,0,37.81866837,0,38.75866699,36.70600128,37.66533279,0,10501500
2021-01-13,36.77334595,0,37.91933441,0,38.93333435,37.40000153,38.6206665,0,6897000
2021-01-14,39.16610718,0,40.38666534,0,41.61266708,39.22000122,39.22000122,0,11373000
2021-01-15,36.68088913,0,37.82400131,0,40.3133316,37.10533142,40.19200134,0,16302000
2021-01-19,40.40742874,0,41.66666794,0,41.79533386,39.41133118,39.51399994,0,13351500
2021-01-20,40.07059097,0,41.31933212,0,43.52133179,40.95133209,43.16333389,0,11220000
2021-01-21,41.85434341,0,43.15866852,0,43.52000046,41.097332,42.38866806,0,11056500
2021-01-22,39.55725479,0,40.79000092,0,42.47600174,40.77399826,42,0,12573000
2021-01-25,39.72729492,0,40.96533203,0,42.13999939,38.62733459,42.01333237,0,12499500
2021-01-26,37.87500763,0,39.05533218,0,41.04666519,39,41.04666519,0,7641000
2021-01-27,32.14233017,0,33.14400101,0,37.04866791,32.53866577,36.8666687,0,25056000
2021-01-28,34.07218933,0,35.13399887,0,36.57666779,34.17333221,35.00066757,0,16110000
2021-01-29,32.39123535,0,33.40066528,0,35.82133484,32.90066528,35.33733368,0,15256500
2021-02-01,36.21927643,0,37.34799957,0,37.52733231,34.63666534,35.08599854,0,13749000
2021-02-02,37.86789703,0,39.04800034,0,39.15999985,37.46666718,39.13266754,0,10789500
2021-02-03,35.5255661,0,36.63266754,0,39.79666519,36.57133484,39.46666718,0,14184000
2021-02-04,36.40353775,0,37.5379982,0,37.60733414,35.52933121,36.33666611,0,8400000
2021-02-05,35.612854,0,36.72266769,0,38.33333206,36.58533478,38.33333206,0,8242500
2021-02-08,38.92043304,0,40.1333313,0,40.1333313,37.44533157,37.46133423,0,17278500
2021-02-09,38.42456818,0,39.62200165,0,40.54000092,39.04333115,39.63666534,0,8659500
2021-02-10,38.78789902,0,39.99666595,0,41.31200027,38.37666702,40.66666794,0,15432000
2021-02-11,42.8299408,0,44.16466522,0,44.16466522,40.88466644,40.88466644,0,20781000
2021-02-12,44.38869476,0,45.77199936,0,46.01333237,43.00400162,43.48799896,0,15841500
2021-02-16,45.17420959,0,46.58200073,0,47.85266876,45.81066513,47.33666611,0,14367000
2021-02-17,42.68059158,0,44.01066589,0,45.74133301,42.13866806,45.09999847,0,19341000
2021-02-18,41.39531708,0,42.68533325,0,43.26599884,41.02066803,42.20333481,0,15594000
2021-02-19,44.4145546,0,45.79866791,0,46.51800156,44.22333145,44.64466858,0,23602500
2021-02-22,39.57342529,0,40.80666733,0,44.93600082,40.18000031,44.00333405,0,22419000
2021-02-23,38.77045441,0,39.97866821,0,40.74399948,35.06933212,38.49666595,0,27033000
2021-02-24,42.42326736,0,43.74533463,0,43.83333206,38.06666565,38.98266602,0,17964000
2021-02-25,35.12407684,0,36.21866608,0,43.00933456,35.70333481,42.06733322,0,35817000
2021-02-26,37.54075623,0,38.71066666,0,39.70066833,35.80333328,37.94333267,0,29536500
2021-03-01,41.27182007,0,42.55799866,0,42.55799866,39.54999924,40.59199905,0,24520500
2021-03-02,37.38494873,0,38.54999924,0,42.99000168,38.45000076,42.93999863,15,19687700
2021-03-03,33.95193481,0,35.00999832,0,38.99000168,34.81999969,38.90000153,0,21749000
2021-03-04,29.07395744,0,29.97999954,0,35.18999863,28.44000053,34.83000183,0,34294300
2021-03-05,31.76023865,0,32.75,0,32.95999908,27.72999954,32.22000122,0,30945800
2021-03-08,26.68829536,0,27.52000046,0,32.93000031,27.5,32.70999908,0,28761200
2021-03-09,31.46930122,0,32.45000076,0,33.08000183,30,30.34000015,0,19994900
2021-03-10,29.79158974,0,30.71999931,0,34.18999863,30.62000084,34.18999863,0,19953500
2021-03-11,33.4282608,0,34.47000122,0,35.04000092,32.84999847,33.29999924,0,19094300
2021-03-12,32.4099884,0,33.41999817,0,33.59000015,31.85000038,32.52000046,0,17047600
2021-03-15,34.49500656,0,35.56999969,0,35.63000107,33.18000031,33.79999924,0,15325300
2021-03-16,35.86240005,0,36.97999954,0,38.59000015,36.22999954,36.83000183,0,27404900
2021-03-17,37.25888443,0,38.41999817,0,39.15000153,34.50999832,35.27999878,0,21743500
2021-03-18,32.69122696,0,33.70999908,0,36.91999817,33.45000076,36.75999832,0,25749000
2021-03-19,33.69979858,0,34.75,0,35.65000153,32.38000107,34.00999832,0,20615000
2021-03-22,35.88179779,0,37,0,38.20000076,35.61999893,35.93999863,0,23763800
2021-03-23,33.01582718,0,34.02999878,0.016,37.5,33.50999832,37.36999893,0,26947000
2021-03-24,31.61874008,0,32.59000015,0,36.13000107,32.54999924,35.63000107,0,26195900
2021-03-25,31.83219528,0,32.81000137,0,33.18000031,30.10000038,30.93000031,0,30291400
2021-03-26,36.56674957,0,37.68999863,0,37.74000168,32.70999908,32.81000137,0,35670300
2021-03-29,34.72338104,0,35.79000092,0,36.90999985,34.5,36.38000107,0,28422700
2021-03-30,34.46142578,0,35.52000046,0,35.77999878,34.27999878,35.11999893,0,17926000
2021-03-31,37.07126236,0,38.20999908,0,38.97999954,36.34999847,36.43000031,0,25362500
2021-04-01,41.14609146,0,42.40999985,0,42.43999863,40.04999924,40.04999924,0,27795500
2021-04-05,43.65890121,0,45,0,45.29999924,42.90999985,44.52999878,0,26445800
2021-04-06,42.08718491,0,43.38000107,0,44.97000122,42.06999969,44.11999893,0,17961500
2021-04-07,42.08718491,0,43.38000107,0,44,42.34000015,43.99000168,0,12421800
2021-04-08,43.45516586,0,44.79000092,0,45,43.59999847,44.75,0,12957100
2021-04-09,43.15440369,0,44.47999954,0,44.5,43.13000107,43.83000183,0,10748500
2021-04-12,41.80582047,0,43.09000015,0,43.79000092,41.79999924,43.72000122,0,14926000
2021-04-13,41.41774368,0,42.68999863,0,44.13000107,41.56999969,44,0,14056400
2021-04-14,40.04006577,0,41.27000046,0,43.47000122,40.63000107,42.38999939,0,12838600
2021-04-15,42.17449951,0,43.47000122,0,43.65999985,41.61999893,42.34999847,0,13642000
2021-04-16,41.47595978,0,42.75,0,43.63999939,42.47999954,43.50999832,0,11016200
2021-04-19,38.41982651,0,39.59999847,0,42.29000092,38.25,41.77000046,0,20268200
2021-04-20,36.58615875,0,37.70999908,0,39.52999878,37.04000092,39.00999832,0,13892000
2021-04-21,39.53556442,0,40.75,0,40.77000046,37.34000015,37.93000031,0,15160200
2021-04-22,36.84811783,0,37.97999954,0,40.61000061,37.27000046,40.36999893,0,20962100
2021-04-23,38.95344543,0,40.15000153,0,40.56999969,38.29999924,38.31999969,0,13212600
2021-04-26,40.95204926,0,42.20999908,0,42.45999908,40,40.09000015,0,13528500
2021-04-27,40.10797882,0,41.34000015,0,42.90999985,40.95999908,42.77999878,0,12557200
2021-04-28,38.2451973,0,39.41999817,0,40.68999863,39.31000137,40.68000031,0,12753600
2021-04-29,39.10868073,0,40.31000137,0,41.22000122,38.47999954,41.20000076,0,14812500
2021-04-30,35.80029678,0,36.90000153,0,39.16999817,36.56000137,38.34999847,0,19385800
2021-05-03,34.54875183,0,35.61000061,0,37.79000092,35.08000183,37.72000122,0,13899900
2021-05-04,32.95762634,0,33.97000122,0,34.45000076,32,34.40999985,0,24428000
2021-05-05,33.52033615,0,34.54999924,0,35.79000092,33.75,35.06999969,0,16034800
2021-05-06,34.34500885,0,35.40000153,0,35.40000153,33.15999985,34.20000076,0,15387300
2021-05-07,35.82939911,0,36.93000031,0,37.54999924,35.90999985,36.50999832,0,16784600
2021-05-10,30.97842026,0,31.93000031,0,36,31.87999916,36,0,25439800
2021-05-11,31.15305328,0,32.11000061,0,32.31000137,28.69000053,29.02000046,0,29951300
2021-05-12,27.29166794,0,28.12999916,0,30.55999947,27.80999947,30.10000038,0,34045700
2021-05-13,28.45590401,0,29.32999992,0,30.5,28.29999924,29.53000069,0,25520000
2021-05-14,30.97842026,0,31.93000031,0,32.68000031,29.57999992,30.48999977,0,21881300
2021-05-17,30.17315292,0,31.10000038,0,31.10000038,29.43000031,30.97999954,0,19224800
2021-05-18,29.38729668,0,30.29000092,0,32.08000183,30.21999931,31.70999908,0,15262600
2021-05-19,31.09484291,0,32.04999924,0,32.16999817,28.21999931,28.45999908,0,29208700
2021-05-20,33.60765457,0,34.63999939,0,34.97999954,32.66999817,32.75,0,28593200
2021-05-21,33.12255859,0,34.13999939,0,35.34000015,33.81000137,35.29999924,0,25100300
2021-05-24,35.44132996,0,36.52999878,0,37.13999939,34.90999985,35,0,21577500
2021-05-25,35.8391037,0,36.93999863,0,37.75,36.24000168,37.33000183,0,19468200
2021-05-26,36.07195282,0,37.18000031,0,37.68000031,36.18999863,37.02999878,0,13436700
2021-05-27,36.73169327,0,37.86000061,0,38.25999832,36.70999908,36.88000107,0,16449400
2021-05-28,37.62428284,0,38.77999878,0,39.27000046,37.88000107,38.06999969,0,15891400
2021-06-01,37.19738388,0,38.34000015,0,40.54000092,37.74000168,39.52000046,0,18159400
2021-06-02,38.02205276,0,39.18999863,0,39.58000183,37.90999985,38.27000046,0,12370500
2021-06-03,36.01374435,0,37.11999893,0,38.27999878,36.52000046,37.83000183,0,16945800
2021-06-04,38.55566025,0,39.74000168,0,39.99000168,38.04999924,38.08000183,0,15960500
2021-06-07,37.75039673,0,38.90999985,0,39.43999863,38.15000153,39.25999832,0,11453800
2021-06-08,37.03245163,0,38.16999817,0,39.97000122,37.29999924,39.79999924,0,13475800
2021-06-09,36.57646179,0,37.70000076,0,38.88999939,37.61999893,38.56000137,0,11721000
2021-06-10,37.87652969,0,39.04000092,0,39.36999893,37.52000046,37.79999924,0,17601900
2021-06-11,38.31311798,0,39.49000168,0,39.49000168,38.56999969,39.04999924,0,7971500
2021-06-14,39.94303894,0,41.16999817,0,41.16999817,39.06000137,39.81000137,0,18513300
2021-06-15,38.84672165,0,40.04000092,0,41.59999847,39.74000168,40.79999924,0,13301400
2021-06-16,38.0123558,0,39.18000031,0,40.88999939,38.06999969,40.49000168,0,18089300
2021-06-17,39.10868073,0,40.31000137,0,41.16999817,38.65000153,38.68999863,0,18466200
2021-06-18,36.20779037,0,37.31999969,0,39.58000183,36.75,39.29000092,0,21346600
2021-06-21,36.98393631,0,38.11999893,0,38.15999985,36.59000015,37.54999924,0,12722000
2021-06-22,37.44963837,0,38.59999847,0,38.83000183,37.40000153,37.90000153,0,10500400
2021-06-23,37.88623047,0,39.04999924,0,39.63000107,38.59999847,38.59999847,0,8615400
2021-06-24,39.85572815,0,41.08000183,0,41.22999954,39.88000107,39.88000107,0,12716800
2021-06-25,39.44824982,0,40.65999985,0,41.68999863,40.29000092,41.16999817,0,9244100
2021-06-28,42.34914017,0,43.65000153,0,44.08000183,41.45000076,41.5,0,18209300
2021-06-29,43.30963135,0,44.63999939,0,44.68999863,42.88000107,43.31000137,0,13090200
2021-06-30,43.21261597,0,44.54000092,0,44.72999954,43.66999817,44.36999893,0,9830900
2021-07-01,41.30132294,0,42.56999969,0,44.36999893,42.13000107,44.15000153,0,11578200
2021-07-02,42.02897644,0,43.31999969,0,43.70000076,42.25,43.56999969,0,10933300
2021-07-06,41.75732422,0,43.04000092,0,44.13999939,41.36000061,43.63999939,0,10020300
2021-07-07,40.01096725,0,41.24000168,0,43.90999985,40.68999863,43.79999924,0,10623800
2021-07-08,38.59447861,0,39.77999878,0,40.38000107,37.75999832,38.54999924,0,14764300
2021-07-09,40.52516174,0,41.77000046,0,41.93999863,39.25,40.18000031,0,9799600
2021-07-12,42.03867722,0,43.33000183,0,43.33000183,41.81000137,42.15999985,0,9021800
2021-07-13,41.34982681,0,42.61999893,0,43.31999969,42.09999847,42.75,0,9289300
2021-07-14,40.90354919,0,42.15999985,0,44.79000092,41.86000061,43.54000092,0,15361500
2021-07-15,38.2451973,0,39.41999817,0,41.79999924,38.54999924,41.79000092,0,14968000
2021-07-16,35.66447449,0,36.75999832,0,40.45000076,36.59000015,40.02999878,0,14425600
2021-07-19,35.7420845,0,36.84000015,0,36.93000031,34.70999908,35.20999908,0,17527800
2021-07-20,37.19738388,0,38.34000015,0,39.08000183,35.84999847,37.24000168,0,12487200
2021-07-21,40.60277557,0,41.84999847,0,41.84999847,38.59999847,38.66999817,0,12599700
2021-07-22,39.52585602,0,40.74000168,0,41.61999893,39.90000153,40.90000153,0,8148900
2021-07-23,40.3117218,0,41.54999924,0,41.61000061,39.95000076,41.29000092,0,8740400
2021-07-26,40.21469879,0,41.45000076,0,41.79000092,40.58000183,40.58000183,0,7703500
2021-07-27,37.98324966,0,39.15000153,0,40.84999847,36.70999908,40.79999924,0,17917400
2021-07-28,39.95274734,0,41.18000031,0,41.5,39.02000046,39.54000092,0,12983000
2021-07-29,42.15509415,0,43.45000076,0,43.68999863,41.22999954,41.22999954,0,15318400
2021-07-30,43.06707764,0,44.38999939,0,44.5,42.06999969,42.18999863,0,13599200
2021-08-02,43.86263657,0,45.20999908,0,46.88999939,44.88000107,45.18999863,0,17018600
2021-08-03,44.59999084,0,45.97000122,0,45.97999954,43.61000061,45.29000092,0,10801400
2021-08-04,46.19112015,0,47.61000061,0,48.15000153,46.04999924,46.15999985,0,13768900
2021-08-05,45.76423264,0,47.16999817,0,48.18999863,46.43999863,48.16999817,0,8580700
2021-08-06,45.24033356,0,46.63000107,0,47.27000046,46.20000076,46.33000183,0,6202000
2021-08-09,44.7746315,0,46.15000153,0,47.27000046,45.54000092,46.90000153,0,5943700
2021-08-10,43.12529755,0,44.45000076,0,46.56999969,43.5,46.36999893,0,9994500
2021-08-11,42.85364914,0,44.16999817,0,45.11999893,42.43000031,45.06000137,0,10016600
2021-08-12,41.34982681,0,42.61999893,0,43.5,41.56000137,43.43999863,0,9746100
2021-08-13,42.1842041,0,43.47999954,0,43.59999847,42.29000092,42.5,0,7655800
2021-08-16,41.72820282,0,43.00999832,0,43.43000031,41.93000031,42.90999985,0,6658600
2021-08-17,39.25421143,0,40.45999908,0,41.95000076,39.34000015,41.93000031,0,13983700
2021-08-18,37.50785446,0,38.65999985,0,40.95999908,38.58000183,40.29000092,0,10760100
2021-08-19,38.44894409,0,39.63000107,0,40.25999832,37.13999939,38.18000031,0,14855300
2021-08-20,39.22510147,0,40.43000031,0,40.75,39.00999832,39.95999908,0,10732300
2021-08-23,42.38794708,0,43.68999863,0,43.79000092,41.40000153,41.40000153,0,12229000
2021-08-24,42.426754,0,43.72999954,0,44.43999863,43.38000107,43.97999954,0,8557100
2021-08-25,43.44546509,0,44.77999878,0,45.65000153,44.11000061,44.18000031,0,10125800
2021-08-26,43.34844208,0,44.68000031,0,45.33000183,43.70999908,44.52000046,0,9529400
2021-08-27,45.89035797,0,47.29999924,0,47.5,44.68999863,44.84999847,0,12358300
2021-08-30,46.31724548,0,47.74000168,0,49,47.13000107,47.77999878,0,10291100
2021-08-31,45.16270828,0,46.54999924,0,47.97000122,45.36999893,47.77000046,0,9620800
2021-09-01,44.59028625,0,45.95999908,0,47.29999924,45.83000183,47.22999954,0,7246900
2021-09-02,44.92015839,0,46.29999924,0,46.72000122,45.70000076,46.34999847,0,7168600
2021-09-03,45.83214951,0,47.24000168,0,47.84999847,45.95999908,46.13999939,0,7374000
2021-09-07,45.37614822,0,46.77000046,0,47.40999985,45.91999817,47.36000061,0,5660800
2021-09-08,43.61039734,0,44.95000076,0,46.36999893,43.75999832,46.09999847,0,11787400
2021-09-09,44.19251251,0,45.54999924,0,46.25999832,44.88999939,44.90999985,0,8643000
2021-09-10,45.2015152,0,46.59000015,0,48.63000107,46.50999832,46.63999939,0,14399600
2021-09-13,46.44337463,0,47.86999893,0,48.16999817,45.93000031,47.79999924,0,11356400
2021-09-14,46.44337463,0,47.86999893,0,48.97000122,47.13999939,48.40000153,0,10129200
2021-09-15,47.14191437,0,48.59000015,0,48.70000076,46.75999832,48.06000137,0,9321800
2021-09-16,47.60760117,0,49.06999969,0,49.52999878,47.02000046,47.74000168,0,9094400
2021-09-17,45.3567543,0,46.75,0,48.65000153,45.97000122,48.63999939,0,14478900
2021-09-20,42.00956345,0,43.29999924,0,44.20000076,41.15999985,43.75,0,19454600
2021-09-21,42.30063248,0,43.59999847,0,44.52000046,42.34999847,44.04000092,0,9972400
2021-09-22,44.88134766,0,46.25999832,0,46.56999969,44.00999832,44.45999908,0,11093200
2021-09-23,46.66651154,0,48.09999847,0,48.54999924,46.41999817,46.88999939,0,11819600
2021-09-24,46.52098465,0,47.95000076,0,48.22999954,46.77999878,46.86000061,0,7465000
2021-09-27,46.26873016,0,47.68999863,0,48.18000031,45.56000137,46.52000046,0,10241300
2021-09-28,40.97145462,0,42.22999954,0,45.79000092,42.04999924,44.90000153,0,23988000
2021-09-29,38.92433548,0,40.11999893,0,42.68000031,39.77999878,42.56000137,0,19889700
2021-09-30,38.84672165,0,40.04000092,0,41.95000076,40,41.06000137,0,14470200
2021-10-01,38.87582397,0,40.06999969,0,40.70000076,38.06000137,40.5,0,16368700
2021-10-04,35.91672897,0,37.02000046,0,39.52000046,36.56999969,39.31000137,0,20555400
2021-10-05,37.49814987,0,38.65000153,0,39.38999939,37.25999832,37.59999847,0,15194100
2021-10-06,37.89592743,0,39.06000137,0,39.13999939,36.91999817,37.31999969,0,16403200
2021-10-07,39.18628311,0,40.38999939,0,42.02999878,40.27000046,40.52999878,0,13234300
2021-10-08,38.15787888,0,39.33000183,0,41.06999969,39.08000183,40.90000153,0,10297000
2021-10-11,37.23619843,0,38.38000107,0,40.38999939,38.36000061,38.75999832,0,9446400
2021-10-12,35.94583511,0,37.04999924,0,39.31000137,36.47000122,39.20999908,0,19847400
2021-10-13,36.52796173,0,37.65000153,0,38.29999924,37.24000168,37.70000076,0,11660600
2021-10-14,39.82662582,0,41.04999924,0,41.08000183,39.34000015,39.63999939,0,14800900
2021-10-15,40.59308624,0,41.84000015,0,42.29000092,41.29999924,42.02999878,0,10988500
2021-10-18,41.58267975,0,42.86000061,0,42.97000122,40.43999863,41.13999939,0,8498200
2021-10-19,43.10588837,0,44.43000031,0,44.47999954,42.63000107,43.11000061,0,11476200
2021-10-20,42.88274384,0,44.20000076,0,44.72999954,43.63000107,44.13000107,0,9908200
2021-10-21,44.23132706,0,45.59000015,0,45.72000122,43.29999924,43.33000183,0,10019700
2021-10-22,42.73722076,0,44.04999924,0,46.22999954,43.77000046,44.84000015,0,12691700
2021-10-25,43.71711731,0,45.06000137,0,45.66999817,44.15999985,44.59999847,0,9706700
2021-10-26,43.6200943,0,44.95999908,0,46.45000076,44.54000092,46.02000046,0,12067800
2021-10-27,42.77601624,0,44.09000015,0,45.61000061,43.56000137,44.22999954,0,13076300
2021-10-28,45.59930038,0,47,0,47.09999847,45.56999969,45.84000015,0,15904400
2021-10-29,46.22993088,0,47.65000153,0,47.65000153,45.61999893,45.97000122,0,12735000
2021-11-01,48.47108078,0,49.95999908,0,49.95999908,47.45000076,47.79000092,0,14647400
2021-11-02,50.27565384,0,51.81999969,0,51.81999969,49.81000137,49.81999969,0,12421100
2021-11-03,52.07051468,0,53.66999817,0,53.81000137,51.41999817,52.06999969,0,11472200
2021-11-04,57.31928635,0,59.08000183,0,59.83000183,54.56999969,55.41999817,0,20539200
2021-11-05,59.09474945,0,60.90999985,0,62.40000153,59.20999908,60.04000092,0,19536100
2021-11-08,61.64637756,0,63.54000092,0,64.70999908,61.49000168,62.09999847,0,15603900
2021-11-09,61.51054764,0,63.40000153,0,65.62999725,61.40999985,65.26999664,0,16385900
2021-11-10,56.22296524,0,57.95000076,0,62.5,57.06999969,60.04999924,0,17648300
2021-11-11,59.80298615,0,61.63999939,0,61.99000168,59.36999893,60.72000122,0,13055700
2021-11-12,61.46203232,0,63.34999847,0,64.25,61.16999817,62.22000122,0,13052700
2021-11-15,61.31649399,0,63.20000076,0,64.73999786,61.25999832,64.73000336,0,11837400
2021-11-16,64.17861176,0,66.15000153,0,66.43000031,62.00999832,62.38000107,0,12693000
2021-11-17,62.59716415,0,64.51999664,0,66.12999725,63.70000076,66,0,11636600
2021-11-18,65.95406342,0,67.98000336,0,68.90000153,66.02999878,67.87000275,0,14102700
2021-11-19,66.56526947,0,68.61000061,0,69.87000275,66.87999725,67.86000061,0,14527400
2021-11-22,63.48005676,0,65.43000031,0,72.48999786,65.23000336,69.54000092,0,16809800
2021-11-23,62.81061172,0,64.73999786,0,66.61000061,61.34999847,64.83000183,0,16233700
2021-11-24,64.88683319,0,66.87999725,0,66.90000153,61.20999908,62.99000168,0,14762200
2021-11-26,59.54104996,0,61.36999893,0,64.98000336,59.84999847,63.09999847,0,14919700
2021-11-29,66.37124634,0,68.41000366,0,68.68000031,63.22000122,63.95000076,0,18352700
2021-11-30,62.74268723,0,64.66999817,0,69.33999634,62.88999939,67.27999878,0,22246300
2021-12-01,61.2776947,0,63.15999985,0,70.95999908,63.04999924,67.54000092,0,24798700
2021-12-02,61.36501312,0,63.25,0,64.73999786,59.68000031,61.25999832,0,21014200
2021-12-03,61.0545578,0,62.93000031,0,67.94999695,60.70000076,65.90000153,0,18842800
2021-12-06,60.73437881,0,62.59999847,0,63.29000092,56.77999878,62.06000137,0,13816300
2021-12-07,69.84453583,0,71.98999786,0,72.51999664,66.72000122,66.76000214,0,21654500
2021-12-08,68.58332062,0,70.69000244,0,71.19999695,68.48999786,70.93000031,0,12500700
2021-12-09,63.93604279,0,65.90000153,0,71.58999634,65.66000366,69.43000031,0,14533000
2021-12-10,65.58538055,0,67.59999847,0,70.44999695,65.16999817,69.45999908,0,12329100
2021-12-13,60.48213577,0,62.34000015,0,68.70999908,62,68.01999664,0,13561500
2021-12-14,59.68657684,0,61.52000046,0,62.36999893,58.93999863,60,0,13311200
2021-12-15,66.08987427,0,68.12000275,0,68.33999634,59.24000168,61.84000015,0,19005700
2021-12-16,57.46482086,0,59.22999954,0,69.5,58.02000046,69.01000214,0,27692100
2021-12-17,57.20287323,0,58.95999908,0,61.58000183,56.86000061,57.34000015,0,17729000
2021-12-20,55.83488846,0,57.54999924,0,58.75999832,55.47000122,56.13999939,0,15681400
2021-12-21,61.62255096,0,63.5,0.014,63.68999863,58.77000046,61.16999817,0,20477000
2021-12-22,63.44695282,0,65.37999725,0,65.52999878,61.61000061,62.47000122,0,13011600
2021-12-23,65.41694641,0,67.41000366,0,68.75,65.91999817,66,0,14507000
2021-12-27,70.83195496,0,72.98999786,0,73,68,68.09999847,0,15598000
2021-12-28,68.43501282,0,70.51999664,0,74.06999969,69.56999969,74.06999969,0,14401800
2021-12-29,68.90081787,0,71,0,72.23000336,69.59999847,70.41999817,0,10702000
2021-12-30,66.33886719,0,68.36000061,0,71.33999634,67.88999939,70.5,0,11188200
2021-12-31,65.99920654,0,68.01000214,0,70.09999847,67.83000183,68.69999695,0,10152000
2022-01-03,69.96828461,0,72.09999847,0,72.11000061,68.38999939,69.05000305,0,15794800
2022-01-04,68.96872711,0,71.06999969,0,74.20999908,66.04000092,72.58000183,0,21988000
2022-01-05,62.1174736,0,64.01000214,0,71.41999817,63.93999863,69.58999634,0,20821000
2022-01-06,63.6022377,0,65.54000092,0,66.38999939,61.84999847,64.08999634,0,19343100
2022-01-07,57.97372437,0,59.74000168,0,66.05000305,59.13999939,65.08000183,0,22625900
2022-01-10,58.22603989,0,60,0,60.18999863,53.81999969,57.34000015,0,25112700
2022-01-11,61.41875839,0,63.29000092,0,63.43999863,57.88000107,59.09000015,0,22053900
2022-01-12,62.67062378,0,64.58000183,0,66.40000153,62.63999939,64.98999786,0,19392000
2022-01-13,58.42012405,0,60.20000076,0,69.18000031,59.58000183,67.5,0,28866500
2022-01-14,62.57357788,0,64.48000336,0,64.54000092,58.56000137,58.75999832,0,23880600
2022-01-18,54.32489777,0,55.97999954,0,61.38000107,55.5,60.90999985,0,29055200
2022-01-19,49.31745148,0,50.81999969,0,58.15999985,50.72999954,57.47999954,0,28683300
2022-01-20,44.63025284,0,45.99000168,0,53.20000076,45.81000137,52.11999893,0,32438800
2022-01-21,42.41765976,0,43.70999908,0,48.93000031,43.40000153,45.22000122,0,45826500
2022-01-24,44.10622025,0,45.45000076,0,45.47999954,36.61999893,41,0,53548700
2022-01-25,39.0017395,0,40.18999863,0,43.34999847,39.38000107,41.77000046,0,40326300
2022-01-26,40.87467957,0,42.11999893,0,47.09999847,40.09999847,43.77999878,0,46405000
2022-01-27,35.28497696,0,36.36000061,0,43.45000076,36,43.40000153,0,50033700
2022-01-28,37.27436066,0,38.40999985,0,38.40999985,33.09999847,36.36999893,0,43946700
2022-01-31,43.26194382,0,44.58000183,0,44.75,38.29999924,38.99000168,0,39362500
2022-02-01,44.55261612,0,45.90999985,0,46.09999847,42.29000092,45.88999939,0,37795600
2022-02-02,47.88121033,0,49.34000015,0,49.5,46.45999908,48.47000122,0,40548600
2022-02-03,41.3696022,0,42.63000107,0,47.79999924,42.15000153,45.58000183,0,32875300
2022-02-04,42.17505646,0,43.45999908,0,44.52000046,40.36999893,42.08000183,0,30575600
2022-02-07,42.12653351,0,43.40999985,0,45.52000046,42.86000061,43.63999939,0,28382000
2022-02-08,45.22221756,0,46.59999847,0,46.88000107,42.54000092,42.75,0,33686800
2022-02-09,49.51153183,0,51.02000046,0,51.22999954,46.70999908,48.43000031,0,35302800
2022-02-10,45.04753876,0,46.41999817,0,52.20999908,45.58000183,47.58000183,0,51371000
2022-02-11,38.37096024,0,39.54000092,0,47.65000153,38.41999817,46.56000137,0,51212800
2022-02-14,38.41947556,0,39.59000015,0,41.84999847,37.86000061,39.75,0,43218400
2022-02-15,44.6496582,0,46.00999832,0,46.29000092,41.66999817,41.90000153,0,39910800
2022-02-16,44.73700333,0,46.09999847,0,46.5,43.04000092,44.06999969,0,35357600
2022-02-17,39.66163254,0,40.86999893,0,44.38999939,40.66999817,44.11999893,0,41858900
2022-02-18,38.45829391,0,39.63000107,0,41.34999847,37.77000046,41.13999939,0,46904100
2022-02-22,37.46845245,0,38.61000061,0,41.56000137,36.83000183,38.22999954,0,49765600
2022-02-23,34.84828568,0,35.90999985,0,41.29999924,35.63000107,40.06999969,0,52830600
2022-02-24,38.75912857,0,39.93999863,0,40.04999924,31.54999924,31.80999947,0,68362100
2022-02-25,40.54473114,0,41.77999878,0,41.84000015,38.15999985,40,0,40949000
2022-02-28,39.7974968,0,41.00999832,0,42.22999954,38.56000137,40.20000076,0,43350600
2022-03-01,35.49848175,0,36.58000183,0,41.29999924,35.34999847,40.77999878,0,46635000
2022-03-02,38.93380356,0,40.11999893,0,40.88000107,37.22999954,37.47000122,0,41485400
2022-03-03,36.43978882,0,37.54999924,0,40.86999893,36.81999969,40.65000153,0,45902800
2022-03-04,33.74199295,0,34.77000046,0,37.41999817,33.36000061,36.63000107,0,46799000
2022-03-07,28.70542908,0,29.57999992,0,35.59999847,29.5,34.81999969,0,50665800
2022-03-08,30.23871994,0,31.15999985,0,34.34000015,28.47999954,29.67000008,0,68456500
2022-03-09,33.89725113,0,34.93000031,0,35.65999985,33.06999969,34.11999893,0,46482400
2022-03-10,31.78171349,0,32.75,0,33.20000076,30.79999924,33.06999969,0,43831500
2022-03-11,29.78261948,0,30.69000053,0,34.41999817,30.5,34.15999985,0,34118300
2022-03-14,27.08481216,0,27.90999985,0,30.85000038,27.29999924,30.01000023,0,49351500
2022-03-15,30.57837296,0,31.51000023,0,31.71999931,28.01000023,28.45000076,0,42082900
2022-03-16,35.22675705,0,36.29999924,0,36.40000153,32.06000137,33.04000092,0,55754000
2022-03-17,35.85752869,0,36.95000076,0,37,34.31999969,35.25,0,37147500
2022-03-18,38.01189804,0,39.16999817,0,39.66999817,35.59999847,36.61000061,0,39797700
2022-03-21,37.84692383,0,39,0,39.97000122,36.88000107,38.70000076,0,38312100
2022-03-22,38.42638016,0,39.59000015,0.007,41.02000046,38.63000107,38.79000092,0,34654100
2022-03-23,35.6116066,0,36.68999863,0,39.99000168,36.59000015,38.50999832,0,38313200
2022-03-24,40.85289764,0,42.09000015,0,42.25,37.29999924,37.81999969,0,44687200
2022-03-25,40.77524567,0,42.00999832,0,42.36999893,39.75,42.06999969,0,36316000
2022-03-28,41.45466614,0,42.70999908,0,42.81000137,39.31999969,41.20000076,0,35741000
2022-03-29,44.2403183,0,45.58000183,0,46,43.11000061,44.84000015,0,40148500
2022-03-30,40.13463593,0,41.34999847,0,45.20000076,40.68000031,44.70999908,0,38435700
2022-03-31,37.64018631,0,38.77999878,0,41.84000015,38.41999817,41.25999832,0,38547400
2022-04-01,35.2233696,0,36.29000092,0,39.33000183,34.61999893,39.06999969,0,57428500
2022-04-04,36.84427261,0,37.95999908,0,38.22000122,36.16999817,36.58000183,0,28200500
2022-04-05,31.91359711,0,32.88000107,0,37.24000168,32.52999878,37.09000015,0,57649600
2022-04-06,29.61325455,0,30.51000023,0,32.09999847,29.55999947,30.85000038,0,69146900
2022-04-07,29.61325455,0,30.51000023,0,31.42000008,28.65999985,30.25,0,55657300
2022-04-08,27.45850563,0,28.29000092,0,29.95999908,28.14999962,29.86000061,0,71608900
2022-04-11,25.71141052,0,26.48999977,0,27.70999908,26.34000015,27.04000092,0,60558200
2022-04-12,25.46875,0,26.23999977,0,28.84000015,25.86000061,28.04000092,0,66793200
2022-04-13,27.20614433,0,28.03000069,0,28.54000092,26.30999947,26.77000046,0,50484000
2022-04-14,24.8572731,0,25.61000061,0,28.62000084,25.54000092,28.54999924,0,51193200
2022-04-18,26.1870079,0,26.97999954,0,27.67000008,25.15999985,25.26000023,0,49251700
2022-04-19,27.90498352,0,28.75,0,28.88999939,26.21999931,26.68000031,0,45358800
2022-04-20,27.66232491,0,28.5,0,30.85000038,28.23999977,30.06999969,0,51891900
2022-04-21,25.43963623,0,26.20999908,0,30.56999969,25.80999947,29.60000038,0,53808500
2022-04-22,23.73136711,0,24.45000076,0,26.55999947,24.37000084,26.10000038,0,57459200
2022-04-25,24.91550827,0,25.67000008,0,25.76000023,23.68000031,23.88999939,0,58210600
2022-04-26,21.77073669,0,22.43000031,0,24.89999962,22.35000038,24.70999908,0,55039200
2022-04-27,21.30484962,0,21.95000076,0,23.59000015,21.47999954,21.62000084,0,52406400
2022-04-28,24.82815361,0,25.57999992,0,26.29999924,22.39999962,23.20000076,0,63555800
2022-04-29,21.58632278,0,22.23999977,0,25.95000076,22.10000038,24.29999924,0,48104400
2022-05-02,23.77989578,0,24.5,0,24.54999924,21.80999947,22.37999916,0,57669900
2022-05-03,24.37196732,0,25.11000061,0,25.68000031,23.75,24.32999992,0,53115700
2022-05-04,27.19644165,0,28.02000046,0,28.13999939,23.29999924,25.69000053,0,77054200
2022-05-05,23.28488541,0,23.98999977,0,26.62000084,22.75,26.53000069,0,64302700
2022-05-06,22.66370201,0,23.35000038,0,24.87000084,21.94000053,23.23999977,0,73607500
2022-05-09,19.1403923,0,19.71999931,0,22.60000038,19.31999969,21.81999969,0,72482100
2022-05-10,20.47012711,0,21.09000015,0,22.14999962,19.71999931,21.45000076,0,72934500
2022-05-11,18.58714485,0,19.14999962,0,22,18.96999931,20.53000069,0,76546000
2022-05-12,18.83950233,0,19.40999985,0,19.98999977,17.95999908,18.51000023,0,79889100
2022-05-13,21.82897568,0,22.48999977,0,22.90999985,20.18000031,20.56999969,0,65885900
2022-05-16,20.74189568,0,21.37000084,0,22.51000023,21.20000076,21.86000061,0,49300800
2022-05-17,23.85754585,0,24.57999992,0,24.73999977,22.84000015,23.07999992,0,65619700
2022-05-18,20.23718071,0,20.85000038,0,24.35000038,20.53000069,23.39999962,0,61497800
2022-05-19,19.90717316,0,20.51000023,0,22.04000092,19.89999962,20.54999924,0,62522000
2022-05-20,19.76158714,0,20.36000061,0,21.64999962,17.65999985,21.54000092,0,86718200
2022-05-23,20.02364349,0,20.62999916,0,20.82999992,19.45000076,19.93000031,0,54498700
2022-05-24,18.53861618,0,19.10000038,0,19.87999916,18.44000053,19.69000053,0,57291400
2022-05-25,19.59657669,0,20.19000053,0,20.71999931,18.71999931,18.72999954,0,54536300
2022-05-26,21.87751007,0,22.54000092,0,22.82999992,19.47999954,19.61000061,0,60520000
2022-05-27,24.51756096,0,25.26000023,0,25.44000053,23.59000015,23.60000038,0,54680400
2022-05-31,24.12931633,0,24.86000061,0,25.60000038,23.75,25.13999939,0,48671900
2022-06-01,23.01311684,0,23.70999908,0,25.71999931,22.70999908,25.34000015,0,52378500
2022-06-02,25.42993164,0,26.20000076,0,26.28000069,23.29999924,23.39999962,0,49439000
2022-06-03,23.22665215,0,23.93000031,0,24.95000076,23.5,24.54999924,0,42093200
2022-06-06,23.20724106,0,23.90999985,0,25.57999992,23.47999954,25.25,0,40514000
2022-06-07,23.87696075,0,24.60000038,0,24.73999977,22.54000092,23.02000046,0,37067500
2022-06-08,22.23662949,0,22.90999985,0,24.45999908,22.42000008,24.15999985,0,38501600
2022-06-09,20.47012711,0,21.09000015,0,23.55999947,21.03000069,22.38999939,0,37937200
2022-06-10,18.25714111,0,18.80999947,0,20.51000023,18.65999985,19.97999954,0,58924000
2022-06-13,15.09295464,0,15.55000019,0,17.40999985,15.34000015,16.93000031,0,77061300
2022-06-14,15.29678345,0,15.76000023,0,16.21999931,15.21000004,16.01000023,0,52253400
2022-06-15,16.12179947,0,16.61000061,0,17.43000031,15.47000027,16.35000038,0,77001800
2022-06-16,13.17115211,0,13.56999969,0,15.18999958,12.98999977,15.14000034,0,90753100
2022-06-17,13.2973299,0,13.69999981,0,14.02000046,12.77999973,13.64999962,0,64012800
2022-06-21,14.36499977,0,14.80000019,0,15.43000031,14.48999977,14.53999996,0,57522800
2022-06-22,13.88781834,0,14.28999996,0.019,14.97000027,13.93999958,14.03999996,0,49362200
2022-06-23,13.61570072,0,14.01000023,0,14.59000015,13.34000015,14.57999992,0,47625300
2022-06-24,15.36503887,0,15.81000042,0,15.85000038,14.56999969,14.64000034,0,60548200
2022-06-27,15.35532093,0,15.80000019,0,16.45999908,15.36999989,16.30999947,0,43426900
2022-06-28,14.15021896,0,14.56000042,0,16.57999992,14.52000046,16,0,56957600
2022-06-29,13.16864395,0,13.55000019,0,14.03999996,13.02999973,14,0,61516700
2022-06-30,12.73130894,0,13.10000038,0,13.82999992,12.38000011,13.02999973,0,70274900
2022-07-01,11.2735281,0,11.60000038,0,12.60000038,11.13000011,12.48999977,0,92067100
2022-07-05,11.51648903,0,11.85000038,0,11.89999962,10.52999973,10.73999977,0,82942200
2022-07-06,11.74973774,0,12.09000015,0,12.5,11.52000046,11.92000008,0,77177800
2022-07-07,13.32414246,0,13.71000004,0,13.89000034,12.90999985,12.90999985,0,75926300
2022-07-08,13.51851273,0,13.90999985,0,14.17000008,12.96000004,13.13000011,0,77437200
2022-07-11,12.54665852,0,12.90999985,0,13.44999981,12.64999962,13.25,0,52520600
2022-07-12,12.60496712,0,12.97000027,0,13.44999981,12.72000027,13.18000031,0,53368400
2022-07-13,12.91596222,0,13.28999996,0,13.56000042,12.13000011,12.18000031,0,70014100
2022-07-14,13.67400742,0,14.06999969,0,14.26000023,12.53999996,13.17000008,0,78227900
2022-07-15,14.68474007,0,15.10999966,0,15.14999962,14.03999996,14.75,0,74112400
2022-07-18,14.50008774,0,14.92000008,0,16.18000031,14.63000011,15.82999992,0,83926600
2022-07-19,16.4729557,0,16.95000076,0,17.17000008,15.5,15.60999966,0,78348500
2022-07-20,17.68777657,0,18.20000076,0,18.44000053,16.5,16.82999992,0,85890600
2022-07-21,18.56244659,0,19.10000038,0,19.12000084,17.68000031,18.52000046,0,80210800
2022-07-22,17.15325546,0,17.64999962,0,18.90999985,17.14999962,18.84000015,0,65689500
2022-07-25,16.81310654,0,17.29999924,0,17.37000084,16.43000031,17.22999954,0,43336800
2022-07-26,15.96759415,0,16.43000031,0,17.23999977,16.25,16.93000031,0,48959700
2022-07-27,18.20285606,0,18.72999954,0,19.12000084,17.17000008,17.31999969,0,78797600
2022-07-28,18.82484818,0,19.37000084,0,19.52000046,17.57999992,18.86000061,0,69548100
2022-07-29,19.27189827,0,19.82999992,0,19.98999977,18.31999969,18.56999969,0,61313500
2022-08-01,19.44683266,0,20.01000023,0,20.61000061,19.03000069,19.40999985,0,61205100
2022-08-02,19.35936737,0,19.92000008,0,20.87000084,19.11000061,19.43000031,0,60816500
2022-08-03,20.94348907,0,21.54999924,0,21.71999931,19.87000084,19.97999954,0,57214600
2022-08-04,21.44885635,0,22.06999969,0,22.27000046,21.21999931,21.46999931,0,56294600
2022-08-05,20.95320702,0,21.55999947,0,22.12000084,20.56999969,20.95999908,0,60067800
2022-08-08,19.96191406,0,20.54000092,0,21.38999939,19.56999969,20.64999962,0,59477700
2022-08-09,17.19213104,0,17.69000053,0,19.22999954,16.90999985,19.22999954,0,65153600
2022-08-10,19.34964561,0,19.90999985,0,20.02000046,18.38999939,19.07999992,0,69125300
2022-08-11,19.22330475,0,19.78000069,0,21.60000038,19.68000031,20.46999931,0,70069200
2022-08-12,20.99208641,0,21.60000038,0,21.71999931,19.97999954,20.23999977,0,57238400
2022-08-15,21.16701698,0,21.78000069,0,21.96999931,20.79999924,21.23999977,0,48991600
2022-08-16,20.54503059,0,21.13999939,0,21.73999977,20.38999939,21.47999954,0,48777200
2022-08-17,18.99977684,0,19.54999924,0,20.20000076,18.70999908,20.18000031,0,67988800
2022-08-18,20.3020668,0,20.88999939,0,21.36000061,19.5,19.71999931,0,50790800
2022-08-19,18.63047218,0,19.17000008,0,20.37999916,18.88999939,20.05999947,0,49700800
2022-08-22,16.56042671,0,17.04000092,0,18.14999962,16.77000046,18.10000038,0,51389400
2022-08-23,16.84225845,0,17.32999992,0,18.05999947,17.01000023,17.07999992,0,49723200
2022-08-24,16.92000961,0,17.40999985,0,17.59000015,16.77000046,17.25,0,42087500
2022-08-25,18.77625084,0,19.31999969,0,19.37999916,17.42000008,17.45999908,0,58659800
2022-08-26,15.53025436,0,15.97999954,0,19.32999992,15.94999981,19.25,0,84676900
2022-08-29,14.62642956,0,15.05000019,0,16.04999924,14.94999981,15.47999954,0,61062700
2022-08-30,14.06275272,0,14.47000027,0,15.56999969,13.96000004,15.5,0,77063100
2022-08-31,13.6448555,0,14.03999996,0,14.69999981,13.65999985,14.68999958,0,86870500
2022-09-01,12.84793282,0,13.22000027,0,13.26000023,11.97000027,13.02999973,0,113345600
2022-09-02,12.49806404,0,12.85999966,0,14.14000034,12.63000011,13.84000015,0,100737200
2022-09-06,12.07044888,0,12.42000008,0,13.02999973,12.06999969,12.90999985,0,79919100
2022-09-07,12.62440586,0,12.98999977,0,13.31999969,12.22999954,12.42000008,0,79632700
2022-09-08,13.26583004,0,13.64999962,0,13.80000019,12.36999989,12.64000034,0,103258300
2022-09-09,14.23768425,0,14.64999962,0,14.85000038,14.18999958,14.26000023,0,81908900
2022-09-12,14.36402702,0,14.77999973,0,15.05000019,14.30000019,14.82999992,0,67153300
2022-09-13,11.74973774,0,12.09000015,0,13.48999977,11.94999981,13.14999962,0,85975600
2022-09-14,12.10932255,0,12.46000004,0,12.73999977,11.93999958,12.27999973,0,65846900
2022-09-15,11.57480335,0,11.90999985,0,12.67000008,11.59000015,12.22999954,0,94630600
2022-09-16,11.7205801,0,12.06000042,0,12.10000038,11.18000031,11.47000027,0,87622100
2022-09-19,11.91494942,0,12.26000023,0,12.43999958,11.56999969,11.61999989,0,75532200
2022-09-20,11.40793037,0,11.69999981,0.04,12.03999996,11.43000031,11.85000038,0,70577400
2022-09-21,11.11542034,0,11.39999962,0,12.92000008,11.38000011,11.76000023,0,125021300
2022-09-22,10.24763775,0,10.51000023,0,11.31999969,10.25,11.17000008,0,112096100
2022-09-23,9.779618263,0,10.02999973,0,10.14000034,9.449999809,10.06999969,0,120047000
2022-09-26,9.311603546,0,9.550000191,0,10.35999966,9.5,9.909999847,0,96464800
2022-09-27,9.56511116,0,9.81000042,0,10.27999973,9.390000343,10.03999996,0,115839400
2022-09-28,9.916125298,0,10.17000008,0,10.35000038,9.449999809,9.569999695,0,119412700
2022-09-29,9.058091164,0,9.289999962,0,9.739999771,8.800000191,9.699999809,0,128122600
2022-09-30,8.638825417,0,8.859999657,0,9.609999657,8.739999771,8.899999619,0,109534300
2022-10-03,9.457858086,0,9.699999809,0,10,8.880000114,9.090000153,0,126786100
2022-10-04,10.76441002,0,11.03999996,0,11.10000038,10.53999996,10.57999992,0,114533100
2022-10-05,11.13492107,0,11.42000008,0,11.65999985,10.21000004,10.52999973,0,110030200
2022-10-06,10.9106636,0,11.18999958,0,11.92000008,11.05000019,11.28999996,0,117138000
2022-10-07,8.980090141,0,9.210000038,0,10.27999973,9,10.18000031,0,134873300
2022-10-10,8.07330513,0,8.279999733,0,9.090000153,7.860000134,9.069999695,0,163448700
2022-10-11,7.38103056,0,7.570000172,0,8.020000458,7.199999809,7.809999943,0,186475200
2022-10-12,7.156770229,0,7.340000153,0,7.619999886,7.230000019,7.489999771,0,110516500
2022-10-13,7.800296307,0,8,0,8.359999657,6.210000038,6.420000076,0,284532700
2022-10-14,6.757005692,0,6.929999828,0,8.270000458,6.869999886,8.260000229,0,177216100
2022-10-17,7.14702034,0,7.329999924,0,7.670000076,7.199999809,7.46999979,0,113321500
2022-10-18,7.21527338,0,7.400000095,0,8.210000038,7.039999962,8.039999962,0,185506400
2022-10-19,7.38103056,0,7.570000172,0,7.800000191,7.199999809,7.269999981,0,134272400
2022-10-20,7.507784367,0,7.699999809,0,8.420000076,7.590000153,7.699999809,0,170614600
2022-10-21,8.36581707,0,8.579999924,0,8.640000343,7.550000191,7.650000095,0,178616600
2022-10-24,8.463319778,0,8.680000305,0,8.81000042,8.079999924,8.640000343,0,147205700
2022-10-25,9.028841972,0,9.260000229,0,9.470000267,8.75,8.800000191,0,127146900
2022-10-26,8.78508091,0,9.010000229,0,9.670000076,8.550000191,8.739999771,0,143571600
2022-10-27,8.307315826,0,8.520000458,0,9.43999958,8.479999542,9.159999847,0,129662300
2022-10-28,9.262851715,0,9.5,0,9.56000042,8.489999771,8.56000042,0,129291600
2022-10-31,8.697328568,0,8.920000076,0,9.350000381,8.75,9.300000191,0,118351000
2022-11-01,8.872837067,0,9.100000381,0,9.520000458,8.93999958,9.409999847,0,108638200
2022-11-02,8.034302711,0,8.239999771,0,9.770000458,8.199999809,9.270000458,0,174985600
2022-11-03,7.693041325,0,7.889999866,0,8.289999962,7.53000021,7.78000021,0,135668700
2022-11-04,8.765582085,0,8.989999771,0,9.06000042,8.420000076,8.720000267,0,173041700
2022-11-07,9.350605011,0,9.590000153,0,9.68999958,8.880000114,9.270000458,0,105846700
2022-11-08,9.916125298,0,10.17000008,0,10.56000042,9.609999657,10.10999966,0,147373300
2022-11-09,9.009342194,0,9.239999771,0,9.819999695,9.180000305,9.739999771,0,107444900
2022-11-10,11.7784462,0,12.07999992,0,12.17000008,10.56000042,10.80000019,0,196270300
2022-11-11,12.88998795,0,13.22000027,0,13.40999985,11.82999992,12.27999973,0,166468400
2022-11-14,12.45122433,0,12.77000046,0,13.51000023,12.72999954,12.98999977,0,108739600
2022-11-15,13.52376175,0,13.86999989,0,14.43999958,13.31000042,14.34000015,0,159797700
2022-11-16,11.82719707,0,12.13000011,0,12.98999977,11.86999989,12.93000031,0,112310400
2022-11-17,12.06120682,0,12.36999989,0,12.57999992,11.31000042,11.34000015,0,128795400
2022-11-18,12.17821121,0,12.48999977,0,13.02999973,12.06999969,12.98999977,0,117064100
2022-11-21,11.59319019,0,11.89000034,0,12.19999981,11.73999977,12.06999969,0,84238200
2022-11-22,12.57797909,0,12.89999962,0,12.93999958,11.85000038,12.14000034,0,86949600
2022-11-23,12.98749161,0,13.31999969,0,13.75,12.84000015,12.89999962,0,113790600
2022-11-25,12.53897476,0,12.85999966,0,13.26000023,12.82999992,13.13000011,0,41754500
2022-11-28,11.54443645,0,11.84000015,0,12.76000023,11.60000038,12.35999966,0,87803100
2022-11-29,11.43718243,0,11.72999954,0,12.18000031,11.5,11.94999981,0,75056000
2022-11-30,13.47500992,0,13.81999969,0,13.85000038,11.52000046,11.84000015,0,133385800
2022-12-01,13.1629982,0,13.5,0,14.13000011,12.93999958,14.09000015,0,112133900
2022-12-02,12.70473003,0,13.02999973,0,13.13000011,12.30000019,12.48999977,0,98017700
2022-12-05,12.27571583,0,12.59000015,0,13.15999985,12.19999981,12.80000019,0,71095100
2022-12-06,11.42743492,0,11.72000027,0,12.60000038,11.38000011,12.53999996,0,86923400
2022-12-07,11.40793037,0,11.69999981,0,11.93000031,11.32999992,11.40999985,0,86276700
2022-12-08,12.30496597,0,12.61999989,0,12.72000027,11.64999962,11.89000034,0,101888300
2022-12-09,12.01245499,0,12.31999969,0,12.98999977,12.18000031,12.48999977,0,88787400
2022-12-12,12.65597725,0,12.97999954,0,13.01000023,11.93999958,12.14000034,0,73482200
2022-12-13,13.28975487,0,13.63000011,0,14.90999985,13.14000034,14.72000027,0,180078900
2022-12-14,12.67547989,0,13,0,14.02999973,12.53999996,13.51000023,0,139612300
2022-12-15,11.11542034,0,11.39999962,0,12.38000011,11.31999969,12.22999954,0,107181700
2022-12-16,10.83266068,0,11.10999966,0,11.47999954,10.77000046,11.19999981,0,88813800
2022-12-19,10.42314529,0,10.68999958,0,11.14999962,10.35000038,11.11999989,0,82876800
2022-12-20,10.18634415,0,10.40999985,0.038,10.75,10.15999985,10.25,0,88304000
2022-12-21,10.90065861,0,11.14000034,0,11.27000046,10.60000038,10.63000011,0,83240400
2022-12-22,9.569879532,0,9.779999733,0,10.56000042,9.109999657,10.53999996,0,135617300
2022-12-23,9.56009388,0,9.770000458,0,9.81000042,9.229999542,9.590000153,0,92378600
2022-12-27,9.070836067,0,9.270000458,0,9.590000153,9.130000114,9.579999924,0,78142100
2022-12-28,8.669643402,0,8.859999657,0,9.430000305,8.739999771,9.100000381,0,83917300
2022-12-29,9.462242126,0,9.670000076,0,9.829999924,9.180000305,9.279999733,0,90966000
2022-12-30,9.462242126,0,9.670000076,0,9.699999809,9.06000042,9.270000458,0,64369800
2023-01-03,9.158903122,0,9.359999657,0,10.21000004,9.18999958,10.17000008,0,97509800
2023-01-04,9.853648186,0,10.06999969,0,10.27000046,9.579999924,9.880000114,0,114576600
2023-01-05,9.364391327,0,9.569999695,0,10,9.529999733,9.800000191,0,83312800
2023-01-06,10.63646126,0,10.86999989,0,11.06999969,9.56000042,9.949999809,0,123492600
2023-01-09,11.28228092,0,11.52999973,0,12.27000046,11.27999973,11.52999973,0,136968300
2023-01-10,11.71282864,0,11.97000027,0,11.98999977,11.18999958,11.38000011,0,90401400
2023-01-11,12.13358974,0,12.39999962,0,12.43000031,11.64999962,11.97999954,0,80469400
2023-01-12,12.54456615,0,12.81999969,0,13.07999992,11.81999969,12.59000015,0,135343400
2023-01-13,12.67177296,0,12.94999981,0,13,12.27000046,12.36999989,0,74389800
2023-01-17,12.77941036,0,13.06000042,0,13.43000031,12.67000008,12.88000011,0,74500500
2023-01-18,12.54456615,0,12.81999969,0,13.76000023,12.81000042,13.44999981,0,82050400
2023-01-19,11.51712513,0,11.77000046,0,12.52000046,11.61999989,12.47999954,0,99618400
2023-01-20,12.5152092,0,12.78999996,0,12.85999966,11.75,12.10999966,0,89921600
2023-01-23,14.423316,0,14.73999977,0,14.90999985,13.13000011,13.18000031,0,125178200
2023-01-24,14.12976074,0,14.43999958,0,14.85000038,14.15999985,14.28999996,0,75816000
2023-01-25,14.21782684,0,14.52999973,0,14.63000011,13.32999992,13.71000004,0,93424800
2023-01-26,14.91257286,0,15.23999977,0,15.30000019,14.30000019,15.02000046,0,111443300
2023-01-27,14.6581583,0,14.97999954,0,15.35999966,14.35000038,14.5,0,101402600
2023-01-30,13.50351048,0,13.80000019,0,14.61999989,13.72999954,14.35000038,0,81286700
2023-01-31,14.20804214,0,14.52000046,0,14.55000019,13.64000034,13.67000008,0,97363300
2023-02-01,16.43905449,0,16.79999924,0,17.28000069,14.68000031,14.72999954,0,150219900
2023-02-02,17.53499222,0,17.92000008,0,18.39999962,17.01000023,17.32999992,0,116420900
2023-02-03,16.56625938,0,16.93000031,0,18.12999916,16.60000038,16.78000069,0,94867600
2023-02-06,15.75409508,0,16.10000038,0,16.86000061,15.85999966,16.12000084,0,77254800
2023-02-07,17.21208572,0,17.59000015,0,17.85000038,16.12999916,16.21999931,0,119100900
2023-02-08,16.13571548,0,16.48999977,0,17.69000053,16.35000038,17.32999992,0,72392900
2023-02-09,16.22378349,0,16.57999992,0,17.89999962,16.20999908,17.32999992,0,84793400
2023-02-10,15.46054173,0,15.80000019,0,16.21999931,15.25,16.05999947,0,78447700
2023-02-13,16.06722069,0,16.42000008,0,16.62000084,15.56999969,15.98999977,0,60332300
2023-02-14,16.9576664,0,17.32999992,0,17.53000069,15.67000008,16.05999947,0,111460800
2023-02-15,17.16316032,0,17.54000092,0,17.59000015,16.43000031,16.80999947,0,74638200
2023-02-16,15.93023205,0,16.28000069,0,17.17000008,16.18000031,16.64999962,0,81774100
2023-02-17,15.16698647,0,15.5,0,16.12000084,15.03999996,15.97999954,0,82871000
2023-02-21,13.70899963,0,14.01000023,0,15.31000042,13.89000034,14.78999996,0,68114400
2023-02-22,13.53286552,0,13.82999992,0,14.40999985,13.53999996,14.10999966,0,70471500
2023-02-23,14.75601006,0,15.07999992,0,15.34000015,14.27999973,15.13000011,0,94198000
2023-02-24,14.00255394,0,14.31000042,0,14.53999996,13.96000004,14.28999996,0,74689200
2023-02-27,14.18847275,0,14.5,0,15.01000023,14.5,14.96000004,0,61896900
2023-02-28,14.33524704,0,14.64999962,0,15.27000046,14.31000042,14.39999962,0,59300500
2023-03-01,14.36460209,0,14.68000031,0,15.22000027,14.47999954,14.81000042,0,63832600
2023-03-02,14.6875124,0,15.01000023,0,15.23999977,13.65999985,14.01000023,0,73485400
2023-03-03,15.34311962,0,15.68000031,0,15.77000046,14.64999962,15.05000019,0,72055200
2023-03-06,14.84407711,0,15.17000008,0,16.25,15.03999996,15.82999992,0,56252700
2023-03-07,14.33524704,0,14.64999962,0,15.42000008,14.48999977,15.18999958,0,66744300
2023-03-08,15.47032642,0,15.81000042,0,15.89999962,14.85000038,14.85999966,0,71670200
2023-03-09,14.58966064,0,14.90999985,0,16.54000092,14.80000019,15.75,0,87945700
2023-03-10,13.74814034,0,14.05000019,0,15.25,13.81000042,15.10999966,0,128656300
2023-03-13,13.71878338,0,14.02000046,0,14.53999996,13.14999962,13.60999966,0,121199400
2023-03-14,14.89300251,0,15.22000027,0,15.53999996,14.53999996,14.76000023,0,107012500
2023-03-15,14.37438774,0,14.68999958,0,14.85000038,13.75,14.60000038,0,126199700
2023-03-16,16.06722069,0,16.42000008,0,16.52000046,14.30000019,14.47999954,0,108646600
2023-03-17,15.78345013,0,16.12999916,0,16.89999962,15.82999992,16.48999977,0,79179200
2023-03-20,16.2531395,0,16.61000061,0,16.79000092,15.77999973,16.13999939,0,62536400
2023-03-21,16.33643723,0,16.67000008,0.025,17.53000069,15.93999958,17.01000023,0,76051300
2023-03-22,15.91504288,0,16.23999977,0,18.02000046,16.20000076,16.68000031,0,95075000
2023-03-23,17.140028,0,17.48999977,0,18.17000008,16.62999916,17.02000046,0,97514400
2023-03-24,16.23843956,0,16.56999969,0,17.21999931,16.04000092,17.10000038,0,90583300
2023-03-27,15.65044498,0,15.97000027,0,16.92000008,15.81000042,16.76000023,0,64605200
2023-03-28,15.31724834,0,15.63000011,0,15.88000011,14.89999962,15.86999989,0,75621600
2023-03-29,16.73823166,0,17.07999992,0,17.46999931,16.29999924,16.34000015,0,90012500
2023-03-30,17.59082603,0,17.95000076,0,18.29000092,17.57999992,17.76000023,0,80622200
2023-03-31,17.93382072,0,18.29999924,0,18.34000015,17.43000031,17.55999947,0,68287500
2023-04-03,17.45362854,0,17.80999947,0,18.15999985,17.12999916,17.92000008,0,57147300
2023-04-04,16.45403671,0,16.79000092,0,17.89999962,16.51000023,17.87000084,0,64093400
2023-04-05,15.6014452,0,15.92000008,0,16.30999947,15.38000011,16.25,0,86953300
2023-04-06,15.34664631,0,15.65999985,0,16.01000023,15.09000015,15.44999981,0,65901100
2023-04-10,16.06204224,0,16.38999939,0,16.5,15.14000034,15.22000027,0,63177700
2023-04-11,15.88564014,0,16.20999908,0,16.79000092,16.11000061,16.71999931,0,52220200
2023-04-12,15.02325153,0,15.32999992,0,16.73999977,15.27000046,16.65999985,0,76962300
2023-04-13,15.35644817,0,15.67000008,0,15.94999981,15.03999996,15.39000034,0,59431400
2023-04-14,15.26824856,0,15.57999992,0,16.19000053,15.07999992,15.64000034,0,56858500
2023-04-17,15.26824856,0,15.57999992,0,15.61999989,14.94999981,15.10000038,0,56761700
2023-04-18,15.4642477,0,15.77999973,0,16.36000061,15.40999985,16.02000046,0,56833200
2023-04-19,14.95465183,0,15.26000023,0,15.38000011,14.97999954,15.19999981,0,53185600
2023-04-20,14.895854,0,15.19999981,0,15.89999962,14.75,14.78999996,0,65191000
2023-04-21,14.5626545,0,14.85999966,0,15.09000015,14.47999954,15.09000015,0,68276000
2023-04-24,14.33725643,0,14.63000011,0,15.03999996,14.35999966,14.77999973,0,48740200
2023-04-25,12.93587112,0,13.19999981,0,14.42000008,13.17000008,14.42000008,0,89382800
2023-04-26,13.10246849,0,13.36999989,0,13.78999996,13.18000031,13.61999989,0,68911200
2023-04-27,13.26906872,0,13.53999996,0,13.60000038,12.52000046,13.32999992,0,87997600
2023-04-28,13.945261,0,14.22999954,0,14.27000046,13.53999996,13.76000023,0,65456800
2023-05-01,14.36665726,0,14.65999985,0,14.78999996,14.31999969,14.46000004,0,57191000
2023-05-02,14.06286144,0,14.35000038,0,14.90999985,13.90999985,14.65999985,0,61126500
2023-05-03,13.56306362,0,13.84000015,0,14.61999989,13.81000042,14.11999989,0,71240700
2023-05-04,13.32786846,0,13.60000038,0,14,13.22000027,13.5,0,62383900
2023-05-05,14.18046093,0,14.47000027,0,14.68000031,13.43999958,13.61999989,0,62636200
2023-05-08,14.3568573,0,14.64999962,0,14.69999981,14.06999969,14.46000004,0,41012800
2023-05-09,13.66106606,0,13.93999958,0,14.11999989,13.73999977,14.06999969,0,57414300
2023-05-10,14.02366066,0,14.31000042,0,14.64000034,13.90999985,14.38000011,0,78346700
2023-05-11,13.78846359,0,14.06999969,0,14.43000031,13.64000034,14.32999992,0,54962200
2023-05-12,13.73946476,0,14.02000046,0,14.36999989,13.59000015,14.18000031,0,46243600
2023-05-15,14.80765247,0,15.10999966,0,15.14000034,13.97000027,14.10000038,0,64054000
2023-05-16,14.74885464,0,15.05000019,0,15.56999969,14.97000027,14.97999954,0,54294600
2023-05-17,15.81704044,0,16.13999939,0,16.34000015,15.14000034,15.47999954,0,77302900
2023-05-18,17.31642723,0,17.67000008,0,17.79999924,16.31999969,16.34000015,0,91302200
2023-05-19,17.04202843,0,17.38999939,0,17.63999939,17.05999947,17.59000015,0,49521200
2023-05-22,17.17923164,0,17.53000069,0,17.71999931,16.88999939,16.92000008,0,43944400
2023-05-23,16.58143616,0,16.92000008,0,17.54999924,16.79000092,17.20000076,0,41287200
2023-05-24,15.70924664,0,16.03000069,0,16.22999954,15.48999977,15.89000034,0,87475800
2023-05-25,18.76681328,0,19.14999962,0,19.38999939,17.62999916,18.15999985,0,124768700
2023-05-26,22.42217827,0,22.87999916,0,23.26000023,20.03000069,20.04999924,0,112964600
2023-05-30,22.41237831,0,22.87000084,0,24.79999924,22.59000015,24.56999969,0,99439100
2023-05-31,20.7267952,0,21.14999962,0,22.67000008,21.09000015,21.70999908,0,73938700
2023-06-01,21.71658707,0,22.15999985,0,22.75,20.82999992,21.47999954,0,74757400
2023-06-02,21.57938957,0,22.02000046,0,22.88999939,21.53000069,22.69000053,0,65015000
2023-06-05,20.55039406,0,20.96999931,0,21.75,20.65999985,21.75,0,35747700
2023-06-06,21.2951889,0,21.72999954,0,22.05999947,20.43000031,20.54999924,0,49445200
2023-06-07,21.2069912,0,21.63999939,0,23.10000038,21.48999977,22.14999962,0,65066100
2023-06-08,21.83418655,0,22.28000069,0,22.46999931,21.45999908,21.79000092,0,43045900
2023-06-09,21.95178413,0,22.39999962,0,23.48999977,22.09000015,23.03000069,0,50142100
2023-06-12,24.10776138,0,24.60000038,0,24.68000031,23.12999916,23.20000076,0,52761000
2023-06-13,25.04855347,0,25.55999947,0,26.07999992,24.71999931,25.79000092,0,82626800
2023-06-14,26.10693932,0,26.63999939,0,26.70000076,24.84000015,25.30999947,0,84622000
2023-06-15,25.43074799,0,25.95000076,0,26.56999969,25.42000008,25.75,0,64797200
2023-06-16,24.73495483,0,25.23999977,0,26.79000092,25.12999916,26.77000046,0,55392600
2023-06-20,24.15675926,0,24.64999962,0,25.54999924,23.97999954,24.86000061,0,43349100
2023-06-21,22.3586483,0,22.78000069,0.038,24.48999977,22.70000076,24.17000008,0,59099400
2023-06-22,22.67272758,0,23.10000038,0,23.37999916,22.21999931,22.28000069,0,44637500
2023-06-23,21.48510551,0,21.88999939,0,22.28000069,21.52000046,21.95000076,0,44294000
2023-06-26,21.68140984,0,22.09000015,0,23.31999969,22.04999924,22.31999969,0,47524300
2023-06-27,23.91923714,0,24.37000084,0,24.48999977,22.01000023,22.29000092,0,54471000
2023-06-28,23.28125763,0,23.71999931,0,24.44000053,23.11000061,23.18000031,0,55584500
2023-06-29,23.36959076,0,23.80999947,0,24.11000061,23.17000008,24.11000061,0,45213700
2023-06-30,24.37072754,0,24.82999992,0,25.17000008,24.29000092,24.56999969,0,47598800
2023-07-03,25.01852036,0,25.48999977,0,25.75,24.68000031,25.26000023,0,25289900
2023-07-05,23.40885544,0,23.85000038,0,25.18000031,23.82999992,24.98999977,0,38292000
2023-07-06,22.55494499,0,22.97999954,0,23.04999924,22.04000092,22.60000038,0,49420400
2023-07-07,22.53531647,0,22.95999908,0,24.03000069,22.82999992,23.07999992,0,41284000
2023-07-10,23.87015915,0,24.31999969,0,24.44000053,23.07999992,23.15999985,0,39943500
2023-07-11,23.8897934,0,24.34000015,0,24.73999977,23.28000069,24.68000031,0,44231000
2023-07-12,25.21481705,0,25.69000053,0,25.85000038,25,25.44000053,0,54237000
2023-07-13,26.7754097,0,27.28000069,0,27.45000076,26.20999908,26.51000023,0,42645500
2023-07-14,25.74483299,0,26.22999954,0,28.03000069,25.89999962,27.34000015,0,47910200
2023-07-17,27.54098129,0,28.05999947,0,28.53000069,25.77000046,26.28000069,0,50068600
2023-07-18,27.73728561,0,28.26000023,0,28.54999924,27.09000015,27.75,0,45800100
2023-07-19,26.78522682,0,27.29000092,0,28.44000053,27.04000092,28.40999985,0,49085500
2023-07-20,23.84071541,0,24.29000092,0,26.05999947,23.87000084,25.79000092,0,67340600
2023-07-21,24.45906067,0,24.92000008,0,25.59000015,24.5,25.01000023,0,43146400
2023-07-24,24.43943405,0,24.89999962,0,25.44000053,24.51000023,24.90999985,0,29911500
2023-07-25,25.64668083,0,26.12999916,0,26.59000015,25.30999947,25.30999947,0,39288500
2023-07-26,24.59647369,0,25.05999947,0,25.72999954,24.20999908,25.20000076,0,54225500
2023-07-27,25.97057915,0,26.45999908,0,28.04999924,26,27,0,83083300
2023-07-28,27.62931633,0,28.14999962,0,28.44000053,27.14999962,27.98999977,0,60636000
2023-07-31,27.88451195,0,28.40999985,0,28.75,27.95000076,28.45999908,0,37007400
2023-08-01,28.00228882,0,28.53000069,0,28.71999931,27.44000053,27.80999947,0,36908400
2023-08-02,24.81240463,0,25.28000069,0,27.5,24.79000092,27.5,0,81886500
2023-08-03,24.68480873,0,25.14999962,0,25.60000038,24.06999969,24.29000092,0,51031600
2023-08-04,24.41980171,0,24.87999916,0,25.95000076,24.07999992,24.81999969,0,59250900
2023-08-07,25.18537712,0,25.65999985,0,25.78000069,24.97999954,25.45999908,0,40030800
2023-08-08,24.00757217,0,24.45999908,0,24.54999924,23.43000031,24.5,0,52987700
2023-08-09,22.66290855,0,23.09000015,0,24.44000053,22.95000076,24.39999962,0,49811500
2023-08-10,22.38809013,0,22.80999947,0,24.40999985,22.30999947,23.65999985,0,65350400
2023-08-11,20.74897957,0,21.13999939,0,22,21.01000023,21.93000031,0,66258400
2023-08-14,22.50587273,0,22.93000031,0,22.95999908,20.65999985,20.86000061,0,55110100
2023-08-15,21.39677048,0,21.79999924,0,22.81999969,21.70000076,22.62000084,0,45574800
2023-08-16,20.15026283,0,20.53000069,0,21.78000069,20.46999931,21.70999908,0,54398900
2023-08-17,19.54173088,0,19.90999985,0,20.75,19.70999908,20.62000084,0,50769000
2023-08-18,19.77729034,0,20.14999962,0,20.43000031,19.11000061,19.21999931,0,63687900
2023-08-21,21.47529221,0,21.87999916,0,22.03000069,20.38999939,20.51000023,0,60272400
2023-08-22,20.9550972,0,21.35000038,0,22.81999969,21.10000038,22.70999908,0,59640500
2023-08-23,22.18197441,0,22.60000038,0,22.88999939,20.89999962,20.95000076,0,67010200
2023-08-24,20.03248215,0,20.40999985,0,23.92000008,20.23999977,23.88999939,0,87095000
2023-08-25,20.27786064,0,20.65999985,0,21.17000008,19.39999962,20.34000015,0,73315300
2023-08-28,21.0237999,0,21.42000008,0,21.59000015,20.76000023,21.26000023,0,57976500
2023-08-29,22.64328194,0,23.06999969,0,23.30999947,20.96999931,21.09000015,0,62384100
2023-08-30,22.96717644,0,23.39999962,0,23.70000076,22.37000084,22.92000008,0,58519900
2023-08-31,23.41866875,0,23.86000061,0,24.28000069,23.13999939,23.17000008,0,57584100
2023-09-01,23.57570839,0,24.02000046,0,24.51000023,23.51000023,24.35000038,0,50183300
2023-09-05,23.57570839,0,24.02000046,0,24.57999992,23.37999916,23.75,0,39873800
2023-09-06,23.00644112,0,23.44000053,0,24.29000092,22.65999985,23.87000084,0,45032300
2023-09-07,21.46547699,0,21.87000084,0,22.04999924,21,21.86000061,0,61690800
2023-09-08,21.10231972,0,21.5,0,22.19000053,21.21999931,21.71999931,0,40693000
2023-09-11,21.05324554,0,21.45000076,0,22.30999947,20.59000015,22.23999977,0,55474600
2023-09-12,20.55268097,0,20.94000053,0,21.97999954,20.85000038,21,0,49005100
2023-09-13,20.83731651,0,21.22999954,0,21.87000084,20.79000092,20.87999916,0,56098900
2023-09-14,21.24954605,0,21.64999962,0,21.93000031,21.04999924,21.86000061,0,54201500
2023-09-15,19.42394829,0,19.79000092,0,21.27000046,19.45000076,21.23999977,0,77383000
2023-09-18,19.56136131,0,19.93000031,0,20.18000031,19.20000076,19.29000092,0,41631100
2023-09-19,19.10223961,0,19.43000031,0.033,19.80999947,19.07999992,19.76000023,0,50047300
2023-09-20,18.1682663,0,18.47999954,0,19.92000008,18.44000053,19.65999985,0,58695600
2023-09-21,17.12614441,0,17.42000008,0,18.12999916,17.38999939,17.76000023,0,68048000
2023-09-22,17.5390625,0,17.84000015,0,18.37000084,17.62999916,17.89999962,0,65378900
2023-09-25,17.91264915,0,18.21999931,0,18.28000069,17.34000015,17.61000061,0,56510100
2023-09-26,16.94918251,0,17.23999977,0,17.92000008,16.98999977,17.73999977,0,70947400
2023-09-27,17.38175774,0,17.68000031,0,18.07999992,16.88999939,17.63999939,0,80980900
2023-09-28,18.32556725,0,18.63999939,0,19.21999931,17.35000038,17.56999969,0,88909800
2023-09-29,18.55168915,0,18.87000084,0,19.65999985,18.65999985,19.43000031,0,75732800
2023-10-02,18.75814438,0,19.07999992,0,19.57999992,18.43000031,18.95000076,0,65982800
2023-10-03,17.58821869,0,17.88999939,0,19.38999939,17.53000069,18.60000038,0,77741000
2023-10-04,18.32556725,0,18.63999939,0,18.80999947,17.77000046,18.18000031,0,74018800
2023-10-05,18.08961678,0,18.39999962,0,18.87000084,17.81999969,18.57999992,0,63584100
2023-10-06,19.14156532,0,19.46999931,0,19.79000092,17.65999985,18.02000046,0,92805900
2023-10-09,19.05308151,0,19.37999916,0,19.53000069,18.45000076,18.92000008,0,62652500
2023-10-10,19.71178055,0,20.04999924,0,20.62000084,19.29000092,19.55999947,0,67622800
2023-10-11,20.16402245,0,20.51000023,0,20.68000031,19.81999969,20.30999947,0,62660000
2023-10-12,20.33115196,0,20.68000031,0,21.56999969,20.09000015,20.67000008,0,83392100
2023-10-13,18.65982628,0,18.97999954,0,20.88999939,18.85000038,20.79999924,0,88671200
2023-10-16,19.47582817,0,19.80999947,0,20,19.10000038,19.12999916,0,65688500
2023-10-17,18.97443008,0,19.29999924,0,19.76000023,17.90999985,18.62999916,0,90214600
2023-10-18,17.97163963,0,18.28000069,0,18.79000092,17.97999954,18.37000084,0,81406400
2023-10-19,17.13597679,0,17.43000031,0,18.93000031,17.22999954,18.76000023,0,115930900
2023-10-20,16.35930061,0,16.63999939,0,17.79000092,16.56999969,17.42000008,0,83690500
2023-10-23,16.11352158,0,16.38999939,0,17.26000023,15.82999992,16.35000038,0,89594500
2023-10-24,16.75255775,0,17.04000092,0,17.12999916,16.42000008,16.65999985,0,79093400
2023-10-25,14.71747398,0,14.97000027,0,16.52000046,14.71000004,16.37999916,0,107436500
2023-10-26,14.48152256,0,14.72999954,0,15.68000031,14.47999954,15.13000011,0,101804700
2023-10-27,14.84528065,0,15.10000038,0,15.56999969,14.93000031,15.30000019,0,91507300
2023-10-30,14.28489494,0,14.52999973,0,15.10999966,14.02000046,14.81999969,0,104353000
2023-10-31,14.64865398,0,14.89999962,0,15.02999973,14.01000023,14.53999996,0,75873100
2023-11-01,15.68094349,0,15.94999981,0,16.02000046,14.93000031,14.94999981,0,100044400
2023-11-02,16.79187965,0,17.07999992,0,17.40999985,16.37999916,16.89999962,0,89974100
2023-11-03,18.0699501,0,18.37999916,0,18.76000023,17.5,17.60000038,0,88065900
2023-11-06,17.9421463,0,18.25,0,18.63999939,17.72999954,18.45000076,0,52668800
2023-11-07,18.28624153,0,18.60000038,0,18.87999916,18.05999947,18.15999985,0,56719500
2023-11-08,18.35505867,0,18.67000008,0,18.95999908,18.28000069,18.65999985,0,50269100
2023-11-09,18.07978058,0,18.38999939,0,19.70000076,18.28000069,19.04000092,0,75784400
2023-11-10,20.25250053,0,20.60000038,0,20.78000069,18.82999992,19.05999947,0,95598900
2023-11-13,19.68228722,0,20.02000046,0,20.20000076,19.57999992,20.11000061,0,57461900
2023-11-14,21.76652527,0,22.13999939,0,22.38999939,21.37999916,21.51000023,0,94381100
2023-11-15,22.24825859,0,22.62999916,0,23.18000031,22.18000031,22.61000061,0,78026200
2023-11-16,22.33674049,0,22.71999931,0,22.90999985,22.13999939,22.37000084,0,61404400
2023-11-17,22.7398243,0,23.12999916,0,23.29000092,22.37000084,22.46999931,0,54090800
2023-11-20,23.77211571,0,24.18000031,0,24.42000008,23.04999924,23.09000015,0,56824400
2023-11-21,22.45471573,0,22.84000015,0,23.60000038,22.45000076,23.56999969,0,63297900
2023-11-22,22.61201668,0,23,0,24.12000084,22.81999969,23.22999954,0,64858200
2023-11-24,22.70049477,0,23.09000015,0,23.14999962,22.75,22.96999931,0,21933500
2023-11-27,22.58252525,0,22.96999931,0,23.54000092,22.60000038,22.79000092,0,40671500
2023-11-28,22.15977859,0,22.54000092,0,22.88999939,21.96999931,22.5,0,53548300
2023-11-29,22.82830811,0,23.21999931,0,24.29999924,23.13999939,23.45999908,0,69262600
2023-11-30,22.4252224,0,22.80999947,0,23.46999931,22.19000053,23.45000076,0,58913500
2023-12-01,22.68083572,0,23.06999969,0,23.20000076,21.84000015,22.37999916,0,54913400
2023-12-04,21.93365669,0,22.30999947,0,22.44000053,21.29000092,22.36000061,0,55773300
2023-12-05,21.56006622,0,21.93000031,0,22.09000015,21.34000015,21.68000031,0,51980900
2023-12-06,21.10782433,0,21.46999931,0,22.88999939,21.40999985,22.82999992,0,60117400
2023-12-07,22.78898239,0,23.18000031,0,23.39999962,21.81999969,22.02000046,0,77337000
2023-12-08,23.30020905,0,23.70000076,0,24.04000092,22.95000076,23.01000023,0,69286800
2023-12-11,25.66955948,0,26.11000061,0,26.37999916,24.30999947,24.38999939,0,80772700
2023-12-12,26.20044708,0,26.64999962,0,26.71999931,25.60000038,25.75,0,55752100
2023-12-13,27.4490242,0,27.92000008,0,28.39999962,26.42000008,26.70000076,0,80992700
2023-12-14,29.68073273,0,30.19000053,0,30.48999977,28.61000061,28.62000084,0,86502800
2023-12-15,30.05431938,0,30.56999969,0,31.59000015,30.35000038,30.45999908,0,66922000
2023-12-18,29.77904701,0,30.29000092,0,30.70999908,29.45999908,30.55999947,0,46100400
2023-12-19,30.2312851,0,30.75,0,30.97999954,30.29000092,30.32999992,0,39361100
2023-12-20,27.62598991,0,28.10000038,0,30.62000084,28.04999924,30.20000076,0,59562600
2023-12-21,29.81639671,0,30.26000023,0.063,30.40999985,29.35000038,29.75,0,62019200
2023-12-22,30.0627346,0,30.51000023,0,31.07999992,29.87999916,30.62000084,0,42657600
2023-12-26,31.68854332,0,32.15999985,0,32.52999878,30.90999985,30.93000031,0,48619700
2023-12-27,31.87575912,0,32.34999847,0,32.74000168,31.85000038,32.56000137,0,47991500
2023-12-28,31.74766731,0,32.22000122,0,32.77999878,32.04999924,32.59000015,0,34883800
2023-12-29,30.93968582,0,31.39999962,0,32.34999847,30.88999939,32.16999817,0,53294900
2024-01-02,27.62894249,0,28.04000092,0,29.89999962,27.26000023,29.88999939,0,79763800
2024-01-03,25.86518288,0,26.25,0,27.04999924,25.87999916,26.59000015,0,62304900
2024-01-04,25.20500565,0,25.57999992,0,26.32999992,24.79999924,24.95999908,0,75067000
2024-01-05,25.54987526,0,25.93000031,0,26.62000084,25.39999962,25.64999962,0,73944700
2024-01-08,28.01322365,0,28.43000031,0,28.67000008,26.43000031,26.48999977,0,73206500
2024-01-09,28.00337219,0,28.42000008,0,29.13999939,27.35000038,27.5,0,67616000
2024-01-10,27.7570343,0,28.17000008,0,28.68000031,27.09000015,28.63999939,0,62528400
2024-01-11,28.04278564,0,28.45999908,0,29.04000092,26.78000069,28.25,0,77551200
2024-01-12,27.68806458,0,28.10000038,0,28.97999954,27.61000061,28.57999992,0,48992100
2024-01-16,28.76208496,0,29.19000053,0,29.82999992,27.70000076,28.14999962,0,77707000
2024-01-17,28.01322365,0,28.43000031,0,28.54999924,26.95999908,28.37000084,0,77075400
2024-01-18,30.73276711,0,31.19000053,0,31.30999947,29.80999947,30.71999931,0,99590300
2024-01-19,34.34896469,0,34.86000061,0,34.99000168,31.89999962,32.41999817,0,91848600
2024-01-22,34.7430954,0,35.25999832,0,36.56999969,34.22000122,35.68000031,0,73322100
2024-01-23,35.39342499,0,35.91999817,0,36.00999832,34.22000122,35.22999954,0,50847400
2024-01-24,36.87143707,0,37.41999817,0,38.91999817,36.25999832,37.09999847,0,97248200
2024-01-25,36.57583618,0,37.11999893,0,39.52999878,36.52000046,39.5,0,82851400
2024-01-26,33.51141739,0,34.00999832,0,35.54999924,33.70000076,34.86999893,0,70933100
2024-01-29,34.52632523,0,35.04000092,0,35.13000107,33.50999832,34.22999954,0,54398800
2024-01-30,33.03845978,0,33.52999878,0,35.13000107,33.04999924,34.56000137,0,55768200
2024-01-31,31.62942505,0,32.09999847,0,33.86999893,31.13999939,31.92000008,0,85888800
2024-02-01,31.97429657,0,32.45000076,0,32.72000122,31.20000076,32.27999878,0,60671300
2024-02-02,33.15670395,0,33.65000153,0,33.91999817,32.16999817,32.34999847,0,67828900
2024-02-05,34.5854454,0,35.09999847,0,35.59999847,33.41999817,34.54999924,0,65899800
2024-02-06,33.33406448,0,33.83000183,0,35.47999954,32.65999985,35.36999893,0,62828900
2024-02-07,34.84163284,0,35.36000061,0,35.49000168,33.45999908,34.43999863,0,63261800
2024-02-08,36.60539627,0,37.15000153,0,37.95000076,35.63999939,35.74000168,0,59516900
2024-02-09,38.74357986,0,39.31999969,0,39.54000092,37.16999817,37.86000061,0,65860900
2024-02-12,38.57607269,0,39.15000153,0,41.33000183,38.65000153,39.40999985,0,72207900
2024-02-13,36.2999382,0,36.84000015,0,37.95999908,35.15999985,35.70999908,0,86489300
2024-02-14,38.54650879,0,39.11999893,0,39.27000046,37.61000061,38.13999939,0,62424100
2024-02-15,38.53666306,0,39.11000061,0,40.11999893,38.5,40,0,60937300
2024-02-16,37.76809692,0,38.33000183,0,40.77999878,37.97000122,39.84000015,0,77150800
2024-02-20,35.88608932,0,36.41999817,0,37.66999817,34.65999985,37.24000168,0,80980100
2024-02-21,35.61019897,0,36.13999939,0,36.15000153,34.58000183,35.11000061,0,64615200
2024-02-22,40.81278992,0,41.41999817,0,42.04999924,39.86999893,40.45000076,0,96865500
2024-02-23,39.58111954,0,40.16999817,0,42.68000031,39.40999985,42.13999939,0,68430000
2024-02-26,40.60587311,0,41.20999908,0,41.79999924,40.40000153,41.22000122,0,49475100
2024-02-27,40.50733566,0,41.11000061,0,42.15999985,40.77999878,41.81000137,0,48124600
2024-02-28,39.2165451,0,39.79999924,0,40.5,39.15000153,39.74000168,0,46281900
2024-02-29,42.2119751,0,42.84000015,0,43.13000107,40.77000046,41.20999908,0,67431600
2024-03-01,47.62150192,0,48.33000183,0,48.95000076,44.24000168,44.40000153,0,90615500
2024-03-04,49.04039383,0,49.77000046,0,51.40999985,49,50,0,81255500
2024-03-05,46.1533432,0,46.84000015,0,49,45.25999832,48.00999832,0,76835800
2024-03-06,49.48378754,0,50.22000122,0,51.84999847,48.72000122,49.77000046,0,91762300
2024-03-07,54.50902557,0,55.31999969,0,56.06000137,52.09999847,52.15000153,0,91590800
2024-03-08,48.23241806,0,48.95000076,0,56.99000168,48.79999924,55.93999863,0,129037200
2024-03-11,46.08436966,0,46.77000046,0,47.79000092,45.09999847,46.93999863,0,76456400
2024-03-12,48.85316849,0,49.58000183,0,49.68999863,46,48.43999863,0,89505900
2024-03-13,45.40447998,0,46.08000183,0,48.04000092,45.09000015,47.90000153,0,79513600
2024-03-14,42.89186096,0,43.52999878,0,46.34000015,42.18000031,45.5,0,77822900
2024-03-15,42.11344528,0,42.74000168,0,44.13999939,41.61999893,41.81000137,0,72496500
2024-03-18,41.91637802,0,42.54000092,0,45.25999832,42.33000183,44.70000076,0,65139200
2024-03-19,40.84640503,0,41.41999817,0.035,41.95000076,38.95000076,40.70999908,0,83450200
2024-03-20,42.79898453,0,43.40000153,0,43.79999924,40.61999893,41.59000015,0,79396800
2024-03-21,45.66868591,0,46.31000137,0,48.75999832,46.06000137,47.61999893,0,82495700
2024-03-22,45.78702545,0,46.43000031,0,47.5,45.25,45.68000031,0,57152800
2024-03-25,45.25449753,0,45.88999939,0,47.18000031,44.13999939,44.5,0,54917700
2024-03-26,44.4064064,0,45.02999878,0,47.36999893,44.88000107,46.81999969,0,55697600
2024-03-27,45.8560524,0,46.5,0,46.54000092,43.90999985,46.22999954,0,56643600
2024-03-28,45.88563538,0,46.52999878,0,47.29999924,46.00999832,46.31000137,0,45684700
2024-04-01,47.32542038,0,47.99000168,0,49.99000168,46.72000122,46.72999954,0,63270000
2024-04-02,45.24464035,0,45.88000107,0,46.15999985,44.38000107,45.83000183,0,57411500
2024-04-03,45.55034637,0,46.18999863,0,47.18000031,44.20999908,44.29000092,0,54158200
2024-04-04,41.78324509,0,42.36999893,0,48.49000168,41.97999954,48.13000107,0,82719300
2024-04-05,43.01593781,0,43.61999893,0,44.52999878,41.93999863,42.70000076,0,71151400
2024-04-08,43.39067459,0,44,0,45.18999863,43.5,44.5,0,42780900
2024-04-09,44.76142502,0,45.38999939,0,45.84999847,43.16999817,45.36999893,0,66283900
2024-04-10,42.4932785,0,43.09000015,0,44.77000046,42.18999863,43.11000061,0,74894000
2024-04-11,45.16574097,0,45.79999924,0,46.04999924,42.65999985,43.70999908,0,64703800
2024-04-12,40.93515396,0,41.50999832,0,43.54999924,41.02999878,43.31999969,0,79978400
2024-04-15,39.22911453,0,39.77999878,0,43.40000153,39.09999847,42.99000168,0,62077800
2024-04-16,39.97859192,0,40.54000092,0,41.16999817,39.20999908,39.75,0,62696200
2024-04-17,36.54678345,0,37.06000137,0,40.84999847,36.63999939,40.59999847,0,85426600
2024-04-18,34.42655563,0,34.90999985,0,36.79999924,34.52999878,36.04000092,0,91529700
2024-04-19,30.36361122,0,30.79000092,0,34.58000183,30.20000076,33.95999908,0,105240100
2024-04-22,31.62588501,0,32.06999969,0,32.84999847,30.5,31.57999992,0,65096900
2024-04-23,33.63763428,0,34.11000061,0,34.65999985,32.59000015,32.81999969,0,66511500
2024-04-24,34.99852371,0,35.49000168,0,37.47999954,34.59999847,36.90999985,0,80370100
2024-04-25,36.89193344,0,37.40999985,0,38.18000031,34.63999939,35.27999878,0,80677600
2024-04-26,39.2488327,0,39.79999924,0,40.29000092,37.00999832,37.31999969,0,59041700
2024-04-29,40.04761887,0,40.61000061,0,40.83000183,38.70999908,39.59999847,0,51120700
2024-04-30,37.65127182,0,38.18000031,0,41.49000168,38.11999893,40.08000183,0,56304200
2024-05-01,33.89403152,0,34.36999893,0,38.06000137,33.65000153,36.08000183,0,97290300
2024-05-02,35.94523239,0,36.45000076,0,36.90999985,34.11999893,35.97999954,0,56653400
2024-05-03,38.43033218,0,38.97000122,0,39.58000183,38.09999847,38.75,0,58599400
2024-05-06,40.72806168,0,41.29999924,0,41.38000107,39.47999954,39.97000122,0,48404800
2024-05-07,39.8010788,0,40.36000061,0,41.90999985,40.27999878,41.52999878,0,51508400
2024-05-08,39.85039139,0,40.40999985,0,40.5,38.95999908,39.06000137,0,53735100
2024-05-09,39.40662003,0,39.95999908,0,40.61999893,39.31000137,40.40000153,0,39132700
2024-05-10,40.46179581,0,41.02999878,0,42.24000168,40.52000046,41.15000153,0,47048400
2024-05-13,40.6984787,0,41.27000046,0,42.06999969,41.08000183,41.59999847,0,30565400
2024-05-14,42.61161804,0,43.20999908,0,43.43999863,41.04999924,41.18000031,0,41581500
2024-05-15,46.34913254,0,47,0,47.06999969,43.99000168,44.66999817,0,58063500
2024-05-16,45.61937714,0,46.25999832,0,48.02999878,46.20999908,46.95999908,0,46325500
2024-05-17,44.77128983,0,45.40000153,0,47.38000107,44.33000183,47.02000046,0,40965800
2024-05-20,47.58181763,0,48.25,0,49.29999924,45.81000137,45.95999908,0,55103200
2024-05-21,47.31555557,0,47.97999954,0,48.18999863,46.40999985,46.54999924,0,36437200
2024-05-22,48.69616699,0,49.38000107,0,50,48.09999847,49.25,0,55487800
2024-05-23,48.13406754,0,48.81000137,0,53.20000076,47.54999924,53.15000153,0,81175900
2024-05-24,50.72764206,0,51.43999863,0,52.06999969,49.34999847,50.02000046,0,48477400
2024-05-28,53.29164124,0,54.04000092,0,54.88999939,51.75,53.34000015,0,50658400
2024-05-29,50.2740097,0,50.97999954,0,51.91999817,50.65000153,51.15000153,0,42965600
2024-05-30,49.30758286,0,50,0,51.34000015,48.97999954,50.84000015,0,38260500
2024-05-31,47.91711044,0,48.59000015,0,50.72000122,44.38000107,50.29999924,0,72522600
2024-06-03,47.91711044,0,48.59000015,0,50.93000031,46.11999893,50.81000137,0,53127300
2024-06-04,46.93096161,0,47.59000015,0,48.65000153,46.43000031,48.45999908,0,46692500
2024-06-05,52.77884293,0,53.52000046,0,53.86999893,49.56999969,50.02999878,0,66560100
2024-06-06,51.78282928,0,52.50999832,0,53.79000092,51.22999954,53.79000092,0,43947600
2024-06-07,51.15168381,0,51.86999893,0,52.90000153,50.81000137,52.22999954,0,50248700
2024-06-10,53.20288467,0,53.95000076,0,54.58000183,50.41999817,50.52000046,0,43759400
2024-06-11,53.41983414,0,54.16999817,0,54.47999954,51.70000076,53.38000107,0,37695700
2024-06-12,57.90682983,0,58.72000122,0,59.45000076,56.81000137,57.25,0,73759300
2024-06-13,60.01720047,0,60.86000061,0,61.49000168,58.29999924,60.06999969,0,45660700
2024-06-14,59.26771545,0,60.09999847,0,60.54999924,58.34999847,58.95000076,0,39112000
2024-06-17,61.80212402,0,62.66999817,0,63.15000153,58.95000076,61,0,54196500
2024-06-18,64.33653259,0,65.23999786,0,66.19000244,63.09999847,63.41999817,0,47069100
2024-06-20,59.1888237,0,60.02000046,0,65.83000183,58.79000092,65.51999664,0,60852900
2024-06-21,57.39403152,0,58.20000076,0,60.18000031,56.02999878,58.41999817,0,50012300
2024-06-24,52.48299408,0,53.22000122,0,57.49000168,53.02999878,56.45000076,0,54326400
2024-06-25,54.68729782,0,55.29999924,0.149,55.45000076,52.34999847,54.22999954,0,43610200
2024-06-26,54.17305756,0,54.77999878,0,56.22000122,52.84999847,55.15999985,0,41093400
2024-06-27,53.20391464,0,53.79999924,0,55.58000183,52.81999969,54.33000183,0,35417000
2024-06-28,54.74663162,0,55.36000061,0,58.58000183,54.09000015,54.86999893,0,55584600
2024-07-01,54.74663162,0,55.36000061,0,55.54999924,52.25,55.36000061,0,43335000
2024-07-02,56.96181107,0,57.59999847,0,57.75,54.27999878,54.36000061,0,45011700
2024-07-03,59.72089767,0,60.38999939,0,61.52000046,57.18000031,58.09999847,0,40242700
2024-07-05,60.13624954,0,60.81000137,0,62.38000107,59.79000092,61.86000061,0,38395400
2024-07-08,63.59746552,0,64.30999756,0,64.5,62.20000076,62.25999832,0,42861600
2024-07-09,63.53813553,0,64.25,0,66.15000153,62.41999817,65.12999725,0,41789800
2024-07-10,67.83003998,0,68.58999634,0,69,65.01000214,65.88999939,0,48280800
2024-07-11,61.30317307,0,61.99000168,0,70.08000183,61.22000122,70.01000214,0,75368500
2024-07-12,63.23156738,0,63.93999863,0,67.30000305,61.65000153,62.84000015,0,51046400
2024-07-15,63.42934799,0,64.13999939,0,66.76000214,63.04999924,64.94000244,0,48228700
2024-07-16,64.57649994,0,65.30000305,0,65.58999634,62.22999954,65.01999664,0,39846400
2024-07-17,50.97883987,0,51.54999924,0,59.29999924,51.22000122,58.59999847,0,99429800
2024-07-18,51.08763123,0,51.65999985,0,54.16999817,49.11999893,54.15999985,0,94172600
2024-07-19,46.47925568,0,47,0,52.36999893,46.75,51.77999878,0,75969100
2024-07-22,52.34355545,0,52.93000031,0,52.95000076,48.81000137,50.04999924,0,73675300
2024-07-23,49.97014618,0,50.52999878,0,52.06999969,50,50.5,0,50181600
2024-07-24,42.42468643,0,42.90000153,0,48.79000092,42.25,48.43000031,0,90534800
2024-07-25,39.33925247,0,39.77999878,0,43.70000076,37.38999939,41.50999832,0,143325900
2024-07-26,41.45553589,0,41.91999817,0,43,40.70999908,42.24000168,0,82759200
2024-07-29,41.34676361,0,41.81000137,0,45,41.25999832,43.36999893,0,80788400
2024-07-30,36.82739639,0,37.24000168,0,42.66999817,36.77999878,42.38000107,0,108596000
2024-07-31,43.89817429,0,44.38999939,0,44.75999832,41.41999817,42.29999924,0,96880500
2024-08-01,34.61221313,0,35,0,43.41999817,33.41999817,42.04999924,0,163864400
2024-08-02,29.0149231,0,29.34000015,0,31.59000015,28.13999939,30.55999947,0,198233900
2024-08-05,27.58098984,0,27.88999939,0,30.14999962,23.5,23.52000046,0,220042200
2024-08-06,28.26334381,0,28.57999992,0,30.79999924,27.17000008,28.60000038,0,137309500
2024-08-07,25.92949104,0,26.21999931,0,31.94000053,25.94000053,31.31999969,0,146256500
2024-08-08,31.11143494,0,31.45999908,0,31.60000038,26.87000084,28.56999969,0,149988600
2024-08-09,30.66641998,0,31.01000023,0,31.79000092,29.57999992,30.70999908,0,96949800
2024-08-12,31.06198692,0,31.40999985,0,32.59000015,30.22999954,31.11000061,0,89135100
2024-08-13,34.88911057,0,35.27999878,0,35.43000031,32.18999863,32.65999985,0,103380000
2024-08-14,34.66165924,0,35.04999924,0,36.63999939,33.27000046,36.18000031,0,112421600
2024-08-15,39.47770309,0,39.91999817,0,40.47000122,36.86000061,37.34999847,0,107522700
2024-08-16,39.28980637,0,39.72999954,0,40.22999954,38.06999969,38.79000092,0,82364600
2024-08-19,41.13908386,0,41.59999847,0,41.75,37.88999939,39.27999878,0,77684200
2024-08-20,39.64582062,0,40.09000015,0,41.91999817,39.09999847,41.04999924,0,83644600
2024-08-21,41.26764679,0,41.72999954,0,42.36000061,40.33000183,40.75,0,83611500
2024-08-22,37.09440231,0,37.50999832,0,42.88000107,37.11000061,42.50999832,0,107889900
2024-08-23,39.95238113,0,40.40000153,0,41.20999908,38.59000015,39.15999985,0,87128100
2024-08-26,36.95595551,0,37.36999893,0,40.29000092,36.90999985,39.75,0,86603000
2024-08-27,38.06354904,0,38.49000168,0,38.97000122,35.52000046,36.50999832,0,74033300
2024-08-28,36.19448853,0,36.59999847,0,38.86000061,35.29000092,38.09000015,0,101998500
2024-08-29,35.78902435,0,36.18999863,0,38.93000031,35.63000107,37.06000137,0,97333200
2024-08-30,38.36022568,0,38.79000092,0,39.22000122,37.06000137,38.68000031,0,85280800
2024-09-03,29.73683548,0,30.06999969,0,36.81000137,29.39999962,36.79999924,0,140077900
2024-09-04,29.9642868,0,30.29999924,0,31.69000053,28.72999954,29.06999969,0,108759900
2024-09-05,29.42038155,0,29.75,0,31.20000076,28.82999992,29.04999924,0,100075900
2024-09-06,25.67237091,0,25.95999908,0,29.17000008,25.5,29.11000061,0,156147600
2024-09-09,27.12608719,0,27.43000031,0,27.72999954,26.14999962,27.18000031,0,84474500
2024-09-10,28.03589249,0,28.35000038,0,28.38999939,26.23999977,27.54000092,0,81557500
2024-09-11,31.86301231,0,32.22000122,0,32.41999817,27.07999992,28.88999939,0,143140900
2024-09-12,31.45755577,0,31.80999947,0,32.68999863,30.35000038,31.75,0,98895800
2024-09-13,33.05961227,0,33.43000031,0,33.72000122,32.36000061,32.52000046,0,78147300
2024-09-16,31.80368233,0,32.15999985,0,32.63999939,30.84000015,32.02999878,0,79670100
2024-09-17,31.80368233,0,32.15999985,0,33.56000137,31.36000061,33.31000137,0,86913700
2024-09-18,30.7949791,0,31.13999939,0,34,31.04999924,32.54000092,0,113735500
2024-09-19,34.73088455,0,35.11999893,0,36.43999863,33.88000107,34.68000031,0,123984300
2024-09-20,33.17827988,0,33.54999924,0,34.40000153,32.04000092,34.04999924,0,108589600
2024-09-23,33.54417801,0,33.91999817,0,34.38000107,33.18999863,33.97000122,0,59731600
2024-09-24,34.74289322,0,35.06999969,0.06,35.70000076,33.58000183,34.84000015,0,83369600
2024-09-25,35.40664673,0,35.74000168,0,36.45999908,34.65000153,34.70999908,0,73587500
2024-09-26,39.28017426,0,39.65000153,0,40.50999832,36.70999908,40.20000076,0,138171800
2024-09-27,37.30873489,0,37.65999985,0,40.00999832,37.09999847,40,0,85253500
2024-09-30,36.33787918,0,36.68000031,0,37.40999985,35.04999924,36.25,0,74316700
2024-10-01,33.51446152,0,33.83000183,0,36.99000168,32.74000168,36.59000015,0,124928300
2024-10-02,34.63391495,0,34.95999908,0,36.04999924,33.15999985,33.84999847,0,81729100
2024-10-03,34.88158798,0,35.20999908,0,36.61000061,33.97999954,34.06999969,0,86857200
2024-10-04,36.33787918,0,36.68000031,0,37.52999878,35.45000076,37.31000137,0,100846900
2024-10-07,36.07039261,0,36.40999985,0,37.24000168,35.56999969,35.91999817,0,73150200
2024-10-08,37.11059952,0,37.45999908,0,37.83000183,35.65999985,36.41999817,0,66629700
2024-10-09,38.24987793,0,38.61000061,0,38.75999832,36.52999878,37.29000092,0,67182800
2024-10-10,37.47714996,0,37.83000183,0,38.41999817,36.36000061,37.09999847,0,79999000
2024-10-11,38.30931091,0,38.66999817,0,39.04999924,36.86000061,36.93000031,0,58434500
2024-10-14,40.43926239,0,40.81999969,0,41.06000137,39.34999847,39.43999863,0,69661800
2024-10-15,34.14849091,0,34.47000122,0,41.18999863,33.63999939,40.49000168,0,131664200
2024-10-16,34.13858032,0,34.45999908,0,35.75,34,35.75,0,70233000
2024-10-17,34.88158798,0,35.20999908,0,37.36000061,35.20999908,37.16999817,0,97549000
2024-10-18,34.94102859,0,35.27000046,0,36.33000183,34.84999847,36.25,0,56704300
2024-10-21,34.76270294,0,35.09000015,0,35.38000107,33.72999954,34.84000015,0,59115800
2024-10-22,34.366436,0,34.68999863,0,35.02999878,33.84999847,34.40000153,0,51493100
2024-10-23,33.4847374,0,33.79999924,0,34.88000107,32.29000092,34.40999985,0,81658300
2024-10-24,33.97016907,0,34.29000092,0,34.74000168,33.52999878,34.58000183,0,60128300
2024-10-25,34.95093536,0,35.27999878,0,36.86999893,35.16999817,35.18999863,0,82300500
2024-10-28,35.02027893,0,35.34999847,0,36.09000015,34.75,35.29999924,0,51661100
2024-10-29,37.6257515,0,37.97999954,0,38.45000076,34.93999863,35.45999908,0,72288200
2024-10-30,33.69277954,0,34.00999832,0,35.70000076,33.90999985,34.97000122,0,89440100
2024-10-31,29.80934334,0,30.09000015,0,33.02000046,29.22999954,33.00999832,0,135437800
2024-11-01,30.54244041,0,30.82999992,0,31.82999992,30.37999916,30.69000053,0,80726000
2024-11-04,30.06691742,0,30.35000038,0,31.67000008,30.01000023,30.61000061,0,60422400
2024-11-05,31.08730888,0,31.37999916,0,31.48999977,30.25,30.36000061,0,63174900
2024-11-06,33.801754,0,34.11999893,0,34.5,32.40000153,33.25,0,97893100
2024-11-07,35.87225723,0,36.20999908,0,36.36999893,35.43999863,35.77000046,0,77945800
2024-11-08,35.07972336,0,35.40999985,0,36.27999878,34.84000015,35.56000137,0,62666300
2024-11-11,32.46434784,0,32.77000046,0,34.40999985,31.47999954,34.34999847,0,99155700
2024-11-12,31.37460709,0,31.67000008,0,32.54999924,30.37999916,32.36999893,0,75694800
2024-11-13,29.4130764,0,29.69000053,0,31.21999931,29.46999931,30.82999992,0,92269200
2024-11-14,29.32391357,0,29.60000038,0,30.84000015,29.37999916,30.59000015,0,68994200
2024-11-15,26.41133499,0,26.65999985,0,28.48999977,26.43000031,28.01000023,0,113560200
2024-11-18,27.41191483,0,27.67000008,0,27.82999992,26.29999924,26.70000076,0,70256700
2024-11-19,27.59023666,0,27.85000038,0,28.03000069,27.09000015,27.37000084,0,57030600
2024-11-20,26.87695122,0,27.12999916,0,27.55999947,26,27.34000015,0,90911700
2024-11-21,28.22426414,0,28.48999977,0,28.92000008,26.46999931,28.04999924,0,106013200
2024-11-22,28.22426414,0,28.48999977,0,28.69000053,27.84000015,28.25,0,52604100
2024-11-25,29.05643082,0,29.32999992,0,30.10000038,28.73999977,29.57999992,0,70536000
2024-11-26,27.86762619,0,28.12999916,0,30.25,27.45999908,30.04000092,0,73204200
2024-11-27,26.72834969,0,26.97999954,0,27.75,25.57999992,27.68000031,0,84235700
2024-11-29,27.79827499,0,28.05999947,0,29.04000092,27.5,27.54999924,0,54303400
2024-12-02,29.91831779,0,30.20000076,0,30.79999924,28.45999908,28.55999947,0,89389800
2024-12-03,29.45270157,0,29.72999954,0,30.28000069,29.39999962,29.57999992,0,59730300
2024-12-04,30.59197426,0,30.87999916,0,31.55999947,30.23999977,31.54000092,0,67498800
2024-12-05,28.84839249,0,29.12000084,0,30.87000084,28.87999916,30.75,0,59282100
2024-12-06,29.33382034,0,29.61000061,0,29.86000061,28.89999962,29.20000076,0,49152300
2024-12-09,28.95736313,0,29.22999954,0,30.31999969,28.61000061,29.06999969,0,54963000
2024-12-10,26.80760384,0,27.05999947,0,29.53000069,26.55999947,29.43000031,0,77681700
2024-12-11,28.84839249,0,29.12000084,0,29.62999916,27.79000092,28.32999992,0,77277400
2024-12-12,28.19454575,0,28.45999908,0,28.82999992,27.73999977,28.45000076,0,59937600
2024-12-13,30.41365433,0,30.70000076,0,31.30999947,29.48999977,30.37000084,0,103693900
2024-12-16,32.20676804,0,32.50999832,0,32.95000076,30.38999939,31.12000084,0,85469700
2024-12-17,30.83964348,0,31.12999916,0,32.09000015,30.54999924,31.57999992,0,64499000
2024-12-18,27.57042122,0,27.82999992,0,32.47999954,27,31.78000069,0,102912200
2024-12-19,26.05469322,0,26.29999924,0,28.01000023,26.05999947,27.96999931,0,86520100
2024-12-20,27.04536629,0,27.29999924,0,28.37000084,25.59000015,25.81999969,0,108080200
2024-12-23,29.39691925,0,29.59000015,0.077,29.76000023,27.86000061,27.88999939,0,79330900
2024-12-24,30.28111267,0,30.47999954,0,30.56999969,29.65999985,30.26000023,0,39963700
2024-12-26,30.37052345,0,30.56999969,0,31.10000038,29.76000023,29.89999962,0,45184100
2024-12-27,29.49626732,0,29.69000053,0,30.18000031,28.59000015,29.97999954,0,59316300
2024-12-30,27.75768661,0,27.94000053,0,28.78000069,27.31999969,28.23999977,0,64859000
2024-12-31,27.13179588,0,27.30999947,0,28.56999969,26.93000031,28.20000076,0,61199500
2025-01-02,27.48944855,0,27.67000008,0,29.04999924,27.04000092,28.12999916,0,80996300
2025-01-03,29.62541771,0,29.81999969,0,30.12000084,28.15999985,28.31999969,0,72119600
2025-01-06,32.27799988,0,32.49000168,0,33.63000107,31.80999947,31.80999947,0,95159500
2025-01-07,30.9467392,0,31.14999962,0,33.72999954,30.60000038,33.56999969,0,79205700
2025-01-08,29.98307228,0,30.18000031,0,31.01000023,29.18000031,30.79999924,0,69523500
2025-01-10,27.87690163,0,28.05999947,0,29.09000015,27.44000053,29.05999947,0,85395000
2025-01-13,27.66827393,0,27.85000038,0,27.87000084,26.25,26.44000053,0,68286400
2025-01-14,27.93651199,0,28.12000084,0,28.95999908,27.18000031,28.46999931,0,79759400
2025-01-15,29.74463654,0,29.94000053,0,30.45999908,29.29999924,29.64999962,0,69461300
2025-01-16,29.79430962,0,29.98999977,0,31.71999931,29.98999977,31.45999908,0,78881100
2025-01-17,32.27799988,0,32.49000168,0,32.70999908,31.47999954,32.02999878,0,69688900
2025-01-21,33.47016525,0,33.68999863,0,34.52999878,32.5,33.33000183,0,60897500
2025-01-22,34.92064285,0,35.15000153,0,36.15000153,34.40999985,34.68999863,0,57709400
2025-01-23,34.69214249,0,34.91999817,0,34.91999817,33.00999832,33.43999863,0,44900600
2025-01-24,32.4369545,0,32.65000153,0,34.93999863,32.31000137,34.93999863,0,60111500
2025-01-27,24.89647865,0,25.05999947,0,28.07999992,23.84000015,27.65999985,0,198431800
2025-01-28,25.20445824,0,25.37000084,0,25.79999924,23.75,25.44000053,0,103185300
2025-01-29,25.51243401,0,25.68000031,0,26.29999924,24.85000038,26.11000061,0,94141700
2025-01-30,26.97284317,0,27.14999962,0,27.67000008,26.13999939,26.57999992,0,87140400
2025-01-31,26.84368896,0,27.02000046,0,29.25,26.70000076,27.62999916,0,102136600
2025-02-03,25.44289207,0,25.61000061,0,26.48999977,24.30999947,24.79999924,0,103914300
2025-02-04,26.07871437,0,26.25,0,26.60000038,25.20000076,25.34000015,0,60520500
2025-02-05,27.51925468,0,27.70000076,0,27.95000076,25.54000092,26.09000015,0,70330700
2025-02-06,27.50931931,0,27.69000053,0,27.79999924,26.71999931,27.17000008,0,59735100
2025-02-07,26.15819168,0,26.32999992,0,28.28000069,25.79999924,27.87000084,0,87930800
2025-02-10,27.1715374,0,27.35000038,0,27.54999924,26.89999962,26.92000008,0,53330500
2025-02-11,27.22121048,0,27.39999962,0,27.89999962,26.68000031,26.68000031,0,43880500
2025-02-12,27.36029625,0,27.54000092,0,27.54000092,25.95000076,26.18000031,0,57999300
2025-02-13,28.28422737,0,28.46999931,0,28.54999924,27.39999962,27.48999977,0,61026300
2025-02-14,28.36370659,0,28.54999924,0,28.81999969,28.11000061,28.48999977,0,43089600
2025-02-18,29.79430962,0,29.98999977,0,30.22999954,28.70999908,29.20000076,0,60222200
2025-02-19,31.26465416,0,31.46999931,0,31.88999939,29.76000023,30.19000053,0,58412700
2025-02-20,31.49315453,0,31.70000076,0,32.63999939,30.70000076,32.06000137,0,50903200
2025-02-21,28.62201118,0,28.80999947,0,31.95999908,28.39999962,31.90999985,0,61966500
2025-02-24,26.58538818,0,26.76000023,0,29.26000023,26.65999985,29.15999985,0,63724100
2025-02-25,24.90641403,0,25.06999969,0,26.92000008,24.81999969,26.65999985,0,90907500
2025-02-26,26.11845398,0,26.29000092,0,27,25.52000046,25.98999977,0,75869500
2025-02-27,21.608078,0,21.75,0,26.89999962,21.72999954,26.78000069,0,144841600
2025-02-28,22.58168411,0,22.72999954,0,23.21999931,21.02000046,21.79999924,0,110939400
2025-03-03,20.3761692,0,20.51000023,0,23.72999954,19.70999908,23.71999931,0,141822100
2025-03-04,20.51525497,0,20.64999962,0,22.26000023,19,20.28000069,0,154119800
2025-03-05,21.80677414,0,21.95000076,0,22.15999985,20.12000084,21.25,0,117702400
2025-03-06,19.1045208,0,19.22999954,0,21.02000046,19.01000023,19.70999908,0,164277600
2025-03-07,20.74375343,0,20.87999916,0,21.09000015,18.75,19.5,0,139349200
2025-03-10,17.872612,0,17.98999977,0,19.79999924,17.10000038,19.34000015,0,169215200
2025-03-11,17.29639816,0,17.40999985,0,18.5,16.51000023,18.04999924,0,161267000
2025-03-12,18.18058777,0,18.29999924,0,19.11000061,17.89999962,18.54000092,0,137654500
2025-03-13,17.97196007,0,18.09000015,0,19.27000046,17.57999992,18.37999916,0,117160200
2025-03-14,19.67079926,0,19.79999924,0,19.93000031,18.98999977,19.05999947,0,99718700
2025-03-17,20.65434265,0,20.79000092,0,21.28000069,19.5,19.51000023,0,82794200
2025-03-18,19.79995346,0,19.93000031,0,20.39999962,19.52000046,20.19000053,0,79140900
2025-03-19,20.24701691,0,20.37999916,0,21.37000084,19.45999908,19.88999939,0,83249700
2025-03-20,19.79995346,0,19.93000031,0,20.56999969,19.59000015,19.61000061,0,80380600
2025-03-21,19.15419388,0,19.28000069,0,19.48999977,18.37000084,18.81999969,0,84348300
2025-03-24,20.86297226,0,21,0,21.37000084,20.37000084,20.47999954,0,91671300
2025-03-25,20.47929382,0,20.54999924,0.065,21.02000046,20.35000038,20.82999992,0,57784400
2025-03-26,18.72535324,0,18.79000092,0,20.51000023,18.20000076,20.29999924,0,94328400
2025-03-27,17.6988945,0,17.76000023,0,18.40999985,17.36000061,18.17000008,0,103112800
2025-03-28,15.97484779,0,16.03000069,0,17.59000015,15.73999977,17.32999992,0,138232400
2025-03-31,15.89512253,0,15.94999981,0,15.97999954,14.39999962,15.06999969,0,111345600
2025-04-01,15.89512253,0,15.94999981,0,15.98999977,14.82999992,15.72999954,0,106085000
2025-04-02,16.20405579,0,16.26000023,0,16.88999939,15.02999973,15.18999958,0,141655200
2025-04-03,11.3707428,0,11.40999985,0,14.11999989,11.39999962,13.81000042,0,302517400
2025-04-04,8.69996357,0,8.729999542,0,10.43000031,8.180000305,10.05000019,0,499158100
2025-04-07,9.118517876,0,9.149999619,0,10.97999954,7.230000019,7.880000114,0,723467300
2025-04-08,8.221614838,0,8.25,0,10.84000015,7.599999905,10.40999985,0,488735500
2025-04-09,12.72606373,0,12.77000046,0,13.10999966,8.239999771,8.479999542,0,787748800
2025-04-10,9.596866608,0,9.630000114,0,11.14000034,8.350000381,10.92000008,0,686331800
2025-04-11,10.19480228,0,10.22999954,0,10.39000034,8.909999847,9.350000381,0,412972900
2025-04-14,10.43397713,0,10.47000027,0,11.15999985,9.970000267,11.14999962,0,358849500
2025-04-15,10.56352997,0,10.60000038,0,11.02000046,10.40999985,10.60000038,0,230001400
2025-04-16,9.307864189,0,9.340000153,0,9.75,8.329999924,9.130000114,0,362439300
2025-04-17,9.168346405,0,9.199999809,0,9.550000191,8.899999619,9.550000191,0,233659100
2025-04-21,8.68003273,0,8.710000038,0,8.739999771,8.149999619,8.670000076,0,255318100
2025-04-22,9.148415565,0,9.180000305,0,9.399999619,8.850000381,8.960000038,0,249211900
2025-04-23,10.25459671,0,10.28999996,0,10.89999962,10.10000038,10.57999992,0,368456100
2025-04-24,11.95871258,0,12,0,12.09000015,10.85000038,11.05000019,0,339636700
2025-04-25,12.29754353,0,12.34000015,0,12.59000015,11.51000023,11.63000011,0,274438500
2025-04-28,12.247715,0,12.28999996,0,12.52999973,11.44999981,12.15999985,0,203468900
2025-04-29,11.81919384,0,11.85999966,0,12.27000046,11.61999989,11.81000042,0,184045100
2025-04-30,12.11816216,0,12.15999985,0,12.21000004,10.75,10.98999977,0,229393200
2025-05-01,12.05836868,0,12.10000038,0,12.81000042,12.05000019,12.53999996,0,203349500
2025-05-02,13.24427414,0,13.28999996,0,13.68999958,12.89000034,12.89000034,0,223410600
2025-05-05,13.00510025,0,13.05000019,0,13.40999985,12.86999989,12.93000031,0,127572300
2025-05-06,12.59651089,0,12.64000034,0,12.94999981,12.11999989,12.32999992,0,158548700
2025-05-07,13.23430824,0,13.27999973,0,13.39999962,12.22999954,12.60999966,0,189249300
2025-05-08,13.61300182,0,13.65999985,0,14.34000015,13.38000011,13.84000015,0,203277000
2025-05-09,14.06145287,0,14.10999966,0,14.47000027,13.73999977,14.21000004,0,149644500
2025-05-12,17.07106209,0,17.12999916,0,17.46999931,16.5,16.88999939,0,263806000
2025-05-13,18.53600502,0,18.60000038,0,18.86000061,17.28000069,17.36000061,0,212931800
2025-05-14,18.77517891,0,18.84000015,0,19.37000084,18.43000031,18.96999931,0,179343100
2025-05-15,18.40645027,0,18.46999931,0,18.90999985,17.81999969,18.31999969,0,141287600
2025-05-16,18.32672691,0,18.38999939,0,18.60000038,17.76000023,18.53000069,0,113068600
2025-05-19,17.99786186,0,18.05999947,0,18.20999908,17.09000015,17.14999962,0,123632000
2025-05-20,17.9081707,0,17.96999931,0,18,17.44000053,17.62000084,0,84252500
2025-05-21,16.94150925,0,17,0,18.59000015,16.64999962,17.55999947,0,149964800
2025-05-22,16.45319557,0,16.51000023,0,17.43000031,16.47999954,16.96999931,0,144981100
2025-05-23,15.67587852,0,15.72999954,0,16,15.10000038,15.21000004,0,179062600
2025-05-27,17.23051262,0,17.29000092,0,17.51000023,16.35000038,16.73999977,0,136539700
2025-05-28,16.98137283,0,17.04000092,0,17.56999969,16.89999962,17.43000031,0,126785300
2025-05-29,17.14082336,0,17.20000076,0,18.20999908,16.89999962,18.18000031,0,179820200
2025-05-30,16.11436462,0,16.17000008,0,16.89999962,15.23999977,16.89999962,0,194058700
2025-06-02,16.8418541,0,16.89999962,0,17.10000038,16.04000092,16.05999947,0,103937000
2025-06-03,18.23703575,0,18.29999924,0,18.37999916,16.57999992,16.93000031,0,158644000
2025-06-04,19.0243187,0,19.09000015,0,19.26000023,18.21999931,18.68000031,0,146325300
2025-06-05,18.74528313,0,18.80999947,0,19.98999977,18.42000008,19.48999977,0,187397100
2025-06-06,19.11400795,0,19.18000031,0,19.95000076,19.14999962,19.39999962,0,114398700
2025-06-09,20.50919342,0,20.57999992,0,21.05999947,19.68000031,19.70999908,0,162686000
2025-06-10,21.81468391,0,21.88999939,0,22.10000038,20.69000053,20.84000015,0,142811000
2025-06-11,21.56554413,0,21.63999939,0,22.60000038,20.98999977,22.36000061,0,160395000
2025-06-12,21.61537361,0,21.69000053,0,22.06999969,21.09000015,21.23999977,0,100384500
2025-06-13,19.97105217,0,20.04000092,0,21.05999947,19.84000015,20.31999969,0,166989600
2025-06-16,21.82465172,0,21.89999962,0,22.21999931,20.79000092,20.82999992,0,121972300
2025-06-17,21.34630203,0,21.42000008,0,22.53000069,21.34000015,21.61000061,0,122379500
2025-06-18,21.53565025,0,21.61000061,0,22.37999916,21.22999954,21.71999931,0,113893800
2025-06-20,21.13702393,0,21.20999908,0,22.32999992,20.37000084,22.13999939,0,137078900
2025-06-23,21.50575066,0,21.57999992,0,21.97999954,20.28000069,21.18000031,0,125143700
2025-06-24,23.94304466,0,23.95000076,0.068,24.03000069,22.62999916,22.65999985,0,137608000
2025-06-25,24.57286072,0,24.57999992,0,24.60000038,23.87000084,24.39999962,0,107621600
2025-06-26,25.19268227,0,25.20000076,0,25.36000061,24.59000015,25.18000031,0,92382200
2025-06-27,25.10270691,0,25.11000061,0,25.84000015,24.28000069,25.20999908,0,113655600
2025-06-30,25.10270691,0,25.11000061,0,25.5,24.68000031,25.48999977,0,78035000
2025-07-01,24.70282173,0,24.70999908,0,25.17000008,23.57999992,24.37999916,0,107277300
2025-07-02,26.04243279,0,26.04999924,0,26.38999939,24.45000076,24.51000023,0,107157100
2025-07-03,26.42232323,0,26.43000031,0,26.71999931,26.22999954,26.39999962,0,62695800
2025-07-07,24.96274757,0,24.96999931,0,26.04999924,24.62000084,25.72999954,0,93297600
2025-07-08,26.36234093,0,26.37000084,0,27.03000069,25.36000061,25.62999916,0,90457500
2025-07-09,26.6422596,0,26.64999962,0,27.40999985,25.88999939,26.62999916,0,86818700
2025-07-10,27.36205101,0,27.37000084,0,27.72999954,26.65999985,27.38999939,0,87602500
2025-07-11,27.28207397,0,27.29000092,0,27.54000092,26.54999924,26.85000038,0,71855400
2025-07-14,26.49230385,0,26.5,0,26.77000046,25.31999969,26.63999939,0,99670600
2025-07-15,27.28207397,0,27.29000092,0,28.45999908,27.20999908,28.04999924,0,108926200
2025-07-16,27.02215004,0,27.03000069,0,27.04999924,24.90999985,26.60000038,0,125700900
2025-07-17,27.31206512,0,27.31999969,0,27.51000023,26.42000008,26.95999908,0,85334100
2025-07-18,27.32206154,0,27.32999992,0,27.89999962,26.76000023,27.65999985,0,68274300
2025-07-21,27.49201202,0,27.5,0,28.5,27.44000053,27.55999947,0,79860300
2025-07-22,26.31235504,0,26.31999969,0,27.28000069,25.34000015,27.12000084,0,118871600
2025-07-23,25.77251244,0,25.78000069,0,25.90999985,24.84000015,25.64999962,0,105639200
2025-07-24,25.61256027,0,25.62000084,0,25.79000092,24.95000076,25.65999985,0,77503300
2025-07-25,25.59256554,0,25.60000038,0,25.62000084,24.82999992,25.17000008,0,68037900
2025-07-28,26.87219238,0,26.87999916,0,26.98999977,26.34000015,26.37999916,0,88108400
2025-07-29,27.02215004,0,27.03000069,0,28.15999985,26.5,27.40999985,0,101714500
2025-07-30,27.60198212,0,27.61000061,0,28.12999916,26.93000031,27.75,0,96772200
2025-07-31,24.97274399,0,24.97999954,0,26.73999977,24.20000076,26.70000076,0,133413800
2025-08-01,24.07300568,0,24.07999992,0,24.82999992,22.56999969,23.57999992,0,132665200
2025-08-04,24.99273872,0,25,0,25.18000031,24.23999977,24.59000015,0,85963800
2025-08-05,24.51287842,0,24.52000046,0,25.68000031,23.61000061,25.42000008,0,99733400
2025-08-06,23.98303223,0,23.98999977,0,24.12000084,22.95000076,23.84000015,0,103447500
2025-08-07,24.99273872,0,25,0,25.87999916,24.53000069,25.47999954,0,117228400
2025-08-08,25.70253181,0,25.70999908,0,25.82999992,24.89999962,25.15999985,0,71389900
2025-08-11,25.60256195,0,25.61000061,0,26.88999939,25.45000076,26.03000069,0,75943500
2025-08-12,27.99186707,0,28,0,28.07999992,25.68000031,26.20999908,0,125315900
2025-08-13,29.2614994,0,29.27000046,0,29.32999992,28.30999947,28.64999962,0,89497100
2025-08-14,29.41145515,0,29.42000008,0,29.65999985,27.95000076,28.12000084,0,84286800
2025-08-15,27.36205101,0,27.37000084,0,28.70999908,27.06999969,28.70999908,0,93664700
2025-08-18,27.52200508,0,27.53000069,0,27.64999962,27.03000069,27.10000038,0,50310400
2025-08-19,26.23237801,0,26.23999977,0,27.86000061,26.10000038,27.56999969,0,75595100
2025-08-20,25.79250526,0,25.79999924,0,26.11000061,23.65999985,26.11000061,0,117636500
2025-08-21,25.34263802,0,25.35000038,0,25.89999962,24.90999985,25.39999962,0,67871100
2025-08-22,27.44202805,0,27.45000076,0,28.31999969,25.34000015,25.55999947,0,117140900
2025-08-25,27.29207039,0,27.29999924,0,27.57999992,26.80999947,27.35000038,0,55018700
2025-08-26,27.93188477,0,27.94000053,0,28.21999931,27.52000046,27.53000069,0,57544300
2025-08-27,28.17181587,0,28.18000031,0,28.22999954,27.28000069,27.61000061,0,61375200
2025-08-28,28.52171326,0,28.53000069,0,29.11000061,27.95999908,28.40999985,0,74466400
2025-08-29,26.03243828,0,26.04000092,0,27.35000038,25.67000008,27.31999969,0,108411300
2025-09-02,25.24266624,0,25.25,0,25.28000069,23.79999924,24.07999992,0,101906700
2025-09-03,24.90276527,0,24.90999985,0,25.40999985,24.12000084,25.40999985,0,79482200
2025-09-04,25.64254951,0,25.64999962,0,25.72999954,23.97999954,24.40999985,0,81641200
2025-09-05,26.44231796,0,26.45000076,0,26.96999931,25.60000038,26.81999969,0,110749400
2025-09-08,27.07213402,0,27.07999992,0,27.43000031,26.68000031,26.95999908,0,72341700
2025-09-09,27.17210579,0,27.18000031,0,27.37000084,26.56999969,27.17000008,0,55882300
2025-09-10,28.59169388,0,28.60000038,0,28.82999992,28.06999969,28.47999954,0,86721600
2025-09-11,29.16152763,0,29.17000008,0,29.61000061,28.96999931,29.05999947,0,69919800
2025-09-12,29.29148865,0,29.29999924,0,29.54999924,28.79000092,29.37000084,0,52502600
2025-09-15,29.99128723,0,30,0,30.03000069,28.92000008,29.13999939,0,61268000
2025-09-16,30.47114563,0,30.47999954,0,30.64999962,29.79000092,30.32999992,0,54148200
2025-09-17,30.46114922,0,30.46999931,0,31.25,29.15999985,30.28000069,0,80483900
2025-09-18,33.63022995,0,33.63999939,0,34.13999939,32.43000031,32.75999832,0,104513300
2025-09-19,33.01041031,0,33.02000046,0,33.59999847,32.11999893,33.56000137,0,66106100
2025-09-22,34.41999817,0,34.43000031,0,34.75,33.18999863,33.20000076,0,62948200
2025-09-23,34.29999924,0,34.29999924,0.01,35.29999924,33.66999817,34.70000076,0,63661700
2025-09-24,34.20000076,0,34.20000076,0,34.38999939,32.81000137,33.95999908,0,58369900
2025-09-25,33.84999847,0,33.84999847,0,34.06000137,31.36000061,32.43999863,0,79969600
2025-09-26,34.02000046,0,34.02000046,0,34.22999954,32.83000183,33.93000031,0,60944500
2025-09-29,34.02000046,0,34.02000046,0,35.49000168,33.99000168,35.02999878,0,56593700
2025-09-30,34.84000015,0,34.84000015,0,34.95999908,33.56999969,34.06999969,0,60696800
2025-10-01,36.86000061,0,36.86000061,0,36.97999954,33.97999954,34.18000031,0,67094700
2025-10-02,39.08000183,0,39.08000183,0,39.31999969,38.13999939,38.95999908,0,68834400
2025-10-03,38.22999954,0,38.22999954,0,40.06000137,37.61999893,39.47999954,0,69252500
2025-10-06,41.70999908,0,41.70999908,0,43.36999893,41.65999985,42.83000183,0,99880300
2025-10-07,38.83000183,0,38.83000183,0,43.02000046,38.70000076,42.77999878,0,96375900
2025-10-08,42.77999878,0,42.77999878,0,42.93999863,38.68000031,38.86999893,0,77149800
2025-10-09,42.24000168,0,42.24000168,0,42.84000015,41.00999832,42.58000183,0,63095700
2025-10-10,34.20999908,0,34.20999908,0,42.84000015,34.16999817,42.52000046,0,204858900
2025-10-13,39.13999939,0,39.13999939,0,39.47000122,37.36999893,38.22999954,0,89274100
2025-10-14,36.63000107,0,36.63000107,0,39.00999832,35.95000076,36.61999893,0,100358200
2025-10-15,39.97999954,0,39.97999954,0,40.16999817,37.70999908,39.54999924,0,96059800
2025-10-16,40.56999969,0,40.56999969,0,41.93000031,39.27999878,41.45000076,0,89397000
2025-10-17,40.29000092,0,40.29000092,0,40.79999924,38.31999969,39.61000061,0,92083400
2025-10-20,42.24000168,0,42.24000168,0,43.04000092,41.13000107,41.15999985,0,62424500
2025-10-21,41.50999832,0,41.50999832,0,42.02999878,40.52000046,41.81000137,0,54386700
2025-10-22,38.38999939,0,38.38999939,0,40.81000137,35.97000122,40.08000183,0,110646700
2025-10-23,41.16999817,0,41.16999817,0,41.47000122,37.54999924,37.72999954,0,72467000
2025-10-24,43.13999939,0,43.13999939,0,44.15999985,42.95999908,43.43000031,0,69872500
2025-10-27,46.84000015,0,46.84000015,0,47.15999985,45.13999939,45.49000168,0,72684100
2025-10-28,46.95999908,0,46.95999908,0,47.61000061,45.93999863,46.43999863,0,53995000
2025-10-29,49.38000107,0,49.38000107,0,50.75999832,48.04999924,49.36999893,0,88268800
2025-10-30,47.38999939,0,47.38999939,0,49.97000122,47.27000046,48.5,0,76956300
2025-10-31,47.77999878,0,47.77999878,0,49.99000168,46.70999908,48.77000046,0,75650400
2025-11-03,48.58000183,0,48.58000183,0,50.18999863,48.02999878,49.5,0,52610600
2025-11-04,42.79999924,0,42.79999924,0,46.88000107,42.52999878,44.77000046,0,87734300
2025-11-05,46.83000183,0,46.83000183,0,48.43000031,43.20999908,43.22000122,0,76488900
2025-11-06,43.00999832,0,43.00999832,0,46.99000168,42.15000153,46.45999908,0,106419600
2025-11-07,41.74000168,0,41.74000168,0,41.74000168,37.04000092,41.09999847,0,143013500
2025-11-10,44.95999908,0,44.95999908,0,45.52000046,43.45999908,45.06000137,0,74223300
2025-11-11,41.81000137,0,41.81000137,0,44.04000092,41.65000153,43.72000122,0,80862700
2025-11-12,43.70999908,0,43.70999908,0,44.63000107,42.84999847,44.00999832,0,77730900
2025-11-13,39.22000122,0,39.22000122,0,42.63999939,38,42.16999817,0,126123700
2025-11-14,38.86000061,0,38.86000061,0,40.59999847,35.15000153,35.74000168,0,125398600
2025-11-17,36.84000015,0,36.84000015,0,40.08000183,35.52999878,37.90000153,0,101936600
2025-11-18,34.34999847,0,34.34999847,0,36.00999832,33.15000153,35.31000137,0,153515800
2025-11-19,35.95999908,0,35.95999908,0,37.29999924,34.20000076,34.72000122,0,120458900
2025-11-20,30.80999947,0,30.80999947,0,39.18999863,30.40999985,38.79000092,0,228883600
2025-11-21,31.72999954,0,31.72999954,0,33.04000092,28.12000084,30.85000038,0,205537900
2025-11-24,35.86000061,0,35.86000061,0,36.31000137,32.65000153,32.68999863,0,108832500
2025-11-25,36.16999817,0,36.16999817,0,36.45000076,32.04999924,34.34000015,0,108634700
2025-11-26,39.18999863,0,39.18999863,0,40.15000153,37.29999924,37.43999863,0,104203900
2025-11-28,41.25999832,0,41.25999832,0,41.33000183,39.25,39.65000153,0,57190400
2025-12-01,41.31000137,0,41.31000137,0,42.36000061,39.45999908,39.58000183,0,79426200
2025-12-02,43.79999924,0,43.79999924,0,44.61000061,42.02999878,42.79000092,0,111736200
2025-12-03,46.58000183,0,46.58000183,0,46.68000031,43.15000153,44.45000076,0,94299300
2025-12-04,45.15999985,0,45.15999985,0,46.09999847,44.43999863,45.88999939,0,77656900
2025-12-05,46.5,0,46.5,0,48.04999924,46.29999924,46.47000122,0,77049800
2025-12-08,47.99000168,0,47.99000168,0,48.59999847,46.70000076,47.56000137,0,69225000
2025-12-09,47.79000092,0,47.79000092,0,48.04999924,46.47000122,47.04000092,0,56373300
2025-12-10,49.65000153,0,49.65000153,0,50.09000015,47.00999832,47.65000153,0,91153100
2025-12-11,48.79000092,0,48.79000092,0,48.90000153,44.65999985,48.00999832,0,88063000
2025-12-12,41.70999908,0,41.70999908,0,47.38000107,41.06000137,46.91999817,0,138088200
2025-12-15,41.18000031,0,41.18000031,0,43.41999817,40.79999924,43.11000061,0,78218600
2025-12-16,40.49000168,0,40.49000168,0,41.65999985,39.24000168,40.75,0,94566700
2025-12-17,36.00999832,0,36.00999832,0,41.31999969,35.70000076,41,0,126113900
2025-12-18,38.58000183,0,38.58000183,0,40.41999817,38.11000061,39.97000122,0,97164000
2025-12-19,41.72000122,0,41.72000122,0,42.36000061,39.5,39.59999847,0,92529100
2025-12-22,43.25999832,0,43.25999832,0,44.56000137,42.72999954,44.45000076,0,62717400
2025-12-23,43.70000076,0,43.70000076,0,43.79999924,42.22000122,42.61999893,0,44455700
2025-12-24,44.20999908,0,44.20999908,0,44.36000061,43.59000015,43.72000122,0,30717800
2025-12-26,44.20999908,0,44.20999908,0,44.79000092,43.81000137,44.75,0,38006400
2025-12-29,43.81999969,0,43.81999969,0,44.33000183,42.34999847,42.97999954,0,54612100
2025-12-30,43.66999817,0,43.66999817,0,44.75,43.56999969,44.15000153,0,40697400
2025-12-31,42.02999878,0,42.02999878,0,44.15000153,42.00999832,43.88999939,0,44754800
2026-01-02,47.24000168,0,47.24000168,0,48.09000015,45.08000183,45.13000107,0,132719700
2026-01-05,49.22000122,0,49.22000122,0,51.22000122,48.63000107,50.34999847,0,94987500
2026-01-06,54.00999832,0,54.00999832,0,54.29999924,51.06999969,51.11000061,0,92678600
2026-01-07,52.29000092,0,52.29000092,0,52.74000168,50.84000015,52.20000076,0,65698500
2026-01-08,49.65000153,0,49.65000153,0,51.81000137,48.13000107,51.79999924,0,79844800
2026-01-09,53.95000076,0,53.95000076,0,54.75999832,50.31000137,51.09000015,0,87214400
2026-01-12,54.65000153,0,54.65000153,0,55.15000153,52.34999847,52.38999939,0,53193700
2026-01-13,56.06999969,0,56.06999969,0,57.63000107,55.43000031,55.68999863,0,61895400
2026-01-14,55.38000107,0,55.38000107,0,55.43999863,53,54.88999939,0,70434900
2026-01-15,58.08000183,0,58.08000183,0,61.66999817,58.00999832,60.95999908,0,89664300
2026-01-16,60.75,0,60.75,0,62.18999863,59.5,61.18999863,0,58559500
2026-01-20,57.93999863,0,57.93999863,0,61.04999924,57.22000122,57.34000015,0,71408300
2026-01-21,63.47999954,0,63.47999954,0,65.11000061,59.45999908,60.24000168,0,103027300
2026-01-22,63.72000122,0,63.72000122,0,66.95999908,63.04000092,66.90000153,0,62594200
2026-01-23,61.59999847,0,61.59999847,0,63.36000061,60.15000153,62.47999954,0,58613600
2026-01-26,60.70000076,0,60.70000076,0,61.95999908,59.59999847,60.75,0,42592400
2026-01-27,64.95999908,0,64.95999908,0,65.98999786,62.54000092,63.31000137,0,61155400
2026-01-28,70.08999634,0,70.08999634,0,70.93000031,67.98000336,69,0,74205500
2026-01-29,70.47000122,0,70.47000122,0,71.98000336,62.65000153,70.40000153,0,78058200
2026-01-30,61.79000092,0,61.79000092,0,69.86000061,60.29000092,67.12000275,0,83504200
2026-02-02,65.19999695,0,65.19999695,0,66.94000244,59.09999847,59.45999908,0,66961000
2026-02-03,61.20000076,0,61.20000076,0,67.62000275,57.02000046,66.80999756,0,101338500
2026-02-04,53.18999863,0,53.18999863,0,61.02999878,49.33000183,59.43999863,0,139149400
2026-02-05,53.25,0,53.25,0,55.49000168,50.00999832,51.31000137,0,109350300
2026-02-06,61.75,0,61.75,0,62.25,55.66999817,56.40000153,0,108594200
2026-02-09,64.02999878,0,64.02999878,0,65.05000305,59.29000092,59.99000168,0,66670500
2026-02-10,63.34000015,0,63.34000015,0,65.20999908,61.41999817,64.66999817,0,58273900
2026-02-11,68.05000305,0,68.05000305,0,69.09999847,63.22999954,67.20999908,0,89724200
2026-02-12,63.09999847,0,63.09999847,0,70.86000061,62.77000046,69.66999817,0,90896100
2026-02-13,64.58999634,0,64.58999634,0,66.25,61.43000031,63.93000031,0,79931300
2026-02-17,64.34999847,0,64.34999847,0,65.95999908,59.56000137,62.02000046,0,79420400
2026-02-18,66.29000092,0,66.29000092,0,68.44999695,64.06999969,65.26000214,0,69349000
2026-02-19,65.23000336,0,65.23000336,0,65.51000214,62.95999908,64.33000183,0,68827500
2026-02-20,67.11000061,0,67.11000061,0,68.22000122,63.58000183,63.75999832,0,81017900
2026-02-23,65.86000061,0,65.86000061,0,67.65000153,63.47000122,65.84999847,0,66926300
2026-02-24,68.52999878,0,68.52999878,0,70,66.34999847,68.11000061,0,66892100
2026-02-25,71.86000061,0,71.86000061,0,72.36000061,70.48000336,70.88999939,0,52929300
2026-02-26,65.33999634,0,65.33999634,0,71.11000061,61.63000107,71.02999878,0,97787900
2026-02-27,62.77000046,0,62.77000046,0,63.75999832,60.65999985,61.50999832,0,70112700
2026-03-02,62.75999832,0,62.75999832,0,62.81999969,58.04999924,58.11000061,0,81699800
2026-03-03,53.41999817,0,53.41999817,0,55.86000061,51.36000061,55.11999893,0,131198300
2026-03-04,56.61999893,0,56.61999893,0,57.72000122,54.38000107,55.95999908,0,78143300
2026-03-05,54.79999924,0,54.79999924,0,57.68999863,51.13000107,55.31999969,0,110055800
2026-03-06,47.88999939,0,47.88999939,0,53.36000061,46.79999924,50.09000015,0,125241500
2026-03-09,53.31999969,0,53.31999969,0,53.77999878,44.52999878,45.50999832,0,114897700
2026-03-10,54.59000015,0,54.59000015,0,57.77999878,53.36000061,53.36000061,0,104717600
2026-03-11,56.09000015,0,56.09000015,0,57.74000168,55.34999847,55.5,0,83007700
2026-03-12,50.27999878,0,50.27999878,0,53.88000107,49.52999878,53.52999878,0,105674400
2026-03-13,50.72000122,0,50.72000122,0,53.95999908,50.04000092,51.88000107,0,83244300
2026-03-16,53.68999863,0,53.68999863,0,55.68000031,53.00999832,54.06000137,0,79819200
2026-03-17,54.95000076,0,54.95000076,0,55.40000153,53.29999924,55.09999847,0,59567700
2026-03-18,54.02000046,0,54.02000046,0,56.47999954,54,55.02999878,0,75470000
2026-03-19,54.84999847,0,54.84999847,0,56.11000061,48.5,49.52999878,0,93732700
2026-03-20,51.13999939,0,51.13999939,0,55.36000061,49,54.68999863,0,101773000
2026-03-23,53.02999878,0,53.02999878,0,56.81000137,52.27999878,54.63000107,0,115257400
2026-03-24,54.95999908,0,54.95999908,0,56.09000015,51.54000092,51.54000092,0,92153500
2026-03-25,57.04000092,0,57.04000092,0,58.25,55.59000015,56.63999939,0,84440300
2026-03-26,48.97000122,0,48.97000122,0,54.43999863,48.86999893,54.18999863,0,116603800
2026-03-27,46.61000061,0,46.61000061,0,49.38000107,45.95999908,48.04000092,0,99401400
2026-03-30,40.61999893,0,40.61999893,0,48.29000092,39.52000046,47.86000061,0,139746200
2026-03-31,47.90999985,0,47.90999985,0,48.18000031,42.61000061,42.88000107,0,138002100
2026-04-01,52.25999832,0,52.25999832,0,54.09000015,49.61999893,50.04000092,0,121955600
2026-04-02,52.75,0,52.75,0,53.06999969,46.04999924,46.06000137,0,104471700
2026-04-06,54.81000137,0,54.81000137,0,55.59999847,52.88000107,53.75,0,68780400
2026-04-07,56.54999924,0,56.54999924,0,56.59999847,52.13000107,54.31999969,0,107326500
2026-04-08,67.5,0,67.5,0,67.98000336,63.56000137,66.33000183,0,111697300
2026-04-09,71.98000336,0,71.98000336,0,72.27999878,68.12000275,68.12000275,0,79331600
2026-04-10,76.38999939,0,76.38999939,0,78.30000305,74.30000305,74.30000305,0,78863600
2026-04-13,80.55999756,0,80.55999756,0,80.73999786,75.25,75.58999634,0,64504600
2026-04-14,85.30999756,0,85.30999756,0,85.56999969,80.70999908,83.26999664,0,61657000
2026-04-15,85.95999908,0,85.95999908,0,85.98000336,79.76000214,84.66000366,0,68425400
2026-04-16,88.37000275,0,88.37000275,0,89.38999939,83.30999756,85.01000214,0,63777500
2026-04-17,94.68000031,0,94.68000031,0,94.75,90.66000366,93.19999695,0,67081400
2026-04-20,95.94000244,0,95.94000244,0,96.93000031,92.02999878,95.97000122,0,49367800
2026-04-21,98.08999634,0,98.08999634,0,99.94999695,95.31999969,97.97000122,0,65206900
2026-04-22,105.6399994,0,105.6399994,0,106.0899963,99.59999847,102.9400024,0,58165200
2026-04-23,112.7699966,0,112.7699966,0,116.7699966,107.4599991,108.6200027,0,96510200
2026-04-24,128.3200073,0,128.3200073,0,130.1199951,120.2399979,125.2099991,0,83092400
2026-04-27,123.3899994,0,123.3899994,0,129.5899963,117.7900009,128.3300018,0,73334600
2026-04-28,109.5599976,0,109.5599976,0,115.6200027,103.9899979,108.75,0,94099700
2026-04-29,117.9700012,0,117.9700012,0,118.3199997,112.3000031,114.7600021,0,55503700
2026-04-30,126.9800034,0,126.9800034,0,127.4499969,117.5,122.8099976,0,58536700
2026-05-01,130.3999939,0,130.3999939,0,131.3800049,121.6600037,124.3899994,0,40940300
2026-05-04,127.5500031,0,127.5500031,0,133.6699982,123.8000031,132.1999969,0,46455700
2026-05-05,144.1600037,0,144.1600037,0,147.2599945,134.0200043,135,0,52130100
2026-05-06,165.8500061,0,165.8500061,0,166,149.0599976,157.8399963,0,65579200
2026-05-07,152.1000061,0,152.1000061,0,162.8999939,147.6100006,162.1199951,0,72375200
2026-05-08,176.9400024,0,176.9400024,0,177.5,161.5099945,163,0,47016500
2026-05-11,190.4199982,0,190.4199982,0,191.2899933,178.9400024,181,0,50496000
2026-05-12,172.5200043,0,172.5200043,0,182.2400055,150.5800018,177.6199951,0,91705600
2026-05-13,184.2400055,0,184.2400055,0,188.4900055,172.2599945,183.8399963,0,59522300
2026-05-14,186.1900024,0,186.1900024,0,189.5599976,178.2799988,182.6699982,0,43319000
2026-05-15,164.1799927,0,164.1799927,0,174.3999939,161.1399994,167,0,62126600
2026-05-18,151.75,0,151.75,0,174.6100006,142.6900024,172.9499969,0,75610500
2026-05-19,151.8899994,0,151.8899994,0,160.6000061,135.0200043,141.2400055,0,85384000
2026-05-20,173.1999969,0,173.1999969,0,173.6999969,161,161,0,58913200
2026-05-21,178.3899994,0,178.3899994,0,179.9700012,168.2299957,171.2599945,0,52278700
2026-05-22,190.5599976,0,190.5599976,0,195.2700043,183.3399963,184.8000031,0,45133000
2026-05-26,225.7899933,0,225.7899933,0,228.5,209.8899994,211.3800049,0,52533000
2026-05-27,217.9799957,0,217.9799957,0,242.6600037,204,242.6600037,0,74732700
2026-05-28,224.6300049,0,224.6300049,0,231.8899994,207.5599976,219,0,47153500
2026-05-29,224.3399963,0,224.3399963,0,239.0700073,218.5599976,231.8200073,0,37035700
2026-06-01,227.0299988,0,227.0299988,0,234.0599976,210.1399994,217.2700043,0,37499600
2026-06-02,266.3200073,0,266.3200073,0,267.0799866,238.8200073,243.1799927,0,42799700
2026-06-03,280.5400085,0,280.5400085,0,284.5799866,257.2600098,281.4700012,0,49817200
2026-06-04,262.7000122,0,262.7000122,0,274.5,228.5500031,242.0399933,0,59036000
2026-06-05,182.5399933,0,182.5399933,0,233.6900024,181.8099976,230.8500061,0,108280300
2026-06-08,211.4400024,0,211.4400024,0,222.1900024,201.6900024,210.6199951,0,68180500
2026-06-09,201.6799927,0,201.6799927,0,231.0200043,157.5599976,227.0599976,0,124754300
2026-06-10,180.6499939,0,180.6499939,0,212.9900055,177.3000031,191.5399933,0,94924200
2026-06-11,223.9900055,0,223.9900055,0,225.6300049,192.3000031,192.3000031,0,72493400
2026-06-12,234.6799927,0,234.6799927,0,242.3999939,214.7400055,222.2200012,0,50419100
2026-06-15,272.5,0,272.5,0,274.8800049,261.6000061,265.9899902,0,39914100
2026-06-16,226.1900024,0,226.1900024,0,274.9299927,226,267.1300049,0,54771900
2026-06-17,233.8600006,0,233.8600006,0,259.7900085,233.3000031,247.4199982,0,49127300
2026-06-18,279.2900085,0,279.2900085,0,286.1499939,265,266.0400085,0,49319800
2026-06-22,300.769989,0,300.769989,0,302,286.2399902,299.2600098,0,36399600
2026-06-23,231.4199982,0,231.4199982,0,252.9799957,223,236,0,70699700
2026-06-24,229.5700073,0,229.5700073,0,237,211.1300049,233.1100006,0,57018500
2026-06-25,252.6100006,0,252.6100006,0,268.3999939,225.7400055,268.0499878,0,57401800
2026-06-26,215.6000061,0,215.6000061,0,231.25,212.1000061,226.2400055,0,51987400
2026-06-29,236.5200043,0,236.5200043,0,238.6499939,192.3000031,216.3600006,0,48952600
2026-06-30,266.7099915,0,266.7099915,0,272,240.5899963,241.4499969,0,36721000
2026-07-01,217.5500031,0,217.5500031,0,246.4700012,215.3800049,237.7899933,0,60156300
2026-07-02,181.4700012,0,181.4700012,0,226.1300049,168.8800049,219.2299957,0,91060900
2026-07-06,194.6499939,0,194.6499939,0,210.8000031,194.2200012,197.2100067,0,42756600
2026-07-07,165.2799988,0,165.2799988,0,171.8800049,150.0800018,165.3999939,0,78957300
2026-07-08,174.8200073,0,174.8200073,0,176.75,158.8699951,159.2100067,0,63175900
2026-07-09,192.4499969,0,192.4499969,0,204.5500031,189.4600067,199.8099976,0,52530500
2026-07-10,192.2599945,0,192.2599945,0,195.9400024,176.8000031,182.3999939,0,37626300
2026-07-13,165.3699951,0,165.3699951,0,177.6699982,161.5500031,174.6100006,0,52686700
2026-07-14,176.6600037,0,176.6600037,0,188.4299927,170.2599945,187.6900024,0,49269200
2026-07-15,165.5500031,0,165.5500031,0,184,150,183.7700043,0,67008900
2026-07-16,142.4799957,0,142.4799957,0,155.8300018,138,150.4400024,0,76391300
2026-07-17,135.4700012,0,135.4700012,0,144.3999939,116.4700012,124.7300034,0,105762300
2026-07-20,136.8099976,0,136.8099976,0,148.7400055,135.6699982,143.5200043,0,52804300
2026-07-21,158.5399933,0,158.5399933,0,160.6399994,148.8699951,155.8399963,0,55698500
2026-07-22,160.9900055,0,160.9900055,0,165.75,147,147.1000061,0,46926500
2026-07-23,157.5,0,157.5,0,162.9199982,150.6499939,152.1600037,0,57831400
2026-07-24,136.8099976,0,136.8099976,0,154.5,132.5500031,151.4499969,0,71734900
2026-07-27,128.1499939,0,128.1499939,0,148.0200043,115.4499969,140.6499939,0,89478800
