Date,Adj Close,Capital Gains,Close,Dividends,High,Low,Open,Stock Splits,Volume
2010-02-11,0.205581963,0,0.216276005,0,0.217447996,0.202785999,0.203437999,0,6912000
2010-02-12,0.206423193,0,0.217161,0,0.219035998,0.209167004,0.210391,0,17203200
2010-02-16,0.21441929,0,0.225573003,0,0.226093993,0.218776003,0.222266003,0,19238400
2010-02-17,0.21805796,0,0.229401007,0,0.229452997,0.225155994,0.228594005,0,38361600
2010-02-18,0.222191945,0,0.233750001,0,0.235129997,0.227786005,0.229166999,0,77721600
2010-02-19,0.222191945,0,0.233750001,0,0.236797005,0.230390996,0.232161,0,92966400
2010-02-22,0.220632046,0,0.232108995,0,0.236509994,0.229479,0.236509994,0,50995200
2010-02-23,0.212018147,0,0.223047003,0,0.232082993,0.219973996,0.230832994,0,82252800
2010-02-24,0.21842961,0,0.229791999,0,0.232421994,0.225755006,0.226979002,0,70617600
2010-02-25,0.218305111,0,0.229661003,0,0.231224,0.217995003,0.222448006,0,91238400
2010-02-26,0.221028447,0,0.232526004,0,0.233490005,0.226719007,0.228983998,0,57600000
2010-03-01,0.230509296,0,0.242500007,0,0.243489996,0.235468999,0.235468999,0,28454400
2010-03-02,0.231895164,0,0.243957996,0,0.249219,0.243306994,0.244635001,0,48422400
2010-03-03,0.23318316,0,0.245313004,0,0.248827994,0.242943004,0.246693,0,47961600
2010-03-04,0.235757291,0,0.248021007,0,0.248358995,0.242344007,0.246171996,0,29452800
2010-03-05,0.246178225,0,0.258983999,0,0.260129988,0.251953006,0.253307015,0,26880000
2010-03-08,0.247490898,0,0.260365009,0,0.262239993,0.259218991,0.259218991,0,25344000
2010-03-09,0.251872003,0,0.264973998,0,0.269035995,0.258724004,0.258931994,0,46425600
2010-03-10,0.258035451,0,0.271458,0,0.273072988,0.265156001,0.265338987,0,40089600
2010-03-11,0.260411769,0,0.273957998,0,0.274349004,0.268020988,0.269818008,0,53913600
2010-03-12,0.261005878,0,0.274583012,0,0.276978999,0.271432012,0.276978999,0,36134400
2010-03-15,0.259248197,0,0.272733986,0,0.274608999,0.266927004,0.272760004,0,42393600
2010-03-16,0.264150351,0,0.27789101,0,0.27867201,0.272552013,0.275417,0,46579200
2010-03-17,0.265982032,0,0.279817998,0,0.283775985,0.277500004,0.27867201,0,39820800
2010-03-18,0.268679678,0,0.282656014,0,0.283542007,0.278932005,0.280781001,0,52185600
2010-03-19,0.263926923,0,0.277655989,0,0.285755008,0.274688005,0.277655989,0,40051200
2010-03-22,0.271056056,0,0.285156012,0,0.288489997,0.273359001,0.274401009,0,58790400
2010-03-23,0.276725203,0,0.291119993,0,0.291745007,0.282656014,0.287108988,0,55334400
2010-03-24,0.272788972,0,0.28697899,0,0.289687991,0.285156012,0.289063007,0,89241600
2010-03-25,0.271080852,0,0.285181999,0,0.297057003,0.284947991,0.293983996,0,93926400
2010-03-26,0.272492379,0,0.286666989,0,0.292160988,0.282160997,0.289245009,0,84288000
2010-03-29,0.276229948,0,0.290598989,0,0.293567985,0.28846401,0.290989995,0,38054400
2010-03-30,0.279126287,0,0.293646008,0,0.296171993,0.287681997,0.292995006,0,39897600
2010-03-31,0.275363952,0,0.289687991,0,0.294270992,0.287681997,0.29036501,0,59558400
2010-04-01,0.274819314,0,0.289115012,0,0.298516005,0.282629997,0.292917013,0,116620800
2010-04-05,0.282765001,0,0.297473997,0,0.299219012,0.289063007,0.291224003,0,67584000
2010-04-06,0.284919024,0,0.299739987,0,0.302448004,0.293332994,0.295208007,0,58713600
2010-04-07,0.283309668,0,0.298047006,0,0.301979005,0.292838991,0.298723996,0,106252800
2010-04-08,0.284324884,0,0.299115002,0,0.300859004,0.290520996,0.295026004,0,69657600
2010-04-09,0.28944841,0,0.304504991,0,0.305233985,0.297785997,0.300103992,0,58099200
2010-04-12,0.290611804,0,0.305729002,0,0.308073014,0.303541988,0.305546999,0,48806400
2010-04-13,0.294993818,0,0.310339004,0,0.310833007,0.301979005,0.304740012,0,67238400
2010-04-14,0.30539009,0,0.321276009,0,0.321536005,0.314114988,0.31476599,0,61094400
2010-04-15,0.309474587,0,0.325572997,0,0.326770991,0.320650995,0.320937991,0,45772800
2010-04-16,0.298458725,0,0.313984007,0,0.325286001,0.307942986,0.322135001,0,129484800
2010-04-19,0.2979891,0,0.313490003,0,0.316354007,0.302082986,0.311042011,0,112742400
2010-04-20,0.302394837,0,0.31812501,0,0.320313007,0.31239599,0.318358988,0,56102400
2010-04-21,0.307717025,0,0.323724002,0,0.326483995,0.317707986,0.324582994,0,83980800
2010-04-22,0.312272161,0,0.328516006,0,0.329609007,0.308905989,0.314271003,0,122841600
2010-04-23,0.316406041,0,0.332865,0,0.333905995,0.324948013,0.328828007,0,82368000
2010-04-26,0.31405437,0,0.33039099,0,0.335599005,0.328776002,0.333099008,0,80524800
2010-04-27,0.294671714,0,0.310000002,0,0.330677003,0.307292014,0.327187985,0,133747200
2010-04-28,0.295364588,0,0.310728997,0,0.31507799,0.303202987,0.31476599,0,125068800
2010-04-29,0.310440332,0,0.326588988,0,0.328150988,0.315025985,0.315052003,0,84748800
2010-04-30,0.292146981,0,0.30734399,0,0.327630013,0.306535989,0.326094002,0,88512000
2010-05-03,0.304078281,0,0.319896013,0,0.324530989,0.310858995,0.310938001,0,52608000
2010-05-04,0.277195752,0,0.291615009,0,0.307812989,0.284660995,0.307785988,0,137241600
2010-05-05,0.272640735,0,0.286823004,0,0.291952997,0.277083009,0.282474011,0,138508800
2010-05-06,0.245931119,0,0.258724004,0,0.289009988,0.177083001,0.280910999,0,217804800
2010-05-07,0.228034019,0,0.239895999,0,0.261276007,0.223203003,0.251875013,0,248256000
2010-05-10,0.262045771,0,0.275676996,0,0.276484013,0.268698007,0.270182014,0,189273600
2010-05-11,0.261872709,0,0.275494993,0,0.286457986,0.266328007,0.26789099,0,147033600
2010-05-12,0.275982797,0,0.290338993,0,0.29093799,0.278228998,0.279271007,0,108556800
2010-05-13,0.26350677,0,0.277213991,0,0.293594003,0.275469005,0.287551999,0,105561600
2010-05-14,0.247292191,0,0.260156006,0,0.27078101,0.251302004,0.270417005,0,154176000
2010-05-17,0.250634342,0,0.263671994,0,0.266588986,0.246875003,0.262681991,0,136857600
2010-05-18,0.241054714,0,0.253594011,0,0.271614999,0.248958007,0.270103991,0,190617600
2010-05-19,0.234692648,0,0.246901006,0,0.255207986,0.238098994,0.249219,0,237772800
2010-05-20,0.210953519,0,0.221927002,0,0.233620003,0.217317998,0.231952995,0,272985600
2010-05-21,0.21258752,0,0.223646,0,0.230546996,0.206198007,0.208410993,0,234316800
2010-05-24,0.214345098,0,0.225494996,0,0.233202994,0.222891003,0.224869996,0,155020800
2010-05-25,0.212834656,0,0.223905995,0,0.224609002,0.202083007,0.208749995,0,172646400
2010-05-26,0.206250131,0,0.216978997,0,0.236718997,0.215313002,0.227369994,0,208320000
2010-05-27,0.228578717,0,0.240468994,0,0.241068006,0.229556993,0.231432006,0,173222400
2010-05-28,0.225384831,0,0.237109005,0,0.242734,0.230469003,0.242056996,0,166694400
2010-06-01,0.219147325,0,0.230546996,0,0.246719003,0.229166999,0.234608993,0,202713600
2010-06-02,0.234569088,0,0.246770993,0,0.246770993,0.229375005,0.234375,0,113433600
2010-06-03,0.240658358,0,0.253176987,0,0.254583001,0.243906006,0.248594001,0,114854400
2010-06-04,0.216894478,0,0.228176996,0,0.246745005,0.224843994,0.237292007,0,245952000
2010-06-07,0.204319581,0,0.214947999,0,0.232916996,0.214582995,0.230390996,0,168729600
2010-06-08,0.20318085,0,0.213750005,0,0.217916995,0.205234006,0.216483995,0,265920000
2010-06-09,0.198699951,0,0.209035993,0,0.224193007,0.206641003,0.218072996,0,229440000
2010-06-10,0.215186328,0,0.226380005,0,0.226823002,0.214557007,0.216327995,0,155520000
2010-06-11,0.220806003,0,0.232291996,0,0.233202994,0.219348997,0.219348997,0,125337600
2010-06-14,0.220929593,0,0.232421994,0,0.243775994,0.231483996,0.239193007,0,227404800
2010-06-15,0.237069041,0,0.249401003,0,0.252108991,0.235572994,0.236276001,0,200102400
2010-06-16,0.241846517,0,0.254426986,0,0.257813007,0.247969002,0.249192998,0,158361600
2010-06-17,0.244272277,0,0.256978989,0,0.258801997,0.250364989,0.25841099,0,163046400
2010-06-18,0.244940519,0,0.257681996,0,0.262865007,0.255104005,0.25830701,0,139584000
2010-06-21,0.238504335,0,0.250910997,0,0.268229008,0.246666998,0.267082989,0,219916800
2010-06-22,0.232860923,0,0.244974002,0,0.259323001,0.243698001,0.253802001,0,179596800
2010-06-23,0.229742169,0,0.241693005,0,0.248411,0.236197993,0.245885,0,224716800
2010-06-24,0.218602628,0,0.229974002,0,0.240885004,0.228645995,0.238802001,0,239424000
2010-06-25,0.218454331,0,0.229818001,0,0.235572994,0.224922001,0.232969001,0,177561600
2010-06-28,0.216498077,0,0.227760002,0,0.233438,0.222812995,0.230000004,0,164160000
2010-06-29,0.192338824,0,0.202344,0,0.217447996,0.196354002,0.217057005,0,438220800
2010-06-30,0.182833284,0,0.192343995,0,0.205026001,0.190754995,0.199322999,0,183667200
2010-07-01,0.181051001,0,0.190468997,0,0.195025995,0.179323003,0.193410993,0,252326400
2010-07-02,0.180060536,0,0.189427003,0,0.193177,0.183594003,0.190963998,0,147379200
2010-07-06,0.181001604,0,0.190417007,0,0.200286001,0.185625002,0.196667001,0,156556800
2010-07-07,0.198105842,0,0.208410993,0,0.208984002,0.191588998,0.192056999,0,160780800
2010-07-08,0.201447994,0,0.211926997,0,0.214245006,0.204583004,0.213411003,0,207360000
2010-07-09,0.207092404,0,0.217865005,0,0.21875,0.210260004,0.211380005,0,142656000
2010-07-12,0.209444031,0,0.220339,0,0.223619998,0.215728998,0.217057005,0,98918400
2010-07-13,0.216597915,0,0.227864996,0,0.230781004,0.220624998,0.225494996,0,174144000
2010-07-14,0.220062718,0,0.231509998,0,0.235391006,0.226849005,0.229818001,0,109516800
2010-07-15,0.220830753,0,0.232317999,0,0.234348997,0.223047003,0.230546996,0,114201600
2010-07-16,0.203057289,0,0.213620007,0,0.230572999,0.212604001,0.230286002,0,181363200
2010-07-19,0.207637012,0,0.218437999,0,0.219791993,0.209661007,0.214844003,0,124224000
2010-07-20,0.214196831,0,0.225338995,0,0.226249993,0.205937997,0.207604006,0,127948800
2010-07-21,0.206696004,0,0.217447996,0,0.233853996,0.215990007,0.233853996,0,172492800
2010-07-22,0.220632046,0,0.232108995,0,0.236589,0.225938007,0.225938007,0,126451200
2010-07-23,0.226375356,0,0.238150999,0,0.238437995,0.227577999,0.228854001,0,138854400
2010-07-26,0.231350496,0,0.243385002,0,0.244063005,0.235859007,0.239193007,0,100761600
2010-07-27,0.231301084,0,0.243332997,0,0.248072997,0.240285993,0.246978998,0,119692800
2010-07-28,0.226573005,0,0.238359004,0,0.245885,0.235156,0.242838994,0,77568000
2010-07-29,0.221176714,0,0.232682005,0,0.243229002,0.225312993,0.241667002,0,152755200
2010-07-30,0.222687185,0,0.234271005,0,0.238124996,0.222681999,0.226770997,0,129830400
2010-08-02,0.234667942,0,0.246875003,0,0.248697996,0.240260005,0.242943004,0,90163200
2010-08-03,0.232242137,0,0.244323,0,0.247188002,0.240468994,0.246406004,0,64012800
2010-08-04,0.238950178,0,0.251379997,0,0.252083004,0.244323,0.247526005,0,80908800
2010-08-05,0.23753956,0,0.249896005,0,0.250781,0.244635001,0.247603998,0,66470400
2010-08-06,0.236425504,0,0.248723999,0,0.249791995,0.237317994,0.240911007,0,152755200
2010-08-09,0.240559444,0,0.253073007,0,0.255207986,0.248906001,0.252135009,0,85632000
2010-08-10,0.235459715,0,0.247707993,0,0.251172006,0.240937993,0.247396007,0,158016000
2010-08-11,0.216077968,0,0.227318004,0,0.234714001,0.223723993,0.234557003,0,154905600
2010-08-12,0.20998776,0,0.220910996,0,0.224035993,0.212421998,0.213698,0,145920000
2010-08-13,0.205804333,0,0.216509998,0,0.221588999,0.216509998,0.219089001,0,57945600
2010-08-16,0.206967831,0,0.217733994,0,0.222109005,0.210547,0.213281006,0,95424000
2010-08-17,0.214840338,0,0.226016,0,0.231849,0.221302003,0.222604007,0,120076800
2010-08-18,0.216770917,0,0.228046998,0,0.23263,0.222292006,0.224869996,0,71155200
2010-08-19,0.208799571,0,0.219660997,0,0.227135003,0.213801995,0.224818006,0,102412800
2010-08-20,0.208081916,0,0.218906,0,0.220572993,0.213568002,0.217447996,0,88588800
2010-08-23,0.20233959,0,0.212864995,0,0.225130007,0.212551996,0.223802,0,108211200
2010-08-24,0.190729558,0,0.200651005,0,0.207448006,0.198176995,0.205910996,0,144806400
2010-08-25,0.196448103,0,0.206667006,0,0.209141001,0.195781007,0.196744993,0,144153600
2010-08-26,0.19003658,0,0.199921995,0,0.209661007,0.198568001,0.209323004,0,132979200
2010-08-27,0.196323559,0,0.206535995,0,0.207422003,0.191146001,0.203410998,0,192460800
2010-08-30,0.189962447,0,0.199844003,0,0.208802,0.199791998,0.203358993,0,105139200
2010-08-31,0.189021423,0,0.198853999,0,0.203047007,0.194036007,0.196875006,0,156441600
2010-09-01,0.204864293,0,0.215520993,0,0.217526004,0.206223994,0.206510007,0,129638400
2010-09-02,0.211894572,0,0.222917005,0,0.222917005,0.215207994,0.216848999,0,54297600
2010-09-03,0.222687185,0,0.234271005,0,0.234271005,0.227318004,0.229688004,0,135283200
2010-09-07,0.217266142,0,0.228568003,0,0.233906001,0.228073001,0.231120005,0,97382400
2010-09-08,0.224939987,0,0.236641005,0,0.240443006,0.231120005,0.231120005,0,113894400
2010-09-09,0.22778596,0,0.239635006,0,0.244400993,0.238646001,0.244010001,0,90355200
2010-09-10,0.230237395,0,0.242213994,0,0.243515998,0.237448007,0.241380006,0,63936000
2010-09-13,0.240386456,0,0.252891004,0,0.254714012,0.248307005,0.248541996,0,83712000
2010-09-14,0.243431136,0,0.256094009,0,0.25999999,0.250364989,0.251823008,0,84748800
2010-09-15,0.247565046,0,0.260443002,0,0.261718988,0.252005011,0.25406301,0,67660800
2010-09-16,0.251055419,0,0.264115006,0,0.264557004,0.25752601,0.260286003,0,93772800
2010-09-17,0.253728509,0,0.266927004,0,0.269504994,0.262890995,0.269504994,0,114816000
2010-09-20,0.266946882,0,0.280833006,0,0.282265991,0.26898399,0.269921988,0,105561600
2010-09-21,0.266105562,0,0.279947996,0,0.286457986,0.276978999,0.281067997,0,173875200
2010-09-22,0.264843315,0,0.278620005,0,0.284088999,0.273957998,0.276823014,0,96576000
2010-09-23,0.264050573,0,0.277785987,0,0.28619799,0.272083014,0.272917002,0,137088000
2010-09-24,0.279002726,0,0.29351601,0,0.295313001,0.286327988,0.287708014,0,126528000
2010-09-27,0.275808811,0,0.290156007,0,0.296406001,0.28934899,0.294869989,0,97113600
2010-09-28,0.276501775,0,0.290885001,0,0.292890996,0.276250005,0.292890996,0,146227200
2010-09-29,0.274274647,0,0.288542002,0,0.292526007,0.285286009,0.288594007,0,63859200
2010-09-30,0.270560831,0,0.284635007,0,0.298072994,0.27898401,0.292917013,0,177484800
2010-10-01,0.269719601,0,0.283749998,0,0.292474002,0.27955699,0.291301996,0,117043200
2010-10-04,0.260362357,0,0.273905993,0,0.283802003,0.269479007,0.280910999,0,123840000
2010-10-05,0.279745072,0,0.29429701,0,0.295702994,0.283151001,0.28362,0,109785600
2010-10-06,0.27261591,0,0.286796987,0,0.294921994,0.281015992,0.293072999,0,88512000
2010-10-07,0.27528888,0,0.289608985,0,0.291875005,0.282656014,0.291667014,0,78950400
2010-10-08,0.280834466,0,0.295442998,0,0.29755199,0.284218997,0.290129989,0,68544000
2010-10-11,0.28140384,0,0.296041995,0,0.300155997,0.293359011,0.296276003,0,38131200
2010-10-12,0.287245959,0,0.302188009,0,0.303775996,0.287160993,0.294088989,0,97728000
2010-10-13,0.294225842,0,0.309531003,0,0.313306987,0.305155993,0.30776,0,96844800
2010-10-14,0.292592794,0,0.307812989,0,0.311693013,0.303099006,0.309895992,0,79756800
2010-10-15,0.311256945,0,0.32744801,0,0.32744801,0.311719,0.318827987,0,119577600
2010-10-18,0.311256945,0,0.32744801,0,0.330807,0.323931992,0.327969015,0,86976000
2010-10-19,0.298879683,0,0.314426988,0,0.321978986,0.306849003,0.314478993,0,127296000
2010-10-20,0.305093557,0,0.320964009,0,0.328047007,0.315521002,0.317499995,0,93465600
2010-10-21,0.30722177,0,0.323202997,0,0.330989987,0.313827991,0.32744801,0,109708800
2010-10-22,0.313212186,0,0.329504997,0,0.330233991,0.321900994,0.323594004,0,58713600
2010-10-25,0.317964971,0,0.334504992,0,0.340182006,0.333463997,0.333463997,0,77184000
2010-10-26,0.31987077,0,0.336510003,0,0.338854015,0.325390995,0.329245001,0,74841600
2010-10-27,0.323163599,0,0.339973986,0,0.340833008,0.33039099,0.332213998,0,112857600
2010-10-28,0.325019926,0,0.341926992,0,0.344870001,0.333828002,0.344687998,0,107788800
2010-10-29,0.323460102,0,0.340285987,0,0.345806986,0.339843988,0.341848999,0,80755200
2010-11-01,0.324203402,0,0.341068,0,0.350703001,0.336198002,0.34375,0,85209600
2010-11-02,0.334030241,0,0.351406008,0,0.354245007,0.347656012,0.349270999,0,68121600
2010-11-03,0.338857204,0,0.356483996,0,0.356588989,0.343515992,0.353177011,0,115161600
2010-11-04,0.350863546,0,0.369114995,0,0.373490006,0.366328001,0.368905991,0,111859200
2010-11-05,0.351283818,0,0.369556993,0,0.371771008,0.366405994,0.370000005,0,113971200
2010-11-08,0.352175415,0,0.370494992,0,0.372395992,0.365025997,0.36768201,0,103449600
2010-11-09,0.346481532,0,0.364504993,0,0.377056986,0.359973997,0.375755012,0,121881600
2010-11-10,0.351778984,0,0.370077997,0,0.371380001,0.357838988,0.366432011,0,91968000
2010-11-11,0.345862806,0,0.363853991,0,0.365130007,0.34859401,0.35286501,0,121843200
2010-11-12,0.328263342,0,0.345339,0,0.362082988,0.337422013,0.357838988,0,218265600
2010-11-15,0.324748129,0,0.341641009,0,0.352708012,0.341224015,0.351249993,0,119193600
2010-11-16,0.308633387,0,0.324687988,0,0.340182006,0.320755005,0.334322989,0,181632000
2010-11-17,0.311553478,0,0.327760011,0,0.332630008,0.322917014,0.325260013,0,111168000
2010-11-18,0.326035231,0,0.342994988,0,0.349792004,0.338046998,0.338306993,0,138739200
2010-11-19,0.326802224,0,0.343802005,0,0.346354008,0.337969005,0.341874987,0,93427200
2010-11-22,0.335417122,0,0.35286501,0,0.35286501,0.338306993,0.339713991,0,147456000
2010-11-23,0.319574207,0,0.336198002,0,0.343410999,0.330208004,0.342422009,0,185856000
2010-11-24,0.338238299,0,0.355832994,0,0.358568013,0.345339,0.345755011,0,129484800
2010-11-26,0.336110085,0,0.353594005,0,0.356301993,0.347577989,0.349635005,0,59673600
2010-11-29,0.331431448,0,0.348672003,0,0.351563007,0.335729003,0.347656012,0,176524800
2010-11-30,0.318831921,0,0.335417002,0,0.341978997,0.331640989,0.337603986,0,200716800
2010-12-01,0.339105278,0,0.356745005,0,0.362082988,0.35025999,0.350807011,0,206860800
2010-12-02,0.349402577,0,0.367578,0,0.369141012,0.357421994,0.358332992,0,132134400
2010-12-03,0.352323651,0,0.370651007,0,0.371849,0.363020986,0.363151014,0,175449600
2010-12-06,0.351704925,0,0.370000005,0,0.372161001,0.367004991,0.370728999,0,99072000
2010-12-07,0.352027059,0,0.370339006,0,0.383697987,0.369688004,0.383671999,0,164428800
2010-12-08,0.356903374,0,0.375468999,0,0.376406014,0.366744995,0.374009997,0,93427200
2010-12-09,0.357274145,0,0.375858992,0,0.381823003,0.372395992,0.381745011,0,99878400
2010-12-10,0.364775002,0,0.383749992,0,0.384452999,0.375339001,0.378437996,0,88204800
2010-12-13,0.360492736,0,0.379245013,0,0.388568014,0.378906012,0.388568014,0,80755200
2010-12-14,0.362002254,0,0.380833,0,0.386016011,0.378046989,0.382239997,0,76876800
2010-12-15,0.358314097,0,0.376953006,0,0.387603998,0.373697996,0.380520999,0,95577600
2010-12-16,0.365790069,0,0.384817988,0,0.386822999,0.375,0.377344012,0,86131200
2010-12-17,0.366904199,0,0.385989994,0,0.389322996,0.383931994,0.386041999,0,61209600
2010-12-20,0.367893726,0,0.387030989,0,0.391146004,0.378645986,0.388020992,0,126144000
2010-12-21,0.37395829,0,0.393411011,0,0.393593997,0.388516009,0.39151001,0,33600000
2010-12-22,0.37435469,0,0.393828005,0,0.395442992,0.391822994,0.393463999,0,43200000
2010-12-23,0.371507764,0,0.39083299,0,0.393359005,0.388280988,0.391770989,0,36864000
2010-12-27,0.371657044,0,0.390989989,0,0.393229008,0.379426986,0.387681991,0,64166400
2010-12-28,0.370047748,0,0.389297009,0,0.394244999,0.386640996,0.393905997,0,63475200
2010-12-29,0.372251093,0,0.391615003,0,0.393801987,0.390625,0.392733991,0,45465600
2010-12-30,0.369453639,0,0.388671994,0,0.391874999,0.386718988,0.391770989,0,28761600
2010-12-31,0.366061985,0,0.385104001,0,0.387813002,0.379400998,0.387813002,0,48729600
2011-01-03,0.382597834,0,0.402500004,0,0.410443008,0.395285994,0.395339012,0,133516800
2011-01-04,0.382003784,0,0.401874989,0,0.407656014,0.394192994,0.407552004,0,131520000
2011-01-05,0.391484588,0,0.411848992,0,0.412030995,0.397370011,0.397891015,0,122880000
2011-01-06,0.395024478,0,0.415573001,0,0.416536003,0.410755008,0.413307011,0,104524800
2011-01-07,0.394108027,0,0.414608985,0,0.418384999,0.402577996,0.417681992,0,152409600
2011-01-10,0.398539543,0,0.419270992,0,0.421380013,0.40872401,0.411457986,0,86054400
2011-01-11,0.400371283,0,0.42119801,0,0.425285995,0.416900992,0.424374998,0,109939200
2011-01-12,0.408490986,0,0.429740012,0,0.430000007,0.422109008,0.42703101,0,134092800
2011-01-13,0.409777999,0,0.431093991,0,0.433723986,0.426952988,0.431275994,0,131443200
2011-01-14,0.418664694,0,0.440443009,0,0.440573007,0.428072989,0.430884987,0,61286400
2011-01-18,0.422005951,0,0.443958014,0,0.445313007,0.428463995,0.42919299,0,138124800
2011-01-19,0.40787214,0,0.42908901,0,0.446224004,0.424634993,0.446224004,0,149952000
2011-01-20,0.398712635,0,0.419452995,0,0.425026,0.409895986,0.423958004,0,189465600
2011-01-21,0.389603436,0,0.409869999,0,0.428124994,0.409583002,0.425572991,0,104832000
2011-01-24,0.405693442,0,0.426797003,0,0.427161008,0.409974009,0.412160993,0,86438400
2011-01-25,0.407104105,0,0.428281009,0,0.428853989,0.417968988,0.421041995,0,95846400
2011-01-26,0.413416773,0,0.43492201,0,0.438957989,0.427056998,0.431041986,0,99379200
2011-01-27,0.421387106,0,0.443307012,0,0.447005004,0.437629998,0.440025985,0,111360000
2011-01-28,0.389603436,0,0.409869999,0,0.444296986,0.40398401,0.443464011,0,254553600
2011-01-31,0.395371348,0,0.41593799,0,0.419063002,0.402343988,0.411484003,0,159974400
2011-02-01,0.417327255,0,0.439036012,0,0.441926986,0.423905998,0.425520986,0,203443200
2011-02-02,0.415446132,0,0.437056988,0,0.44156301,0.434296995,0.436719,0,92121600
2011-02-03,0.417055458,0,0.438749999,0,0.441119999,0.42414099,0.434635013,0,131558400
2011-02-04,0.424580932,0,0.446666986,0,0.44739601,0.435885012,0.43987,0,135936000
2011-02-07,0.43074435,0,0.453150988,0,0.460130006,0.447239995,0.449452996,0,103795200
2011-02-08,0.439928591,0,0.46281299,0,0.46281299,0.451041996,0.453307003,0,133977600
2011-02-09,0.437254637,0,0.460000008,0,0.46380201,0.455495,0.459740013,0,130406400
2011-02-10,0.439383924,0,0.46224001,0,0.463176996,0.449218988,0.452344,0,142080000
2011-02-11,0.448394209,0,0.471718997,0,0.47200501,0.455729008,0.45796901,0,94540800
2011-02-14,0.451216459,0,0.474687994,0,0.476875007,0.470364988,0.471614987,0,59635200
2011-02-15,0.450052947,0,0.473464012,0,0.474505007,0.466719002,0.472057015,0,93235200
2011-02-16,0.458370298,0,0.482214004,0,0.486016005,0.476484001,0.477187991,0,141120000
2011-02-17,0.457973897,0,0.48179701,0,0.484375,0.474218994,0.475104004,0,86745600
2011-02-18,0.455375075,0,0.479063004,0,0.484010011,0.473358989,0.482082993,0,128179200
2011-02-22,0.41527316,0,0.436874986,0,0.463542014,0.434895992,0.459948003,0,241843200
2011-02-23,0.405025244,0,0.426093996,0,0.441431999,0.416301996,0.436744988,0,194265600
2011-02-24,0.410792261,0,0.432161003,0,0.436457992,0.416667014,0.42908901,0,320524800
2011-02-25,0.428392678,0,0.450677007,0,0.452551991,0.438957989,0.440207988,2,108345600
2011-02-28,0.431511492,0,0.453958005,0,0.460312992,0.445780993,0.455832988,0,104313600
2011-03-01,0.410767555,0,0.432134986,0,0.460052013,0.42838499,0.460052013,0,122899200
2011-03-02,0.416560203,0,0.438228995,0,0.447135001,0.430938005,0.431302011,0,114105600
2011-03-03,0.441413313,0,0.464374989,0,0.466771007,0.450937986,0.450989991,0,132825600
2011-03-04,0.43487829,0,0.457500011,0,0.464583009,0.448437989,0.464583009,0,109420800
2011-03-07,0.417550623,0,0.439271003,0,0.46401,0.426979005,0.463229001,0,137568000
2011-03-08,0.421907037,0,0.443854004,0,0.450208008,0.429688007,0.436771005,0,128774400
2011-03-09,0.413392007,0,0.434895992,0,0.440780997,0.428176999,0.440207988,0,97056000
2011-03-10,0.394479752,0,0.414999992,0,0.423177004,0.409740001,0.419479012,0,174892800
2011-03-11,0.401064247,0,0.421927005,0,0.425469011,0.407447994,0.408073008,0,102547200
2011-03-14,0.397153646,0,0.417813003,0,0.424479008,0.408385009,0.415051997,0,78912000
2011-03-15,0.380914509,0,0.400729001,0,0.407604009,0.376823008,0.38062501,0,187852800
2011-03-16,0.352942497,0,0.371302009,0,0.396822989,0.363281012,0.39072901,0,216768000
2011-03-17,0.362151474,0,0.380989999,0,0.393229008,0.38062501,0.388280988,0,116486400
2011-03-18,0.360170513,0,0.378906012,0,0.394479007,0.378125012,0.394322991,0,118713600
2011-03-21,0.380270928,0,0.400052011,0,0.40625,0.393853992,0.395520985,0,95251200
2011-03-22,0.379230976,0,0.398957998,0,0.403124988,0.395832986,0.401926994,0,64358400
2011-03-23,0.384974241,0,0.405000001,0,0.408542007,0.386041999,0.394062996,0,104544000
2011-03-24,0.405915886,0,0.42703101,0,0.429583013,0.407395989,0.414478987,0,130656000
2011-03-25,0.408886403,0,0.430155993,0,0.438542008,0.42838499,0.431302011,0,148300800
2011-03-28,0.401955843,0,0.422865003,0,0.436042011,0.422343999,0.435990006,0,88838400
2011-03-29,0.413490772,0,0.435000002,0,0.435104012,0.41593799,0.420313001,0,67296000
2011-03-30,0.419580102,0,0.441406012,0,0.443073004,0.435728997,0.441666991,0,67545600
2011-03-31,0.42136246,0,0.443280995,0,0.444375008,0.436978996,0.439583004,0,56428800
2011-04-01,0.422005951,0,0.443958014,0,0.453958005,0.440104008,0.449634999,0,75552000
2011-04-04,0.418194115,0,0.439947993,0,0.448853999,0.433802009,0.447759986,0,62419200
2011-04-05,0.41344139,0,0.434947997,0,0.443749994,0.433333009,0.436666995,0,53932800
2011-04-06,0.416560203,0,0.438228995,0,0.449687988,0.431353986,0.445365012,0,66393600
2011-04-07,0.416461319,0,0.438125014,0,0.446509987,0.429114997,0.438542008,0,71942400
2011-04-08,0.410223812,0,0.43156299,0,0.445728987,0.425051987,0.444166988,0,50457600
2011-04-11,0.406509995,0,0.427655995,0,0.439530998,0.423384994,0.436562985,0,56083200
2011-04-12,0.398490131,0,0.419218987,0,0.424791992,0.413801998,0.421615005,0,66566400
2011-04-13,0.407995671,0,0.429219007,0,0.43276,0.419270992,0.428281009,0,70848000
2011-04-14,0.40576762,0,0.426874995,0,0.428853989,0.415104002,0.420260012,0,67872000
2011-04-15,0.403144002,0,0.424115002,0,0.429688007,0.416563004,0.421875,0,149683200
2011-04-18,0.395371348,0,0.41593799,0,0.41614601,0.395000011,0.411823004,0,125760000
2011-04-19,0.40250057,0,0.423438013,0,0.423438013,0.412396014,0.418541998,0,107328000
2011-04-20,0.429284275,0,0.451615006,0,0.45333299,0.444270998,0.445780993,0,131155200
2011-04-21,0.440175742,0,0.463072985,0,0.465885013,0.458905995,0.465728998,0,64972800
2011-04-25,0.443442792,0,0.466509998,0,0.467188001,0.461562991,0.464740008,0,45350400
2011-04-26,0.451067179,0,0.474530995,0,0.479167014,0.467447996,0.470313013,0,44793600
2011-04-27,0.460424513,0,0.484375,0,0.485572994,0.470625013,0.476563007,0,62668800
2011-04-28,0.45973143,0,0.483646005,0,0.483853996,0.475780994,0.479635,0,66028800
2011-04-29,0.457503319,0,0.481301993,0,0.484843999,0.47786501,0.479896009,0,52416000
2011-05-02,0.455028117,0,0.478697985,0,0.486458004,0.474427015,0.483384997,0,53875200
2011-05-03,0.448195517,0,0.471509993,0,0.478542,0.462552011,0.477187991,0,52204800
2011-05-04,0.445572048,0,0.46875,0,0.475468993,0.457603991,0.471457988,0,81945600
2011-05-05,0.438888729,0,0.461719006,0,0.478073001,0.456615001,0.461874992,0,95750400
2011-05-06,0.442700446,0,0.465728998,0,0.483280987,0.462031007,0.475780994,0,76838400
2011-05-09,0.447502553,0,0.470780998,0,0.476509988,0.462969005,0.467916995,0,41875200
2011-05-10,0.458989114,0,0.482865006,0,0.484896004,0.472864985,0.475416988,0,55353600
2011-05-11,0.449087203,0,0.472447991,0,0.485989988,0.462707996,0.481406003,0,64704000
2011-05-12,0.457008123,0,0.480780989,0,0.482760012,0.459948003,0.467500001,0,60288000
2011-05-13,0.440819204,0,0.463750005,0,0.479739994,0.463281006,0.477551997,0,74054400
2011-05-16,0.417896658,0,0.439635009,0,0.461302012,0.436562985,0.457655996,0,79718400
2011-05-17,0.421312928,0,0.44322899,0,0.443489999,0.430364996,0.433021009,0,89740800
2011-05-18,0.431560934,0,0.45401001,0,0.456615001,0.439792007,0.441614985,0,42566400
2011-05-19,0.43527475,0,0.457917005,0,0.460990012,0.450103998,0.459271014,0,52627200
2011-05-20,0.425670236,0,0.447813004,0,0.458124995,0.446146011,0.456353992,0,43660800
2011-05-23,0.40720284,0,0.42838499,0,0.433073014,0.422030985,0.429426998,0,77433600
2011-05-24,0.399530083,0,0.420313001,0,0.431667,0.420208007,0.431667,0,67929600
2011-05-25,0.403985292,0,0.425000012,0,0.430884987,0.418020993,0.418280989,0,53913600
2011-05-26,0.411560237,0,0.432969004,0,0.436509997,0.420832992,0.420832992,0,47136000
2011-05-27,0.41769895,0,0.439426988,0,0.440728992,0.434166998,0.435104012,0,35059200
2011-05-31,0.437799394,0,0.460572988,0,0.460572988,0.444947988,0.452082992,0,55315200
2011-06-01,0.409827352,0,0.431145996,0,0.460469007,0.429895997,0.457551986,0,92352000
2011-06-02,0.412203819,0,0.433645993,0,0.437759995,0.426510006,0.433073014,0,46790400
2011-06-03,0.393489361,0,0.413958013,0,0.427969009,0.412499994,0.418437988,0,81388800
2011-06-06,0.383983642,0,0.403957993,0,0.417291999,0.403490007,0.412030995,0,53472000
2011-06-07,0.381756574,0,0.401614994,0,0.411770999,0.400884986,0.407083005,0,55852800
2011-06-08,0.373538107,0,0.392969012,0,0.400938004,0.389582992,0.398853987,0,93523200
2011-06-09,0.375172198,0,0.39468801,0,0.40031299,0.389479011,0.393124998,0,44064000
2011-06-10,0.357943386,0,0.376563013,0,0.391979009,0.375990003,0.389322996,0,55699200
2011-06-13,0.358190507,0,0.376823008,0,0.382604003,0.373021007,0.378176987,0,58982400
2011-06-14,0.371507764,0,0.39083299,0,0.394115001,0.385208011,0.385313004,0,58521600
2011-06-15,0.351209611,0,0.369479001,0,0.387030989,0.366926998,0.380259991,0,89337600
2011-06-16,0.346308529,0,0.36432299,0,0.373176992,0.355260015,0.369688004,0,85171200
2011-06-17,0.343734473,0,0.361615002,0,0.376042008,0.358437985,0.374635011,0,89971200
2011-06-20,0.348288566,0,0.366405994,0,0.370104015,0.358072996,0.358072996,0,47212800
2011-06-21,0.371507764,0,0.39083299,0,0.391562998,0.366198003,0.371145993,0,74284800
2011-06-22,0.36314097,0,0.382030994,0,0.392396003,0.381770998,0.385625005,0,62208000
2011-06-23,0.373191208,0,0.392603993,0,0.393124998,0.366041988,0.369479001,0,115852800
2011-06-24,0.353536576,0,0.371926993,0,0.387968987,0.370104015,0.386770993,0,94041600
2011-06-27,0.370715946,0,0.389999986,0,0.395103991,0.371562988,0.373697996,0,74361600
2011-06-28,0.387350619,0,0.407499999,0,0.407707989,0.391353995,0.392812997,0,57676800
2011-06-29,0.392202258,0,0.412604004,0,0.414582998,0.403645992,0.41109401,0,68409600
2011-06-30,0.407104105,0,0.428281009,0,0.429531008,0.416197985,0.41692701,0,90432000
2011-07-01,0.425966859,0,0.448125005,0,0.449791998,0.425989985,0.429688007,0,76723200
2011-07-05,0.432105511,0,0.454582989,0,0.456041992,0.446770996,0.449634999,0,73286400
2011-07-06,0.43670997,0,0.459426999,0,0.461353987,0.448958009,0.453438014,0,79833600
2011-07-07,0.454384655,0,0.478020996,0,0.482030988,0.46786499,0.469531,0,107097600
2011-07-08,0.45062238,0,0.474063009,0,0.474218994,0.45828101,0.465885013,0,146035200
2011-07-11,0.426462114,0,0.448646009,0,0.466302007,0.443646014,0.459583014,0,135417600
2011-07-12,0.416064918,0,0.43770799,0,0.450937986,0.437083006,0.448020995,0,100646400
2011-07-13,0.421610475,0,0.443542004,0,0.456874996,0.438906014,0.447447985,0,114796800
2011-07-14,0.407104105,0,0.428281009,0,0.453177005,0.423229009,0.447447985,0,123436800
2011-07-15,0.423293889,0,0.445313007,0,0.445313007,0.433854014,0.443020999,0,96403200
2011-07-18,0.416313022,0,0.437968999,0,0.443646014,0.425520986,0.438645989,0,84691200
2011-07-19,0.445670903,0,0.46885401,0,0.469531,0.451041996,0.451146007,0,144864000
2011-07-20,0.439433277,0,0.462291986,0,0.476563007,0.460417002,0.476301998,0,107078400
2011-07-21,0.448344797,0,0.471666992,0,0.479167014,0.456250012,0.463698,0,131212800
2011-07-22,0.462256134,0,0.486301988,0,0.488177001,0.469895989,0.471249998,0,91468800
2011-07-25,0.459533751,0,0.483437985,0,0.491145998,0.471926987,0.474270999,0,80102400
2011-07-26,0.462058395,0,0.486093998,0,0.491979003,0.47953099,0.481822997,0,103353600
2011-07-27,0.427006811,0,0.449218988,0,0.478125006,0.445832998,0.477239996,0,144057600
2011-07-28,0.429284275,0,0.451615006,0,0.468437999,0.444739997,0.450051993,0,123398400
2011-07-29,0.425125629,0,0.447239995,0,0.461145997,0.434219003,0.440521002,0,149740800
2011-08-01,0.419382364,0,0.441197991,0,0.465833008,0.425000012,0.463438004,0,197337600
2011-08-02,0.387548387,0,0.407707989,0,0.440416992,0.405990005,0.434478998,0,177004800
2011-08-03,0.397598565,0,0.418280989,0,0.420365006,0.387813002,0.408749998,0,175584000
2011-08-04,0.343486369,0,0.361353993,0,0.403021008,0.361250013,0.401042014,0,292108800
2011-08-05,0.335911334,0,0.353385001,0,0.377968997,0.323801994,0.373333007,0,317836800
2011-08-08,0.276898146,0,0.291301996,0,0.339740008,0.290625006,0.322239995,0,385459200
2011-08-09,0.314821452,0,0.331198007,0,0.332239985,0.279114991,0.302812994,0,425856000
2011-08-10,0.277690023,0,0.292135,0,0.323437989,0.290416986,0.309009999,0,323577600
2011-08-11,0.313335776,0,0.329634994,0,0.339635015,0.299791992,0.303490013,0,286348800
2011-08-12,0.321307093,0,0.33802101,0,0.344009995,0.325365007,0.337134987,0,250291200
2011-08-15,0.335169047,0,0.352604002,0,0.352708012,0.337552011,0.342240006,0,151488000
2011-08-16,0.326555133,0,0.34354201,0,0.352708012,0.330103993,0.343021005,0,150643200
2011-08-17,0.321257651,0,0.337969005,0,0.353854001,0.327499986,0.345625013,0,212236800
2011-08-18,0.274670064,0,0.288958013,0,0.310521007,0.279635012,0.310416996,0,328723200
2011-08-19,0.259273022,0,0.272760004,0,0.300103992,0.271874994,0.279114991,0,287328000
2011-08-22,0.261599928,0,0.275207996,0,0.292551994,0.272969007,0.29192701,0,216460800
2011-08-23,0.293978691,0,0.309271008,0,0.309478998,0.277864993,0.281094015,0,286137600
2011-08-24,0.300910175,0,0.31656301,0,0.318333,0.299374998,0.30765599,0,197164800
2011-08-25,0.286453158,0,0.301353991,0,0.320365012,0.298020989,0.315885007,0,152582400
2011-08-26,0.307147741,0,0.323125005,0,0.326822996,0.289427012,0.298646003,0,222412800
2011-08-29,0.333287895,0,0.350625008,0,0.351823002,0.333332986,0.333332986,0,226464000
2011-08-30,0.340070128,0,0.357760012,0,0.364010006,0.341145992,0.346875012,0,228940800
2011-08-31,0.342050999,0,0.359843999,0,0.372864991,0.350468993,0.364374995,0,256454400
2011-09-01,0.332397163,0,0.349687994,0,0.370573014,0.347656012,0.362188011,0,197836800
2011-09-02,0.309127718,0,0.325208008,0,0.335155994,0.319635004,0.330000013,0,154137600
2011-09-06,0.309078217,0,0.325156003,0,0.326615006,0.300000012,0.302240014,0,170054400
2011-09-07,0.332446665,0,0.349739999,0,0.349999994,0.336510003,0.339271009,0,160089600
2011-09-08,0.327842146,0,0.344895989,0,0.35958299,0.341823012,0.344166994,0,199046400
2011-09-09,0.30625698,0,0.32218799,0,0.342240006,0.315728992,0.338542014,0,207648000
2011-09-12,0.317742586,0,0.334271014,0,0.335000008,0.310885012,0.311562985,0,239712000
2011-09-13,0.330070287,0,0.347240001,0,0.349792004,0.333438009,0.33812499,0,280243200
2011-09-14,0.344328493,0,0.362239987,0,0.374478996,0.342500001,0.353280991,0,233625600
2011-09-15,0.359972835,0,0.378697991,0,0.380468994,0.36343801,0.37479201,0,235372800
2011-09-16,0.369379461,0,0.388594002,0,0.390208006,0.37906301,0.381666988,0,246220800
2011-09-19,0.370319486,0,0.389582992,0,0.39557299,0.36500001,0.374844015,0,247449600
2011-09-20,0.365072519,0,0.384063005,0,0.404635012,0.381615013,0.395208001,0,239155200
2011-09-21,0.346506268,0,0.36453101,0,0.395938009,0.36421901,0.390051991,0,234451200
2011-09-22,0.312792063,0,0.329062998,0,0.345990002,0.313021004,0.336822987,0,335462400
2011-09-23,0.322544724,0,0.339323014,0,0.343490005,0.319999993,0.320677012,0,261504000
2011-09-26,0.333485603,0,0.350832999,0,0.352708012,0.321875006,0.344583005,0,246988800
2011-09-27,0.343685001,0,0.361562997,0,0.378125012,0.354687989,0.36927101,0,259027200
2011-09-28,0.327495188,0,0.344531,0,0.373750001,0.343490005,0.366667002,0,269184000
2011-09-29,0.317791969,0,0.334322989,0,0.362812996,0.316457987,0.361927003,0,336556800
2011-09-30,0.293087035,0,0.308333009,0,0.328438014,0.307292014,0.321094006,0,287462400
2011-10-03,0.270115972,0,0.284166992,0,0.314166993,0.283749998,0.299582988,0,410649600
2011-10-04,0.286551982,0,0.301458001,0,0.303281009,0.266927004,0.27531299,0,689280000
2011-10-05,0.308335811,0,0.324375004,0,0.327344,0.292448014,0.299374998,0,520569600
2011-10-06,0.324178696,0,0.341042012,0,0.341042012,0.319218993,0.323958009,0,456460800
2011-10-07,0.317494452,0,0.334010005,0,0.345052004,0.327603996,0.340052009,0,288364800
2011-10-10,0.350070834,0,0.368281007,0,0.368281007,0.349583,0.351042002,0,216960000
2011-10-11,0.357546955,0,0.376145989,0,0.378749996,0.363958001,0.365729004,0,200947200
2011-10-12,0.363290131,0,0.382187992,0,0.394531012,0.380937994,0.387344003,0,258950400
2011-10-13,0.373042971,0,0.392448008,0,0.393905997,0.378594011,0.379895985,0,187161600
2011-10-14,0.393589079,0,0.414063007,0,0.414063007,0.40062499,0.407344013,0,191481600
2011-10-17,0.375369817,0,0.394896001,0,0.412030995,0.388332993,0.408176988,0,1094342400
2011-10-18,0.38898465,0,0.409218997,0,0.415885001,0.382135004,0.393489987,0,285792000
2011-10-19,0.36655727,0,0.385625005,0,0.406614989,0.382030994,0.403957993,0,242246400
2011-10-20,0.36190334,0,0.38072899,0,0.386667013,0.363801986,0.384739995,0,203174400
2011-10-21,0.374775767,0,0.394270986,0,0.401666999,0.383906007,0.392239988,0,188428800
2011-10-24,0.398192674,0,0.418906003,0,0.42208299,0.397603989,0.398905993,0,197356800
2011-10-25,0.375616938,0,0.395155996,0,0.415208012,0.391615003,0.414427012,0,200755200
2011-10-26,0.374132186,0,0.393593997,0,0.403438002,0.371145993,0.401042014,0,383692800
2011-10-27,0.404282808,0,0.425312996,0,0.432292014,0.408749998,0.421041995,0,330528000
2011-10-28,0.405619353,0,0.42671901,0,0.42838499,0.417499989,0.417499989,0,127161600
2011-10-31,0.385518938,0,0.40557301,0,0.420417011,0.404740006,0.415313005,0,157977600
2011-11-01,0.355665803,0,0.374166995,0,0.38489601,0.367552012,0.376302004,0,392870400
2011-11-02,0.364428043,0,0.383385003,0,0.388072997,0.372864991,0.384947985,0,243648000
2011-11-03,0.386608213,0,0.406718999,0,0.408594012,0.379166991,0.392760009,0,285561600
2011-11-04,0.380617857,0,0.400417,0,0.405781001,0.388594002,0.400729001,0,158323200
2011-11-07,0.389083445,0,0.409323007,0,0.410104007,0.388020992,0.400469005,0,223084800
2011-11-08,0.402054757,0,0.422969013,0,0.425417006,0.404219002,0.418020993,0,205900800
2011-11-09,0.360468,0,0.379218996,0,0.400469005,0.376145989,0.398384988,0,222144000
2011-11-10,0.358982325,0,0.377656013,0,0.391146004,0.367188007,0.390312999,0,177945600
2011-11-11,0.379132092,0,0.398853987,0,0.402759999,0.386615008,0.388384998,0,171532800
2011-11-14,0.372695923,0,0.392082989,0,0.402916998,0.387551993,0.396510005,0,113126400
2011-11-15,0.384677649,0,0.404688001,0,0.409687996,0.387499988,0.389115006,0,220108800
2011-11-16,0.36571604,0,0.384739995,0,0.405259997,0.382813007,0.396041989,0,242092800
2011-11-17,0.340565354,0,0.358280987,0,0.382292002,0.351042002,0.381978989,0,445920000
2011-11-18,0.332397163,0,0.349687994,0,0.359375,0.34781301,0.358229011,0,236198400
2011-11-21,0.313088685,0,0.329374999,0,0.336822987,0.319115013,0.336145997,0,272352000
2011-11-22,0.315811932,0,0.332239985,0,0.335884988,0.321249992,0.326510012,0,320659200
2011-11-23,0.294819891,0,0.310155988,0,0.326353997,0.309895992,0.325417012,0,310272000
2011-11-25,0.288136572,0,0.303124994,0,0.317135006,0.303124994,0.30677101,0,123552000
2011-11-28,0.317890882,0,0.334426999,0,0.335938007,0.325103998,0.325313002,0,262752000
2011-11-29,0.312147617,0,0.328384995,0,0.341719002,0.325832993,0.333384991,0,234432000
2011-11-30,0.346407354,0,0.364427,0,0.365676999,0.352239996,0.355260015,0,242457600
2011-12-01,0.353834093,0,0.372240007,0,0.375155985,0.363905996,0.364843994,0,183475200
2011-12-02,0.350467205,0,0.368698001,0,0.383489996,0.368333012,0.383228987,0,129081600
2011-12-05,0.361952752,0,0.380780995,0,0.388853997,0.375,0.386406004,0,189158400
2011-12-06,0.359180957,0,0.377864987,0,0.385417014,0.374478996,0.382604003,0,140025600
2011-12-07,0.359725654,0,0.378437996,0,0.383332998,0.36343801,0.375,0,154080000
2011-12-08,0.341407567,0,0.35916701,0,0.379375011,0.356927007,0.370833009,0,259795200
2011-12-09,0.357596427,0,0.376197994,0,0.379530996,0.361405998,0.362343997,0,196243200
2011-12-12,0.345862806,0,0.363853991,0,0.364948004,0.354167014,0.364582986,0,214579200
2011-12-13,0.33417955,0,0.351563007,0,0.375155985,0.347030997,0.370781004,0,231590400
2011-12-14,0.318633169,0,0.335207999,0,0.348437995,0.329270989,0.347344011,0,409939200
2011-12-15,0.316157907,0,0.332603991,0,0.344792008,0.330938011,0.344687998,0,306950400
2011-12-16,0.320118964,0,0.336771011,0,0.351042002,0.335833013,0.338072985,0,280934400
2011-12-19,0.311256945,0,0.32744801,0,0.34354201,0.324896008,0.341354012,0,199296000
2011-12-20,0.33888182,0,0.356510013,0,0.357603997,0.342969,0.342969,0,267705600
2011-12-21,0.324772835,0,0.341666996,0,0.350416988,0.329167008,0.350416988,0,343718400
2011-12-22,0.332693875,0,0.349999994,0,0.350520998,0.342083007,0.343021005,0,200947200
2011-12-23,0.341308653,0,0.359062999,0,0.359115005,0.349947989,0.351978987,0,110918400
2011-12-27,0.343932122,0,0.361822993,0,0.365624994,0.356249988,0.357708007,0,139776000
2011-12-28,0.332891554,0,0.350208014,0,0.362239987,0.346771002,0.360938013,0,200294400
2011-12-29,0.339377105,0,0.357030988,0,0.357865006,0.348228991,0.351197988,0,135436800
2011-12-30,0.33660534,0,0.354115009,0,0.35958299,0.353906006,0.354948014,0,115622400
2012-01-03,0.355764657,0,0.374271005,0,0.379895985,0.371771008,0.374062985,0,202732800
2012-01-04,0.360022157,0,0.378749996,0,0.380573004,0.367707998,0.372500002,0,119692800
2012-01-05,0.368884265,0,0.388072997,0,0.389322996,0.372395992,0.376823008,0,138796800
2012-01-06,0.372695923,0,0.392082989,0,0.394948006,0.384323001,0.389115006,0,207494400
2012-01-09,0.369577169,0,0.388801992,0,0.395938009,0.38489601,0.395312995,0,153945600
2012-01-10,0.377152205,0,0.396771014,0,0.404478997,0.394062996,0.401354015,0,157305600
2012-01-11,0.379775673,0,0.399531007,0,0.402083009,0.392500013,0.396771014,0,137241600
2012-01-12,0.384281278,0,0.404271007,0,0.405728996,0.393593997,0.402707994,0,154329600
2012-01-13,0.379874438,0,0.399634987,0,0.400155991,0.389530987,0.398021013,0,155155200
2012-01-17,0.390073925,0,0.410364985,0,0.415780991,0.40625,0.410833001,0,129024000
2012-01-18,0.405569941,0,0.426667005,0,0.427082986,0.41099,0.413332999,0,213830400
2012-01-19,0.41368857,0,0.435207993,0,0.437344015,0.430781007,0.432707995,0,226790400
2012-01-20,0.41185692,0,0.433281004,0,0.433645993,0.428593993,0.429374993,0,80179200
2012-01-23,0.411807448,0,0.433228999,0,0.442604005,0.426041991,0.433176994,0,137664000
2012-01-24,0.409529805,0,0.430833012,0,0.434531003,0.425365001,0.427708,0,95596800
2012-01-25,0.425175041,0,0.447292,0,0.450520992,0.434531003,0.444427013,0,202521600
2012-01-26,0.420669377,0,0.442552,0,0.455469012,0.436302006,0.45302099,0,187084800
2012-01-27,0.424828112,0,0.446927011,0,0.448853999,0.439271003,0.439999998,0,168844800
2012-01-30,0.425521016,0,0.447656006,0,0.449479014,0.430417001,0.435521007,0,168672000
2012-01-31,0.427006811,0,0.449218988,0,0.456719011,0.440885007,0.454062998,0,198201600
2012-02-01,0.437501848,0,0.460260004,0,0.465259999,0.452603996,0.456927001,0,175737600
2012-02-02,0.442007452,0,0.465000004,0,0.469166994,0.459271014,0.464792013,0,145190400
2012-02-03,0.459583163,0,0.48348999,0,0.485156,0.475365013,0.47786501,0,155040000
2012-02-06,0.45913738,0,0.483020991,0,0.483072996,0.474687994,0.478020996,0,130828800
2012-02-07,0.461117387,0,0.485103995,0,0.48843801,0.475208014,0.481770992,0,130176000
2012-02-08,0.468791276,0,0.493176997,0,0.493176997,0.480572999,0.485832989,0,154886400
2012-02-09,0.479188383,0,0.504114985,0,0.50572902,0.490155995,0.498542011,0,152544000
2012-02-10,0.468939453,0,0.493333012,0,0.497500002,0.488229007,0.493438005,0,194803200
2012-02-13,0.481564701,0,0.506614983,0,0.508906007,0.497969002,0.504374981,0,159206400
2012-02-14,0.485772759,0,0.511041999,0,0.511041999,0.498645991,0.503750026,0,173875200
2012-02-15,0.474929839,0,0.499635011,0,0.526718974,0.497969002,0.518384993,0,383865600
2012-02-16,0.494783103,0,0.520520985,0,0.522603989,0.497031003,0.501146019,0,252268800
2012-02-17,0.490575045,0,0.516094029,0,0.522239983,0.509374976,0.520990014,0,161932800
2012-02-21,0.49473381,0,0.52046901,0,0.52708298,0.510625005,0.518073022,0,164371200
2012-02-22,0.488198668,0,0.513593972,0,0.521822989,0.511093974,0.517292023,0,125376000
2012-02-23,0.497456133,0,0.523333013,0,0.524948001,0.507812977,0.515365005,0,210144000
2012-02-24,0.502308667,0,0.528437972,0,0.531509995,0.524896026,0.527707994,0,134572800
2012-02-27,0.504734278,0,0.530990005,0,0.536041975,0.513280988,0.519375026,0,184819200
2012-02-28,0.519834042,0,0.546875,0,0.546875,0.530469,0.532082975,0,191980800
2012-02-29,0.513002455,0,0.539687991,0,0.553646028,0.534687996,0.548542023,0,266092800
2012-03-01,0.525478363,0,0.552812994,0,0.554114997,0.541198015,0.54598999,0,234643200
2012-03-02,0.523893893,0,0.551145971,0,0.55666697,0.546145976,0.55093801,0,166252800
2012-03-05,0.507555604,0,0.533958018,0,0.552344024,0.528854012,0.550572991,0,244454400
2012-03-06,0.493000925,0,0.518646002,0,0.521875024,0.510104001,0.518957973,0,215558400
2012-03-07,0.50418973,0,0.530417025,0,0.533854008,0.523541987,0.525833011,0,187238400
2012-03-08,0.520180881,0,0.547240019,0,0.552083015,0.536458015,0.539426982,0,124761600
2012-03-09,0.526467979,0,0.553853989,0,0.557240009,0.549166977,0.550468981,0,154944000
2012-03-12,0.527310252,0,0.554740012,0,0.556719005,0.546719015,0.553176999,0,151507200
2012-03-13,0.557014942,0,0.585990012,0,0.586094022,0.560781002,0.564478993,0,191462400
2012-03-14,0.563252628,0,0.592552006,0,0.59869802,0.581457973,0.587707996,0,243052800
2012-03-15,0.567559481,0,0.597082973,0,0.600781024,0.58869803,0.597447991,0,196819200
2012-03-16,0.56632185,0,0.595781028,0,0.600103974,0.591822982,0.600000024,0,138297600
2012-03-19,0.57864964,0,0.608749986,0,0.612760007,0.594531,0.598749995,0,191961600
2012-03-20,0.581817746,0,0.612083018,0,0.614009976,0.594479024,0.599426985,0,184396800
2012-03-21,0.581619918,0,0.611874998,0,0.622187972,0.609634995,0.612655997,0,156576000
2012-03-22,0.578104913,0,0.608177006,0,0.612447977,0.600624979,0.600989997,0,213216000
2012-03-23,0.577313006,0,0.607343972,0,0.610989988,0.596875012,0.610572994,0,157497600
2012-03-26,0.607463717,0,0.639063001,0,0.639063001,0.617968976,0.618646026,0,158553600
2012-03-27,0.609789729,0,0.64151001,0,0.649582982,0.639478981,0.63973999,0,179251200
2012-03-28,0.602660656,0,0.634010017,0,0.650052011,0.622708023,0.642708004,0,190368000
2012-03-29,0.596472383,0,0.627499998,0,0.633801997,0.613385022,0.625051975,0,172300800
2012-03-30,0.592313826,0,0.623125017,0,0.636146009,0.615676999,0.635416985,0,126451200
2012-04-02,0.61038363,0,0.642135024,0,0.644999981,0.618228972,0.621406019,0,125452800
2012-04-03,0.610434175,0,0.642188013,0,0.650884986,0.631197989,0.644948006,0,167500800
2012-04-04,0.585531652,0,0.615989983,0,0.628542006,0.604947984,0.627134979,0,205152000
2012-04-05,0.596225441,0,0.627240002,0,0.628802001,0.611042023,0.612604022,0,154656000
2012-04-09,0.582511604,0,0.612812996,0,0.620625019,0.600573003,0.603384972,0,143904000
2012-04-10,0.55439049,0,0.583229005,0,0.61916697,0.577603996,0.611666977,0,293433600
2012-04-11,0.562411249,0,0.591666996,0,0.603384972,0.587343991,0.59937501,0,168806400
2012-04-12,0.581273079,0,0.611509979,0,0.613958001,0.592969,0.595156014,0,178291200
2012-04-13,0.554984689,0,0.58385402,0,0.605885029,0.583384991,0.605364978,0,183321600
2012-04-16,0.537508667,0,0.565469027,0,0.593905985,0.559374988,0.593594015,0,200486400
2012-04-17,0.569193363,0,0.59880197,0,0.604219019,0.569374979,0.57249999,0,189254400
2012-04-18,0.565034688,0,0.59442699,0,0.604740024,0.588958025,0.593438029,0,128294400
2012-04-19,0.546766162,0,0.575208008,0,0.609375,0.567969024,0.588177025,0,199200000
2012-04-20,0.540874541,0,0.569010019,0,0.591354012,0.567031026,0.583541989,0,171033600
2012-04-23,0.527260661,0,0.554687977,0,0.556509972,0.538802028,0.554374993,0,140140800
2012-04-24,0.517952859,0,0.544896007,0,0.55765599,0.538073003,0.551198006,0,129696000
2012-04-25,0.559093714,0,0.588177025,0,0.589271009,0.576146007,0.578750014,0,152409600
2012-04-26,0.569094718,0,0.59869802,0,0.602760017,0.585937977,0.587343991,0,142483200
2012-04-27,0.578847229,0,0.608958006,0,0.615260005,0.596719027,0.606042027,0,104928000
2012-04-30,0.566816986,0,0.596301973,0,0.607447982,0.595000029,0.60354197,0,96172800
2012-05-01,0.570035756,0,0.599687994,0,0.619219005,0.592239976,0.593020976,0,104678400
2012-05-02,0.573797941,0,0.60364598,0,0.605832994,0.586615026,0.589999974,0,77184000
2012-05-03,0.55597496,0,0.584896028,0,0.606926978,0.580729008,0.605728984,0,100550400
2012-05-04,0.515180171,0,0.541979015,0,0.571614981,0.541666985,0.568906009,0,182169600
2012-05-07,0.515922546,0,0.542760015,0,0.550677001,0.531094015,0.531666994,0,211046400
2012-05-08,0.510229886,0,0.536770999,0,0.542291999,0.51067698,0.532343984,0,276480000
2012-05-09,0.507407427,0,0.533801973,0,0.540573001,0.511510015,0.518490016,0,269529600
2012-05-10,0.502208948,0,0.528333008,0,0.539583027,0.522499979,0.539115012,0,406137600
2012-05-11,0.501714647,0,0.527813017,0,0.545104027,0.521771014,0.521978974,2,96172800
2012-05-14,0.487851739,0,0.513229012,0,0.525729001,0.511146009,0.515103996,0,164400000
2012-05-15,0.483594239,0,0.508750021,0,0.530207992,0.50583303,0.519062996,0,151276800
2012-05-16,0.473098218,0,0.497707993,0,0.518333018,0.495104015,0.514167011,0,148598400
2012-05-17,0.443987519,0,0.467083007,0,0.500729024,0.466874987,0.498542011,0,260640000
2012-05-18,0.426164538,0,0.448332995,0,0.474583,0.44718799,0.471457988,0,281923200
2012-05-21,0.462008953,0,0.486041993,0,0.487188011,0.449479014,0.450937986,0,206409600
2012-05-22,0.460325569,0,0.48427099,0,0.496145993,0.473542005,0.489688009,0,193238400
2012-05-23,0.462899745,0,0.486979008,0,0.490729004,0.459688008,0.472292006,0,161952000
2012-05-24,0.454582363,0,0.478228986,0,0.490729004,0.466666996,0.489582986,0,154800000
2012-05-25,0.452008188,0,0.475520998,0,0.481353998,0.471354008,0.479063004,0,62496000
2012-05-29,0.468840659,0,0.493229002,0,0.500416994,0.480729014,0.489062995,0,141360000
2012-05-30,0.457453996,0,0.481249988,0,0.486458004,0.472187996,0.480208009,0,124617600
2012-05-31,0.450918943,0,0.47437501,0,0.483125001,0.464062989,0.479582995,0,166080000
2012-06-01,0.415470898,0,0.437083006,0,0.457917005,0.436666995,0.449791998,0,224342400
2012-06-04,0.424382299,0,0.446458012,0,0.448958009,0.429062992,0.440937996,0,228345600
2012-06-05,0.430224329,0,0.452603996,0,0.455000013,0.441771001,0.442395985,0,196483200
2012-06-06,0.459632635,0,0.483541995,0,0.48458299,0.461457998,0.46312499,0,171724800
2012-06-07,0.454483479,0,0.478125006,0,0.498542011,0.476458013,0.498021007,0,171408000
2012-06-08,0.467851102,0,0.492188007,0,0.493541986,0.470625013,0.475104004,0,126384000
2012-06-11,0.445473135,0,0.46864599,0,0.503750026,0.465938002,0.502395988,0,181795200
2012-06-12,0.459533751,0,0.483437985,0,0.48427099,0.464062989,0.472499996,0,134995200
2012-06-13,0.450522453,0,0.473957986,0,0.490521014,0.46864599,0.479687989,0,96998400
2012-06-14,0.455572844,0,0.479270995,0,0.484375,0.465938002,0.473437995,0,131414400
2012-06-15,0.472405195,0,0.496978998,0,0.498645991,0.482291996,0.482603997,0,168758400
2012-06-18,0.484584689,0,0.50979197,0,0.514271021,0.48843801,0.491457999,0,176668800
2012-06-19,0.500526309,0,0.526562989,0,0.532917023,0.517603993,0.518333018,0,162518400
2012-06-20,0.502308667,0,0.528437972,0,0.534479022,0.51572901,0.529479027,0,194428800
2012-06-21,0.464681983,0,0.488853991,0,0.528437972,0.486770988,0.526354015,0,155788800
2012-06-22,0.47913903,0,0.50406301,0,0.50572902,0.489479005,0.492812991,0,140044800
2012-06-25,0.450721234,0,0.474166989,0,0.491667002,0.470313013,0.491145998,0,134160000
2012-06-26,0.459434003,0,0.483332992,0,0.487396002,0.472707987,0.478958011,0,136684800
2012-06-27,0.467851102,0,0.492188007,0,0.498542011,0.487396002,0.488853991,0,116985600
2012-06-28,0.451017767,0,0.47447899,0,0.482082993,0.460417002,0.480832994,0,209184000
2012-06-29,0.495079756,0,0.520833015,0,0.520833015,0.498438001,0.503125012,0,246595200
2012-07-02,0.499040574,0,0.524999976,0,0.526041985,0.513541996,0.522396028,0,125107200
2012-07-03,0.510922849,0,0.537500024,0,0.538332999,0.523541987,0.525937974,0,92947200
2012-07-05,0.512704849,0,0.539375007,0,0.547291994,0.528333008,0.53708303,0,118560000
2012-07-06,0.49250564,0,0.518124998,0,0.533124983,0.508020997,0.532187998,0,145248000
2012-07-09,0.490822196,0,0.516354024,0,0.522813022,0.508853972,0.517499983,0,96124800
2012-07-10,0.475772083,0,0.500521004,0,0.528645992,0.495312989,0.524896026,0,172665600
2012-07-11,0.46923697,0,0.493645996,0,0.503332973,0.480625004,0.499583006,0,221088000
2012-07-12,0.455671638,0,0.479375005,0,0.484896004,0.465728998,0.481563002,0,215356800
2012-07-13,0.475474566,0,0.50020802,0,0.503957987,0.482082993,0.483020991,0,141120000
2012-07-16,0.47191,0,0.496457994,0,0.503853977,0.490624994,0.497500002,0,108739200
2012-07-17,0.47913903,0,0.50406301,0,0.509167016,0.482917011,0.505520999,0,173606400
2012-07-18,0.498644203,0,0.524582982,0,0.529166996,0.500832975,0.500937998,0,187440000
2012-07-19,0.514883578,0,0.541666985,0,0.546875,0.532813013,0.535833001,0,216249600
2012-07-20,0.495079756,0,0.520833015,0,0.542083025,0.51979202,0.542083025,0,164726400
2012-07-23,0.476762503,0,0.501563013,0,0.507082999,0.47874999,0.490208,0,221788800
2012-07-24,0.465870172,0,0.49010399,0,0.506353974,0.480313003,0.504374981,0,252192000
2012-07-25,0.4554739,0,0.479167014,0,0.489374995,0.471042007,0.478854001,0,196675200
2012-07-26,0.473296881,0,0.497916996,0,0.507291973,0.489895999,0.500729024,0,231024000
2012-07-27,0.509140253,0,0.535624981,0,0.536770999,0.505208015,0.509582996,0,271305600
2012-07-30,0.506071091,0,0.532396019,0,0.545207977,0.527603984,0.538438022,0,183235200
2012-07-31,0.506367564,0,0.532707989,0,0.541666985,0.53104198,0.535624981,0,132748800
2012-08-01,0.50141716,0,0.527499974,0,0.544062972,0.521875024,0.543749988,0,150921600
2012-08-02,0.496168971,0,0.521978974,0,0.537813008,0.510520995,0.515103996,0,165830400
2012-08-03,0.524388909,0,0.551666975,0,0.562916994,0.541770995,0.547500014,0,195081600
2012-08-06,0.536172152,0,0.564063013,0,0.571563005,0.557083011,0.560729027,0,127612800
2012-08-07,0.549439967,0,0.57802099,0,0.585207999,0.569167018,0.57249999,0,140601600
2012-08-08,0.548548341,0,0.577082992,0,0.581354022,0.571146011,0.573750019,0,85929600
2012-08-09,0.553202033,0,0.581978977,0,0.584896028,0.574271023,0.577292025,0,77500800
2012-08-10,0.555479944,0,0.584375024,0,0.584375024,0.57218802,0.577188015,0,93350400
2012-08-13,0.558846653,0,0.58791697,0,0.58791697,0.574478984,0.58395803,0,71904000
2012-08-14,0.55963856,0,0.588750005,0,0.598124981,0.58385402,0.594582975,0,110160000
2012-08-15,0.563599527,0,0.592917025,0,0.595624983,0.586875021,0.587292016,0,71654400
2012-08-16,0.583798647,0,0.614166975,0,0.618542016,0.597603977,0.600103974,0,139017600
2012-08-17,0.591818571,0,0.622604012,0,0.622604012,0.614270985,0.618228972,0,113606400
2012-08-20,0.594096124,0,0.625,0,0.625416994,0.613958001,0.621457994,0,91910400
2012-08-21,0.587264299,0,0.617812991,0,0.637812972,0.610417008,0.631042004,0,218227200
2012-08-22,0.593600869,0,0.624478996,0,0.62906301,0.608542025,0.613125026,0,113750400
2012-08-23,0.580431938,0,0.610625029,0,0.622708023,0.60520798,0.617500007,0,109641600
2012-08-24,0.590729177,0,0.621457994,0,0.625832975,0.602813005,0.605417013,0,104236800
2012-08-27,0.593600869,0,0.624478996,0,0.631771028,0.620208025,0.629583001,0,75379200
2012-08-28,0.593501925,0,0.624374986,0,0.629374981,0.616457999,0.622500002,0,87657600
2012-08-29,0.593699753,0,0.624583006,0,0.62916702,0.616563022,0.62510401,0,73737600
2012-08-30,0.575580239,0,0.605521023,0,0.616874993,0.602500021,0.616249979,0,124272000
2012-08-31,0.587858379,0,0.618438005,0,0.62520802,0.599270999,0.618749976,0,168816000
2012-09-04,0.585382402,0,0.615832984,0,0.622395992,0.597396016,0.614687979,0,149625600
2012-09-05,0.582709491,0,0.613021016,0,0.622500002,0.608645976,0.614479005,0,100828800
2012-09-06,0.621226728,0,0.653541982,0,0.654792011,0.624583006,0.62489599,0,154656000
2012-09-07,0.618552804,0,0.650729001,0,0.654896021,0.646145999,0.650207996,0,109670400
2012-09-10,0.595779479,0,0.626770973,0,0.65052098,0.625312984,0.646771014,0,150604800
2012-09-11,0.593205452,0,0.624063015,0,0.633957982,0.620625019,0.626457989,0,140352000
2012-09-12,0.598353624,0,0.629478991,0,0.634063005,0.617604017,0.630104005,0,153888000
2012-09-13,0.622216165,0,0.654582977,0,0.662813008,0.628542006,0.631146014,0,233616000
2012-09-14,0.638158023,0,0.671353996,0,0.679166973,0.661041975,0.662500024,0,286377600
2012-09-17,0.639346242,0,0.672604024,0,0.673542023,0.665624976,0.673542023,0,152323200
2012-09-18,0.640534401,0,0.673853993,0,0.675312996,0.667500019,0.667500019,0,100742400
2012-09-19,0.644791842,0,0.678332984,0,0.683438003,0.668542027,0.674583018,0,137520000
2012-09-20,0.643307209,0,0.676770985,0,0.678021014,0.663228989,0.668438017,0,144921600
2012-09-21,0.643307209,0,0.676770985,0,0.688021004,0.675000012,0.686667025,0,145056000
2012-09-24,0.631425261,0,0.664270997,0,0.668332994,0.655728996,0.659792006,0,139872000
2012-09-25,0.606076777,0,0.637603998,0,0.674479008,0.635937989,0.670313001,0,153148800
2012-09-26,0.590135098,0,0.62083298,0,0.635312974,0.611666977,0.633957982,0,244800000
2012-09-27,0.615187049,0,0.647188008,0,0.651250005,0.622708023,0.625521004,0,183244800
2012-09-28,0.60043335,0,0.631667018,0,0.64635402,0.62916702,0.640208006,0,157977600
2012-10-01,0.597858369,0,0.628957987,0,0.651771009,0.622083008,0.640625,0,156499200
2012-10-02,0.601720452,0,0.633020997,0,0.642082989,0.618957996,0.636667013,0,165043200
2012-10-03,0.613107204,0,0.644999981,0,0.648645997,0.631042004,0.638750017,0,159820800
2012-10-04,0.620236337,0,0.652499974,0,0.657603979,0.642603993,0.649478972,0,152342400
2012-10-05,0.609542549,0,0.641250014,0,0.664583027,0.636874974,0.66208303,0,116534400
2012-10-08,0.593403161,0,0.624270976,0,0.634478986,0.619687974,0.63072902,0,104841600
2012-10-09,0.562906444,0,0.592188001,0,0.61927098,0.589999974,0.618646026,0,182188800
2012-10-10,0.556073844,0,0.584999979,0,0.598749995,0.58229202,0.594166994,0,155808000
2012-10-11,0.551123559,0,0.579792023,0,0.59947902,0.578750014,0.599166989,0,142396800
2012-10-12,0.551024497,0,0.579688013,0,0.588854015,0.575833023,0.580416977,0,109180800
2012-10-15,0.562014997,0,0.591250002,0,0.59385401,0.575208008,0.585729003,0,116332800
2012-10-16,0.586471617,0,0.616979003,0,0.618749976,0.59385401,0.594479024,0,142742400
2012-10-17,0.584689498,0,0.61510402,0,0.621353984,0.604791999,0.607291996,0,133401600
2012-10-18,0.564688802,0,0.594062984,0,0.615521014,0.587499976,0.609687984,0,173520000
2012-10-19,0.523893893,0,0.551145971,0,0.593020976,0.549479008,0.592082977,0,285312000
2012-10-22,0.53211236,0,0.559791982,0,0.564270973,0.54708302,0.550000012,0,211132800
2012-10-23,0.51636827,0,0.543228984,0,0.55833298,0.538854003,0.54666698,0,282038400
2012-10-24,0.511220098,0,0.537813008,0,0.555938005,0.535833001,0.553228974,0,207052800
2012-10-25,0.511220098,0,0.537813008,0,0.551874995,0.533228993,0.549583018,0,233625600
2012-10-26,0.516567051,0,0.543438017,0,0.549374998,0.52562499,0.538541973,0,192192000
2012-10-31,0.506566226,0,0.532917023,0,0.543542027,0.52708298,0.54114598,0,148204800
2012-11-01,0.528052509,0,0.555521011,0,0.558646023,0.538438022,0.542604029,0,183724800
2012-11-02,0.508743882,0,0.535207987,0,0.563853979,0.535207987,0.563021004,0,183427200
2012-11-05,0.521219969,0,0.548332989,0,0.551249981,0.534375012,0.538228989,0,150355200
2012-11-06,0.524388909,0,0.551666975,0,0.56239599,0.545000017,0.550728977,0,182582400
2012-11-07,0.486762375,0,0.512082994,0,0.53541702,0.505312979,0.533958018,0,383731200
2012-11-08,0.46398896,0,0.488124996,0,0.519895971,0.488124996,0.515625,0,310473600
2012-11-09,0.469039351,0,0.493438005,0,0.50989598,0.487917006,0.488853991,0,436598400
2012-11-12,0.469732255,0,0.494167,0,0.504270971,0.489688009,0.502812982,0,164419200
2012-11-13,0.459533751,0,0.483437985,0,0.497604012,0.478958011,0.482603997,0,345734400
2012-11-14,0.443096727,0,0.466145992,0,0.492083013,0.464166999,0.490312994,0,294950400
2012-11-15,0.439135879,0,0.461979002,0,0.472187996,0.456562996,0.467188001,0,310396800
2012-11-16,0.444087297,0,0.467188001,0,0.471457988,0.445625007,0.462500006,0,372614400
2012-11-19,0.476068616,0,0.500832975,0,0.502083004,0.482499987,0.482813001,0,345580800
2012-11-20,0.476168424,0,0.500937998,0,0.503437996,0.486979008,0.500729024,0,218467200
2012-11-21,0.479534388,0,0.504478991,0,0.506667018,0.496771008,0.502291977,0,160761600
2012-11-23,0.501515985,0,0.527603984,0,0.527603984,0.512292027,0.513646007,0,129321600
2012-11-26,0.507952094,0,0.534375012,0,0.534896016,0.518750012,0.523958027,0,196944000
2012-11-27,0.502208948,0,0.528333008,0,0.539583027,0.526250005,0.533333004,0,359788800
2012-11-28,0.515675247,0,0.542500019,0,0.543542027,0.511354029,0.521041989,0,281001600
2012-11-29,0.524586737,0,0.551874995,0,0.557708025,0.544062972,0.55104202,0,249177600
2012-11-30,0.522705615,0,0.549896002,0,0.553542018,0.544479012,0.552083015,0,228470400
2012-12-03,0.520131469,0,0.547187984,0,0.563646019,0.545521021,0.56239599,0,336825600
2012-12-04,0.516764581,0,0.543645978,0,0.548438013,0.534375012,0.547396004,0,336748800
2012-12-05,0.500823081,0,0.526875019,0,0.543021023,0.518124998,0.542917013,0,436617600
2012-12-06,0.510031998,0,0.536562979,0,0.54124999,0.517708004,0.522082984,0,306249600
2012-12-07,0.501318157,0,0.527396023,0,0.54677099,0.522188008,0.545417011,0,240748800
2012-12-10,0.505773365,0,0.532082975,0,0.540207982,0.523124993,0.523437977,0,210441600
2012-12-11,0.52527982,0,0.55260402,0,0.561874986,0.541875005,0.544062972,0,344976000
2012-12-12,0.521715164,0,0.548853993,0,0.561457992,0.544791996,0.561249971,0,301238400
2012-12-13,0.50993216,0,0.536458015,0,0.557604015,0.529271007,0.546249986,0,338515200
2012-12-14,0.495476097,0,0.52125001,0,0.530520976,0.515625,0.526250005,0,274128000
2012-12-17,0.514784813,0,0.541562974,0,0.542083025,0.520208001,0.522082984,0,193219200
2012-12-18,0.538647473,0,0.56666702,0,0.569063008,0.545521021,0.549896002,0,456326400
2012-12-19,0.530924201,0,0.558542013,0,0.571874976,0.558125019,0.571250021,0,361286400
2012-12-20,0.531319618,0,0.558957994,0,0.562916994,0.550728977,0.562083006,0,291580800
2012-12-21,0.514784813,0,0.541562974,0,0.543438017,0.526041985,0.533228993,0,336624000
2012-12-24,0.510427475,0,0.53697902,0,0.539687991,0.534479022,0.538749993,0,52425600
2012-12-26,0.498347729,0,0.524271011,0,0.540728986,0.518957973,0.538645983,0,158563200
2012-12-27,0.495574951,0,0.52135402,0,0.527292013,0.501978993,0.525103986,0,308150400
2012-12-28,0.481217891,0,0.506250024,0,0.521875024,0.506250024,0.510625005,0,164284800
2012-12-31,0.512606144,0,0.539270997,0,0.541875005,0.501667023,0.503853977,0,423052800
2013-01-02,0.560430288,0,0.58958298,0,0.590417027,0.572082996,0.578125,0,354720000
2013-01-03,0.552311599,0,0.581041992,0,0.593438029,0.575312972,0.589479029,0,310732800
2013-01-04,0.54686594,0,0.575312972,0,0.581457973,0.571042001,0.581457973,0,152208000
2013-01-07,0.54745996,0,0.575937986,0,0.578125,0.565208018,0.570312977,0,182822400
2013-01-08,0.544290781,0,0.572604001,0,0.579582989,0.563125014,0.575208008,0,175036800
2013-01-09,0.549836397,0,0.578437984,0,0.583020985,0.573229015,0.574478984,0,153993600
2013-01-10,0.559539676,0,0.588645995,0,0.591666996,0.572916985,0.589896023,0,235555200
2013-01-11,0.561618447,0,0.590833008,0,0.591979027,0.584688008,0.58802098,0,106060800
2013-01-14,0.55439049,0,0.583229005,0,0.58812499,0.575833023,0.581457973,0,147369600
2013-01-15,0.546172023,0,0.574582994,0,0.577188015,0.567083001,0.575208008,0,216844800
2013-01-16,0.552311599,0,0.581041992,0,0.587499976,0.574271023,0.57791698,0,152217600
2013-01-17,0.5608266,0,0.589999974,0,0.596666992,0.585833013,0.588854015,0,230620800
2013-01-18,0.557658494,0,0.586667001,0,0.587707996,0.57802099,0.584271014,0,206044800
2013-01-22,0.559935987,0,0.589062989,0,0.589792013,0.577188015,0.588229001,0,252566400
2013-01-23,0.569045246,0,0.598645985,0,0.604687989,0.596041977,0.598541975,0,225081600
2013-01-24,0.546370745,0,0.574792027,0,0.591250002,0.57218802,0.575208008,0,246124800
2013-01-25,0.554489374,0,0.583333015,0,0.588541985,0.577082992,0.580729008,0,170409600
2013-01-28,0.558450341,0,0.587499976,0,0.593333006,0.581667006,0.584062994,0,249590400
2013-01-29,0.558450341,0,0.587499976,0,0.591458023,0.573541999,0.585103989,0,213888000
2013-01-30,0.55538106,0,0.584271014,0,0.595833004,0.579895973,0.591354012,0,159158400
2013-01-31,0.551816404,0,0.580520988,0,0.592396021,0.578437984,0.583333015,0,203433600
2013-02-01,0.569935918,0,0.59958303,0,0.60354197,0.585207999,0.592292011,0,286070400
2013-02-04,0.540925026,0,0.569063008,0,0.595103979,0.568750024,0.589479029,0,274224000
2013-02-05,0.564688802,0,0.594062984,0,0.59937501,0.572604001,0.576146007,0,280089600
2013-02-06,0.559440732,0,0.588541985,0,0.596354008,0.583229005,0.58802098,0,250972800
2013-02-07,0.5608266,0,0.589999974,0,0.591979027,0.570729017,0.590313017,0,218572800
2013-02-08,0.577857971,0,0.607917011,0,0.611770988,0.598124981,0.59947902,0,203913600
2013-02-11,0.57765919,0,0.607707977,0,0.610000014,0.602603972,0.60927099,0,111062400
2013-02-12,0.570926249,0,0.600624979,0,0.609791994,0.59937501,0.606666982,0,129542400
2013-02-13,0.577560306,0,0.607604027,0,0.614166975,0.601875007,0.606042027,0,186806400
2013-02-14,0.576371908,0,0.606353998,0,0.60958302,0.598020971,0.599270999,0,137001600
2013-02-15,0.571421504,0,0.601145983,0,0.611145973,0.596458018,0.607187986,0,118598400
2013-02-19,0.583897531,0,0.614270985,0,0.614895999,0.604479015,0.605417013,0,127296000
2013-02-20,0.557262242,0,0.586250007,0,0.614583015,0.586250007,0.614166975,0,163958400
2013-02-21,0.539142609,0,0.567188025,0,0.581250012,0.560938001,0.579895973,0,265286400
2013-02-22,0.554984689,0,0.58385402,0,0.584271014,0.570833027,0.576978981,0,132364800
2013-02-25,0.534290075,0,0.562083006,0,0.601562977,0.561146021,0.595728993,0,240604800
2013-02-26,0.540726125,0,0.568853974,0,0.57218802,0.553749979,0.565521002,0,168460800
2013-02-27,0.557163298,0,0.586145997,0,0.596771002,0.566874981,0.569582999,0,171072000
2013-02-28,0.555083454,0,0.58395803,0,0.599270999,0.583541989,0.586145997,0,163516800
2013-03-01,0.5608266,0,0.589999974,0,0.592707992,0.56812501,0.576771021,0,123216000
2013-03-04,0.568054616,0,0.597603977,0,0.59791702,0.581978977,0.584167004,0,150969600
2013-03-05,0.59300667,0,0.623853981,0,0.626563013,0.608542025,0.60916698,0,228086400
2013-03-06,0.589244485,0,0.619895995,0,0.63072902,0.617291987,0.630208015,0,207619200
2013-03-07,0.594393492,0,0.625312984,0,0.627499998,0.618438005,0.621667027,0,110284800
2013-03-08,0.595086515,0,0.626042008,0,0.633542001,0.619479001,0.631042004,0,169718400
2013-03-11,0.601225197,0,0.632499993,0,0.632708013,0.618749976,0.62489599,0,123878400
2013-03-12,0.593898416,0,0.62479198,0,0.630937994,0.616457999,0.626874983,0,178108800
2013-03-13,0.592017174,0,0.622812986,0,0.630104005,0.616457999,0.627083004,0,160838400
2013-03-14,0.598057032,0,0.62916702,0,0.633020997,0.625,0.629478991,0,154339200
2013-03-15,0.59241277,0,0.623229027,0,0.631667018,0.61906302,0.630208015,0,159888000
2013-03-18,0.588352859,0,0.618957996,0,0.626978993,0.602603972,0.606979012,0,214742400
2013-03-19,0.585976362,0,0.616457999,0,0.628646016,0.59947902,0.62489599,0,287500800
2013-03-20,0.597165406,0,0.628229022,0,0.632812977,0.620416999,0.62906301,0,153484800
2013-03-21,0.578055501,0,0.608124971,0,0.616457999,0.603332996,0.612500012,0,214742400
2013-03-22,0.5939973,0,0.62489599,0,0.626457989,0.613125026,0.61500001,0,142761600
2013-03-25,0.587957382,0,0.618542016,0,0.63499999,0.60947901,0.631042004,0,228931200
2013-03-26,0.596967638,0,0.628021002,0,0.628853977,0.621353984,0.625832975,0,123830400
2013-03-27,0.600135803,0,0.631353974,0,0.632188022,0.613021016,0.616146028,0,191798400
2013-03-28,0.603601575,0,0.63499999,0,0.637499988,0.626563013,0.630937994,0,266697600
2013-04-01,0.591917276,0,0.622708023,0,0.638541996,0.617500007,0.636978984,0,249628800
2013-04-02,0.605284929,0,0.636771023,0,0.643124998,0.629895985,0.630937994,0,337776000
2013-04-03,0.589244485,0,0.619895995,0,0.640625,0.61510402,0.638125002,0,177206400
2013-04-04,0.589541078,0,0.620208025,0,0.624688029,0.610207975,0.61927098,0,189936000
2013-04-05,0.575084925,0,0.605000019,0,0.607396007,0.586562991,0.590937972,0,338284800
2013-04-08,0.583897531,0,0.614270985,0,0.614687979,0.600103974,0.605521023,0,223603200
2013-04-09,0.595382929,0,0.626353979,0,0.633957982,0.610625029,0.61937499,0,332620800
2013-04-10,0.630236924,0,0.663021028,0,0.665832996,0.632188022,0.632916987,0,182448000
2013-04-11,0.629147828,0,0.66187501,0,0.666979015,0.65625,0.658541977,0,167558400
2013-04-12,0.628454924,0,0.661145985,0,0.662396014,0.645937979,0.657603979,0,218592000
2013-04-15,0.590234816,0,0.620938003,0,0.656771004,0.619791985,0.652917027,0,203846400
2013-04-16,0.614889383,0,0.646875024,0,0.648541987,0.628750026,0.633229017,0,193718400
2013-04-17,0.578947127,0,0.609063029,0,0.629895985,0.597603977,0.629478991,0,315619200
2013-04-18,0.553895235,0,0.582708001,0,0.614166975,0.575625002,0.614166975,0,253670400
2013-04-19,0.576867402,0,0.606875002,0,0.611042023,0.584062994,0.587396026,0,183014400
2013-04-22,0.5945912,0,0.625521004,0,0.632291973,0.606979012,0.61354202,0,161088000
2013-04-23,0.612116516,0,0.643957973,0,0.65031302,0.626874983,0.636978984,0,272966400
2013-04-24,0.610631943,0,0.642395973,0,0.649792016,0.63468802,0.638957977,0,224179200
2013-04-25,0.620533764,0,0.652813017,0,0.66041702,0.647499979,0.648645997,0,192508800
2013-04-26,0.615285814,0,0.647292018,0,0.652707994,0.638854027,0.648750007,0,91881600
2013-04-29,0.63162297,0,0.664479017,0,0.672187984,0.652813017,0.652813017,0,137097600
2013-04-30,0.645485699,0,0.679063022,0,0.679687977,0.659896016,0.667500019,0,123897600
2013-05-01,0.637267292,0,0.670417011,0,0.682916999,0.665832996,0.679063022,0,128688000
2013-05-02,0.660338104,0,0.694688022,0,0.699374974,0.671458006,0.673021019,0,97516800
2013-05-03,0.683408201,0,0.71895802,0,0.725938022,0.714062989,0.715207994,0,133996800
2013-05-06,0.692220747,0,0.728228986,0,0.731353998,0.721562982,0.723124981,0,97008000
2013-05-07,0.690537393,0,0.726458013,0,0.733228981,0.71895802,0.731666982,0,104275200
2013-05-08,0.701330841,0,0.737812996,0,0.738958001,0.722292006,0.724687994,0,85305600
2013-05-09,0.698854566,0,0.735207975,0,0.748957992,0.729896009,0.732396007,0,110918400
2013-05-10,0.710736573,0,0.747708023,0,0.748438001,0.735104024,0.73843801,0,127027200
2013-05-13,0.713509381,0,0.750625014,0,0.75562501,0.741666973,0.74406302,0,133286400
2013-05-14,0.72400552,0,0.761667013,0,0.768646002,0.750312984,0.750521004,0,133920000
2013-05-15,0.729352295,0,0.767292023,0,0.768646002,0.751978993,0.758229017,0,131366400
2013-05-16,0.726678312,0,0.764478981,0,0.779896021,0.762708008,0.768854022,0,155404800
2013-05-17,0.747174978,0,0.786041975,0,0.78687501,0.768437982,0.77541697,0,150000000
2013-05-20,0.74380821,0,0.782500029,0,0.790103972,0.773124993,0.779896021,0,151363200
2013-05-21,0.746580839,0,0.78541702,0,0.793542027,0.773229003,0.781979024,0,160915200
2013-05-22,0.728361905,0,0.766250014,0,0.806457996,0.752395988,0.787917018,0,316982400
2013-05-23,0.720440686,0,0.757916987,0,0.766250014,0.739583015,0.74427098,0,145737600
2013-05-24,0.720044315,0,0.757499993,0,0.758020997,0.737500012,0.743749976,0,67747200
2013-05-28,0.734896779,0,0.773124993,0,0.79270798,0.765625,0.783958018,0,161817600
2013-05-29,0.723806679,0,0.76145798,0,0.76979202,0.748438001,0.763541996,0,159638400
2013-05-30,0.735589921,0,0.773854017,0,0.783958018,0.761667013,0.761667013,0,86121600
2013-05-31,0.714598656,0,0.751770973,0,0.782187998,0.75020802,0.764271021,0,123331200
2013-06-03,0.718757272,0,0.756146014,0,0.756563008,0.727083027,0.753437996,0,222633600
2013-06-04,0.707964718,0,0.744791985,0,0.76979202,0.735207975,0.760416985,0,138556800
2013-06-05,0.680834174,0,0.716250002,0,0.745416999,0.713750005,0.736979008,0,190560000
2013-06-06,0.689151347,0,0.725000024,0,0.725624979,0.697916985,0.718228996,0,190944000
2013-06-07,0.717965603,0,0.755312979,0,0.757604003,0.729166985,0.735521019,0,233088000
2013-06-10,0.718262196,0,0.75562501,0,0.766457975,0.751563013,0.760104001,0,135331200
2013-06-11,0.697468817,0,0.733749986,0,0.753853977,0.726145983,0.733228981,0,222105600
2013-06-12,0.673308492,0,0.708333015,0,0.747291982,0.704895973,0.747187972,0,223488000
2013-06-13,0.697468817,0,0.733749986,0,0.739270985,0.699478984,0.705208004,0,151699200
2013-06-14,0.68519038,0,0.720833004,0,0.737291992,0.717082977,0.734791994,0,124339200
2013-06-17,0.704201579,0,0.740832984,0,0.753646016,0.729896009,0.737500012,0,158851200
2013-06-18,0.720836282,0,0.758333027,0,0.763646007,0.743853986,0.74416697,0,101404800
2013-06-19,0.698161662,0,0.73447901,0,0.762188017,0.731458008,0.759478986,0,175708800
2013-06-20,0.646674037,0,0.680312991,0,0.716145992,0.674583018,0.708645999,0,241257600
2013-06-21,0.637563884,0,0.670728981,0,0.686770976,0.653854012,0.680832982,0,236985600
2013-06-24,0.61785984,0,0.649999976,0,0.66614598,0.633957982,0.654479027,0,221136000
2013-06-25,0.631028712,0,0.663854003,0,0.672707975,0.653437972,0.669166982,0,132422400
2013-06-26,0.648257732,0,0.681979001,0,0.686042011,0.674791992,0.68166697,0,119865600
2013-06-27,0.65548569,0,0.689583004,0,0.703750014,0.689583004,0.692604005,0,113683200
2013-06-28,0.657267928,0,0.691457987,0,0.706146002,0.679791987,0.684167027,0,156076800
2013-07-01,0.671328604,0,0.706250012,0,0.723438025,0.704478979,0.708229005,0,103891200
2013-07-02,0.671626031,0,0.706562996,0,0.720207989,0.696250021,0.705833018,0,124377600
2013-07-03,0.68073523,0,0.716145992,0,0.725728989,0.698020995,0.699792027,0,53769600
2013-07-05,0.695785403,0,0.731979012,0,0.732813001,0.711041987,0.727917016,0,114441600
2013-07-08,0.698062956,0,0.734375,0,0.74437499,0.726562977,0.743542016,0,88281600
2013-07-09,0.710836411,0,0.747812986,0,0.752499998,0.734687984,0.744479001,0,84316800
2013-07-10,0.722817183,0,0.760416985,0,0.763957977,0.745104015,0.745104015,0,100867200
2013-07-11,0.767869651,0,0.807812989,0,0.807812989,0.783541977,0.784687996,0,153024000
2013-07-12,0.775889456,0,0.816250026,0,0.818020999,0.801353991,0.808021009,0,83510400
2013-07-15,0.781929255,0,0.822604001,0,0.823541999,0.812188029,0.818853974,0,91622400
2013-07-16,0.778859854,0,0.819374979,0,0.826041996,0.81270802,0.824063003,0,85219200
2013-07-17,0.784404516,0,0.825208008,0,0.830520988,0.81822902,0.826354027,0,79104000
2013-07-18,0.778662205,0,0.819167018,0,0.830833018,0.815104008,0.824792027,0,101136000
2013-07-19,0.754997194,0,0.794270992,0,0.798228979,0.786145985,0.797917008,0,108595200
2013-07-22,0.760442913,0,0.800000012,0,0.805728972,0.793021023,0.80270803,0,85852800
2013-07-23,0.743511617,0,0.782187998,0,0.804687977,0.780938029,0.804687977,0,86428800
2013-07-24,0.750541091,0,0.789583027,0,0.806353986,0.784792006,0.805417001,0,105744000
2013-07-25,0.764106274,0,0.803853989,0,0.807604015,0.788749993,0.801249981,0,81110400
2013-07-26,0.776781082,0,0.817188025,0,0.817812979,0.791666985,0.795207977,0,77654400
2013-07-29,0.773216426,0,0.813437998,0,0.823125005,0.806457996,0.813021004,0,72345600
2013-07-30,0.784702003,0,0.825520992,0,0.836250007,0.817083001,0.82239598,0,120960000
2013-07-31,0.789652526,0,0.830729008,0,0.844479024,0.825833023,0.830729008,0,110179200
2013-08-01,0.813713849,0,0.856042027,0,0.859375,0.844896019,0.847603977,0,77596800
2013-08-02,0.82727915,0,0.870312989,0,0.870625019,0.850624979,0.856666982,0,97104000
2013-08-05,0.829061449,0,0.872187972,0,0.873853981,0.863958001,0.867291987,0,79440000
2013-08-06,0.814307928,0,0.856666982,0,0.87083298,0.845833004,0.868332982,0,93820800
2013-08-07,0.809653938,0,0.851770997,0,0.856042027,0.833020985,0.848645985,0,120585600
2013-08-08,0.82044673,0,0.863125026,0,0.869895995,0.847500026,0.865938008,0,130598400
2013-08-09,0.811634004,0,0.853854001,0,0.868853986,0.846354008,0.860521019,0,98534400
2013-08-12,0.816684306,0,0.85916698,0,0.863958001,0.84354198,0.84364599,0,68822400
2013-08-13,0.830249727,0,0.873438001,0,0.879791975,0.844479024,0.862707973,0,154483200
2013-08-14,0.821040869,0,0.863749981,0,0.876667023,0.860417008,0.872916996,0,94368000
2013-08-15,0.779850423,0,0.820416987,0,0.835520983,0.813229024,0.835313022,0,132883200
2013-08-16,0.777077615,0,0.817499995,0,0.831457973,0.814791977,0.820625007,0,70176000
2013-08-19,0.774008334,0,0.814270973,0,0.839792013,0.814167023,0.820416987,0,90115200
2013-08-20,0.784603059,0,0.825416982,0,0.836667001,0.817291975,0.819895983,0,88752000
2013-08-21,0.776781082,0,0.817188025,0,0.838645995,0.808229029,0.81822902,0,159686400
2013-08-22,0.798960388,0,0.840520978,0,0.842292011,0.826041996,0.826771021,0,71260800
2013-08-23,0.81579268,0,0.858228981,0,0.860625029,0.84937501,0.859063029,0,76512000
2013-08-26,0.816485703,0,0.858958006,0,0.878125012,0.85354197,0.859375,0,74918400
2013-08-27,0.765096903,0,0.804895997,0,0.840728998,0.800521016,0.828646004,0,200131200
2013-08-28,0.774998724,0,0.815312982,0,0.825625002,0.803438008,0.804374993,0,102038400
2013-08-29,0.791039228,0,0.83218801,0,0.844582975,0.811563015,0.814999998,0,129465600
2013-08-30,0.776285887,0,0.81666702,0,0.835103989,0.807812989,0.834582984,0,121996800
2013-09-03,0.789058387,0,0.830103993,0,0.847603977,0.819688022,0.836458027,0,85699200
2013-09-04,0.814803064,0,0.857187986,0,0.860521019,0.831771016,0.83802098,0,83078400
2013-09-05,0.81836772,0,0.860938013,0,0.868228972,0.857396007,0.858438015,0,48451200
2013-09-06,0.821338236,0,0.864063025,0,0.877499998,0.835103989,0.86937499,0,122121600
2013-09-09,0.850250304,0,0.894478977,0,0.898645997,0.874270976,0.874270976,0,94281600
2013-09-10,0.863122642,0,0.908020973,0,0.911249995,0.898020983,0.910207987,0,151929600
2013-09-11,0.858766317,0,0.903437972,0,0.903854012,0.886041999,0.890103996,0,106118400
2013-09-12,0.854904354,0,0.899375021,0,0.908854008,0.895103991,0.903020978,0,66921600
2013-09-13,0.857677162,0,0.902292013,0,0.905313015,0.887812972,0.903750002,0,80860800
2013-09-16,0.850448847,0,0.89468801,0,0.924791992,0.888750017,0.924479008,0,132374400
2013-09-17,0.867479026,0,0.912603974,0,0.915832996,0.899792016,0.899792016,0,66940800
2013-09-18,0.899362504,0,0.946146011,0,0.950729012,0.911145985,0.916458011,0,127507200
2013-09-19,0.904907048,0,0.951978981,0,0.95885402,0.94739598,0.953646004,0,71404800
2013-09-20,0.89500612,0,0.94156301,0,0.961667001,0.940521002,0.959271014,0,108153600
2013-09-23,0.889955878,0,0.936249971,0,0.957082987,0.922917008,0.954792023,0,134889600
2013-09-24,0.890153527,0,0.936457992,0,0.951354027,0.927083015,0.942708015,0,82003200
2013-09-25,0.881737351,0,0.92760402,0,0.942188025,0.921145976,0.937812984,0,108662400
2013-09-26,0.901936769,0,0.948854029,0,0.954688013,0.936874986,0.938542008,0,89020800
2013-09-27,0.89767921,0,0.944374979,0,0.949582994,0.927812994,0.933125019,0,73200000
2013-09-30,0.892035663,0,0.938437998,0,0.944791973,0.90614599,0.915417016,0,123292800
2013-10-01,0.918770015,0,0.966562986,0,0.967813015,0.937083006,0.938021004,0,87888000
2013-10-02,0.917086542,0,0.964792013,0,0.969166994,0.944063008,0.945937991,0,86313600
2013-10-03,0.885203183,0,0.931249976,0,0.967292011,0.91593802,0.961354017,0,161577600
2013-10-04,0.907976389,0,0.955208004,0,0.959062994,0.929166973,0.930728972,0,92112000
2013-10-07,0.885500729,0,0.93156302,0,0.953541994,0.929270983,0.930938005,0,99340800
2013-10-08,0.835397899,0,0.878853977,0,0.933542013,0.876770973,0.931249976,0,234777600
2013-10-09,0.826189756,0,0.86916697,0,0.88489598,0.84781301,0.883646011,0,218448000
2013-10-10,0.87866807,0,0.924374998,0,0.930104017,0.89645803,0.896978974,0,144720000
2013-10-11,0.898471117,0,0.945208013,0,0.947916985,0.916979015,0.917396009,0,130147200
2013-10-14,0.917086542,0,0.964792013,0,0.965624988,0.92604202,0.928438008,0,140956800
2013-10-15,0.907283425,0,0.954478979,0,0.977603972,0.951041996,0.96291697,0,162076800
2013-10-16,0.938275397,0,0.987083018,0,0.98854202,0.965728998,0.967292011,0,129302400
2013-10-17,0.953425169,0,1.003021002,0,1.004896045,0.971354008,0.973020971,0,166368000
2013-10-18,1.000556946,0,1.05260396,0,1.053750038,1.022812963,1.030938029,0,135110400
2013-10-21,1.006299853,0,1.058645964,0,1.067396045,1.049582958,1.058645964,0,99369600
2013-10-22,1.009765387,0,1.06229198,0,1.081457973,1.044270992,1.070312977,0,157660800
2013-10-23,0.99352622,0,1.045207977,0,1.054479003,1.029582977,1.048542023,0,161184000
2013-10-24,1.005903244,0,1.05822897,0,1.065000057,1.041875005,1.045938015,0,108547200
2013-10-25,1.026003957,0,1.079375029,0,1.095312953,1.065937996,1.088541985,0,140467200
2013-10-28,1.028083682,0,1.081562996,0,1.086354017,1.067396045,1.080937982,0,83251200
2013-10-29,1.033034325,0,1.086771011,0,1.095208049,1.072916985,1.091979027,0,84105600
2013-10-30,1.029766202,0,1.083333015,0,1.103332996,1.068853974,1.098541975,0,198662400
2013-10-31,1.023132086,0,1.076354027,0,1.096250057,1.064582944,1.076042056,0,141782400
2013-11-01,1.02263701,0,1.075832963,0,1.090625048,1.061249971,1.085729003,0,163132800
2013-11-04,1.027588248,0,1.081042051,0,1.087499976,1.070207953,1.087499976,0,91641600
2013-11-05,1.031944871,0,1.085625052,0,1.092707992,1.059895992,1.068853974,0,132124800
2013-11-06,1.030162334,0,1.08375001,0,1.09958303,1.073958039,1.098229051,0,163910400
2013-11-07,0.973030567,0,1.023645997,0,1.089063048,1.020521045,1.084375024,0,232934400
2013-11-08,1.01144886,0,1.064062953,0,1.065104008,1.025728941,1.034374952,0,118080000
2013-11-11,1.006596327,0,1.058958054,0,1.06812501,1.048750043,1.057396054,0,63494400
2013-11-12,1.011547804,0,1.064167023,0,1.068853974,1.047917008,1.049687982,0,108777600
2013-11-13,1.047787786,0,1.102291942,0,1.102604032,1.043228984,1.043957949,0,126470400
2013-11-14,1.055906177,0,1.110833049,0,1.11520803,1.087396026,1.093438029,0,118819200
2013-11-15,1.063234091,0,1.118541956,0,1.119583011,1.105833054,1.114583015,0,89203200
2013-11-18,1.033826232,0,1.087604046,0,1.125313044,1.080520988,1.117916942,0,143846400
2013-11-19,1.02362752,0,1.076874971,0,1.100000024,1.071874976,1.084687948,0,102192000
2013-11-20,1.016498327,0,1.069375038,0,1.09781301,1.059895992,1.086249948,0,125865600
2013-11-21,1.047588944,0,1.102082968,0,1.104478955,1.080000043,1.081979036,0,86592000
2013-11-22,1.064124703,0,1.119478941,0,1.120520949,1.104895949,1.107916951,0,87014400
2013-11-25,1.071155429,0,1.126875043,0,1.135208011,1.11916697,1.13062501,0,92582400
2013-11-26,1.088878989,0,1.145521045,0,1.153437972,1.120833039,1.128957987,0,106713600
2013-11-27,1.110663056,0,1.168437958,0,1.169896007,1.149271011,1.152187943,0,137894400
2013-11-29,1.128881335,0,1.187603951,0,1.194583058,1.179582953,1.182500005,0,91622400
2013-12-02,1.121851087,0,1.180207968,0,1.199478984,1.174582958,1.194375038,0,165936000
2013-12-03,1.118583918,0,1.176771045,0,1.186041951,1.163125038,1.176978946,0,134544000
2013-12-04,1.12145555,0,1.179792047,0,1.191457987,1.15052104,1.16197896,0,133996800
2013-12-05,1.117989898,0,1.17614603,0,1.186563015,1.16624999,1.183645964,0,126480000
2013-12-06,1.141060948,0,1.200417042,0,1.208228946,1.183750033,1.204478979,0,142588800
2013-12-09,1.154724956,0,1.214792013,0,1.222916961,1.209063053,1.214583039,0,112608000
2013-12-10,1.15264523,0,1.212604046,0,1.219478965,1.205832958,1.208646059,0,93004800
2013-12-11,1.109573722,0,1.167291999,0,1.217604041,1.161041975,1.211874962,0,148464000
2013-12-12,1.100563526,0,1.157812953,0,1.175832987,1.154167056,1.167708039,0,107347200
2013-12-13,1.095315576,0,1.152292013,0,1.174896002,1.14625001,1.173125029,0,81206400
2013-12-16,1.114127874,0,1.17208302,0,1.191249967,1.166978955,1.168957949,0,74966400
2013-12-17,1.107098341,0,1.164687991,0,1.179582953,1.157812953,1.17208302,0,72960000
2013-12-18,1.145318508,0,1.204895973,0,1.207813025,1.117187977,1.167708039,0,161596800
2013-12-19,1.135020971,0,1.194062948,0,1.199062943,1.178750038,1.198228955,0,117177600
2013-12-20,1.169181108,0,1.230000019,0,1.238541961,1.198958039,1.200000048,0,113750400
2013-12-23,1.207005262,0,1.269791961,0,1.269791961,1.25020802,1.260521054,0,112502400
2013-12-24,1.208688974,0,1.271563053,0,1.273645997,1.263749957,1.26989603,0,38006400
2013-12-26,1.220470667,0,1.283957958,0,1.28687501,1.270938039,1.277603984,0,55814400
2013-12-27,1.211559653,0,1.274582982,0,1.290624976,1.269582987,1.288333058,0,73939200
2013-12-30,1.205223322,0,1.267917037,0,1.273437977,1.257812977,1.267917037,0,53078400
2013-12-31,1.228888035,0,1.292812943,0,1.292812943,1.273957968,1.27531302,0,64176000
2014-01-02,1.200172901,0,1.262603998,0,1.276041985,1.251458049,1.275104046,0,98976000
2014-01-03,1.174032688,0,1.235103965,0,1.265938044,1.234375,1.262395978,0,97545600
2014-01-06,1.161556721,0,1.221979022,0,1.24000001,1.207708001,1.236145973,0,125923200
2014-01-07,1.191657901,0,1.253646016,0,1.260416985,1.231562972,1.237812996,0,92313600
2014-01-08,1.200569272,0,1.263020992,0,1.273645997,1.247499943,1.255521059,0,93264000
2014-01-09,1.188192248,0,1.25,0,1.277708054,1.237707973,1.276353955,0,105561600
2014-01-10,1.200073719,0,1.262500048,0,1.266770959,1.232082963,1.260208011,0,119942400
2014-01-13,1.146704435,0,1.206354022,0,1.270416975,1.192188025,1.257395983,0,173107200
2014-01-14,1.212352514,0,1.27541697,0,1.277917027,1.21875,1.219063044,0,138076800
2014-01-15,1.240670323,0,1.305207968,0,1.314167023,1.287500024,1.290521026,0,120528000
2014-01-16,1.243245244,0,1.307916999,0,1.312813044,1.296978951,1.303437948,0,70512000
2014-01-17,1.221164823,0,1.284687996,0,1.306249976,1.27552104,1.295521021,0,84460800
2014-01-21,1.248493671,0,1.313438058,0,1.315624952,1.28145802,1.309167027,0,88022400
2014-01-22,1.260077596,0,1.325624943,0,1.333333015,1.3125,1.323645949,0,78432000
2014-01-23,1.244928479,0,1.309687972,0,1.3125,1.283332944,1.311874986,0,129052800
2014-01-24,1.171161056,0,1.232082963,0,1.29708302,1.231874943,1.290207982,2,141648000
2014-01-27,1.137099504,0,1.196249962,0,1.239374995,1.170832992,1.233541965,0,177729600
2014-01-28,1.13670361,0,1.195832968,0,1.198958039,1.172917008,1.17770803,0,109497600
2014-01-29,1.10085988,0,1.158125043,0,1.190207958,1.149582982,1.164167047,0,136497600
2014-01-30,1.158883572,0,1.219166994,0,1.232707977,1.195624948,1.199792027,0,116438400
2014-01-31,1.150763869,0,1.210625052,0,1.228124976,1.176249981,1.179582953,0,84532800
2014-02-03,1.074522257,0,1.130416989,0,1.221250057,1.118124962,1.203958035,0,183926400
2014-02-04,1.095513225,0,1.152500033,0,1.165207982,1.134374976,1.144374967,0,90672000
2014-02-05,1.085413098,0,1.141875029,0,1.155207992,1.104166985,1.140625,0,108513600
2014-02-06,1.126999974,0,1.185624957,0,1.190624952,1.151666999,1.153542042,0,73977600
2014-02-07,1.186806321,0,1.248541951,0,1.252292037,1.196249962,1.206457973,0,111456000
2014-02-10,1.208588958,0,1.27145803,0,1.273125052,1.246458054,1.249166965,0,83284800
2014-02-11,1.249978065,0,1.315000057,0,1.32229197,1.27562499,1.278749943,0,117504000
2014-02-12,1.255919218,0,1.321249962,0,1.331249952,1.310832977,1.322916985,0,108451200
2014-02-13,1.288197756,0,1.355208039,0,1.355208039,1.292500019,1.292917013,0,106507200
2014-02-14,1.291961312,0,1.35916698,0,1.36916697,1.338958025,1.353332996,0,94876800
2014-02-18,1.312160373,0,1.380416989,0,1.387707949,1.356667042,1.366042018,0,69292800
2014-02-19,1.283445001,0,1.350208044,0,1.381458044,1.342916965,1.372292042,0,136531200
2014-02-20,1.302060843,0,1.369791985,0,1.377917051,1.337082982,1.353332996,0,102643200
2014-02-21,1.295326829,0,1.362707973,0,1.388957977,1.360000014,1.382707953,0,83976000
2014-02-24,1.318101287,0,1.386667013,0,1.404999971,1.366667032,1.371042013,0,99422400
2014-02-25,1.313348532,0,1.381667018,0,1.40041697,1.368541956,1.392292023,0,92985600
2014-02-26,1.308991194,0,1.377082944,0,1.405207992,1.361667037,1.393749952,0,82929600
2014-02-27,1.334736109,0,1.404167056,0,1.408542037,1.372082949,1.378541946,0,87964800
2014-02-28,1.328002453,0,1.397083044,0,1.428750038,1.363124967,1.404374957,0,136718400
2014-03-03,1.298891902,0,1.366458058,0,1.379166961,1.331874967,1.35916698,0,158558400
2014-03-04,1.351172447,0,1.421458006,0,1.428333044,1.409582973,1.412708044,0,108993600
2014-03-05,1.362262368,0,1.433125019,0,1.439792037,1.418750048,1.428125024,0,77064000
2014-03-06,1.357113242,0,1.42770803,0,1.445417047,1.413125038,1.441666961,0,92803200
2014-03-07,1.337706566,0,1.407292008,0,1.446041942,1.386250019,1.44312501,0,132518400
2014-03-10,1.340478539,0,1.410207987,0,1.413125038,1.383749962,1.404999971,0,75580800
2014-03-11,1.323843598,0,1.392707944,0,1.43166697,1.380416989,1.421458006,0,119774400
2014-03-12,1.338696241,0,1.408332944,0,1.410416961,1.358332992,1.374374986,0,109612800
2014-03-13,1.281861544,0,1.348541975,0,1.425624967,1.329583049,1.423957944,0,188414400
2014-03-14,1.255522609,0,1.320832968,0,1.352707982,1.319167018,1.33395803,0,107318400
2014-03-17,1.288990617,0,1.356042027,0,1.375833035,1.34395802,1.345417023,0,116942400
2014-03-18,1.335330009,0,1.404791951,0,1.408957958,1.359375,1.360208035,0,113006400
2014-03-19,1.313348532,0,1.381667018,0,1.409999967,1.354166985,1.40604198,0,136444800
2014-03-20,1.323646307,0,1.392500043,0,1.405207992,1.360000014,1.368749976,0,87638400
2014-03-21,1.275127769,0,1.341457963,0,1.418750048,1.335208058,1.415416956,0,198307200
2014-03-24,1.243046641,0,1.307708025,0,1.360625029,1.271041989,1.358124971,0,266145600
2014-03-25,1.254533172,0,1.319792032,0,1.352707982,1.287708044,1.328750014,0,172516800
2014-03-26,1.206806779,0,1.269582987,0,1.348124981,1.268542051,1.340208054,0,201331200
2014-03-27,1.185419321,0,1.247082949,0,1.280833006,1.226667047,1.264582992,0,201993600
2014-03-28,1.193142653,0,1.255208015,0,1.295832992,1.244791985,1.259374976,0,166440000
2014-03-31,1.216906667,0,1.280207992,0,1.306457996,1.279582977,1.283750057,0,162441600
2014-04-01,1.282850981,0,1.34958303,0,1.351250052,1.299375057,1.300832987,0,178041600
2014-04-02,1.292950392,0,1.360208035,0,1.370208025,1.341249943,1.366875052,0,163224000
2014-04-03,1.262453794,0,1.328125,0,1.370000005,1.304167032,1.364374995,0,159619200
2014-04-04,1.162249684,0,1.222707987,0,1.357499957,1.210832953,1.351667047,0,371011200
2014-04-07,1.127396464,0,1.186041951,0,1.231042027,1.161041975,1.198333025,0,312662400
2014-04-08,1.158883572,0,1.219166994,0,1.223333001,1.177291989,1.190417051,0,243240000
2014-04-09,1.21829319,0,1.281666994,0,1.283332944,1.222707987,1.232082963,0,221961600
2014-04-10,1.105810404,0,1.163333058,0,1.284374952,1.152500033,1.284167051,0,322276800
2014-04-11,1.067194462,0,1.122707963,0,1.175624967,1.114583015,1.131458044,0,211876800
2014-04-14,1.09115684,0,1.147917032,0,1.165624976,1.116458058,1.15041697,0,281275200
2014-04-15,1.10204792,0,1.159374952,0,1.178542018,1.087082982,1.159167051,0,562051200
2014-04-16,1.144822955,0,1.204375029,0,1.205000043,1.160833001,1.189167023,0,251414400
2014-04-17,1.145417094,0,1.205000043,0,1.223541975,1.182291985,1.192499995,0,176625600
2014-04-21,1.171359897,0,1.232292056,0,1.232499957,1.19729197,1.214583039,0,144249600
2014-04-22,1.200073719,0,1.262500048,0,1.270833015,1.239166975,1.243957996,0,150321600
2014-04-23,1.167398691,0,1.228124976,0,1.262707949,1.226457953,1.261667013,0,131366400
2014-04-24,1.201856613,0,1.264374971,0,1.289999962,1.223749995,1.289791942,0,250776000
2014-04-25,1.143832445,0,1.20333302,0,1.245416999,1.194583058,1.241042018,0,244747200
2014-04-28,1.156111002,0,1.216249943,0,1.241042018,1.158125043,1.219375014,0,482083200
2014-04-29,1.181656957,0,1.243124962,0,1.25020802,1.208124995,1.225833058,0,243633600
2014-04-30,1.192152739,0,1.254166961,0,1.257083058,1.216667056,1.227707982,0,184075200
2014-05-01,1.202846766,0,1.26541698,0,1.285833001,1.25,1.25979197,0,143750400
2014-05-02,1.196905732,0,1.259166956,0,1.284374952,1.248957992,1.276458025,0,151905600
2014-05-05,1.213935852,0,1.277083039,0,1.277917027,1.226250052,1.235417008,0,115790400
2014-05-06,1.16700232,0,1.227707982,0,1.273332953,1.226457953,1.27145803,0,161644800
2014-05-07,1.156507134,0,1.216667056,0,1.238958001,1.173750043,1.237082958,0,261907200
2014-05-08,1.152546287,0,1.212499976,0,1.257083058,1.195832968,1.204583049,0,219216000
2014-05-09,1.166012883,0,1.226667047,0,1.229166985,1.18729198,1.211249948,0,156475200
2014-05-12,1.222847581,0,1.286458015,0,1.288125038,1.245416999,1.248957992,0,127684800
2014-05-13,1.225422502,0,1.289167047,0,1.304375052,1.282083035,1.29104197,0,117729600
2014-05-14,1.20720315,0,1.269999981,0,1.292917013,1.260833025,1.278542042,0,98640000
2014-05-15,1.179280519,0,1.240625024,0,1.27541697,1.215832949,1.268542051,0,201480000
2014-05-16,1.201262236,0,1.263749957,0,1.266250014,1.219166994,1.243332982,0,142910400
2014-05-19,1.227006197,0,1.290832996,0,1.296041965,1.246458054,1.252500057,0,120528000
2014-05-20,1.213540912,0,1.276666999,0,1.30250001,1.260416985,1.289167047,0,162331200
2014-05-21,1.247799516,0,1.31270802,0,1.314375043,1.280833006,1.282500029,0,123619200
2014-05-22,1.26324594,0,1.328958035,0,1.340832949,1.311041951,1.316249967,0,126480000
2014-05-23,1.291564345,0,1.358749986,0,1.359375,1.325624943,1.334583044,0,95136000
2014-05-27,1.340082884,0,1.409791946,0,1.410207987,1.373541951,1.377707958,0,118387200
2014-05-28,1.327408314,0,1.39645803,0,1.414582968,1.393332958,1.408542037,0,118435200
2014-05-29,1.354341388,0,1.424792051,0,1.424792051,1.403332949,1.41208303,0,87302400
2014-05-30,1.35315311,0,1.423542023,0,1.430832982,1.401666999,1.424792051,0,113347200
2014-06-02,1.349786282,0,1.419999957,0,1.429999948,1.392500043,1.429167032,0,101270400
2014-06-03,1.347806215,0,1.417917013,0,1.424582958,1.40041697,1.405416965,0,95102400
2014-06-04,1.3620646,0,1.432916999,0,1.440000057,1.400207996,1.406666994,0,105355200
2014-06-05,1.397511363,0,1.470208049,0,1.477707982,1.422708035,1.4375,0,176107200
2014-06-06,1.420087099,0,1.493957996,0,1.495416999,1.477291942,1.487499952,0,79219200
2014-06-09,1.417513132,0,1.491250038,0,1.502500057,1.479375005,1.497082949,0,124171200
2014-06-10,1.425632954,0,1.49979198,0,1.501042008,1.482292056,1.486875057,0,72796800
2014-06-11,1.423454046,0,1.497499943,0,1.504374981,1.479791999,1.482916951,0,96979200
2014-06-12,1.386223793,0,1.458333015,0,1.493332982,1.441666961,1.488541961,0,120974400
2014-06-13,1.395729423,0,1.468333006,0,1.481042027,1.451457977,1.477082968,0,72019200
2014-06-16,1.400878429,0,1.473749995,0,1.486457944,1.45291698,1.463750005,0,89956800
2014-06-17,1.402858257,0,1.475833058,0,1.488124967,1.463333011,1.471457958,0,95640000
2014-06-18,1.428404689,0,1.502707958,0,1.507083058,1.454583049,1.481874943,0,114801600
2014-06-19,1.422859907,0,1.496875048,0,1.510833025,1.478124976,1.508124948,0,105950400
2014-06-20,1.428009033,0,1.502292037,0,1.507917047,1.491667032,1.50020802,0,56592000
2014-06-23,1.429592967,0,1.503957987,0,1.505416989,1.491250038,1.501875043,0,69408000
2014-06-24,1.425632954,0,1.49979198,0,1.541458011,1.486875057,1.503957987,0,160248000
2014-06-25,1.451816201,0,1.527083039,0.00025,1.535207987,1.488541961,1.488749981,0,84523200
2014-06-26,1.455778122,0,1.53125,0,1.53125,1.494791985,1.53125,0,87580800
2014-06-27,1.470236301,0,1.546458006,0,1.550832987,1.524374962,1.525207996,0,73857600
2014-06-30,1.481130719,0,1.557916999,0,1.570000052,1.545416951,1.549167037,0,54451200
2014-07-01,1.530844331,0,1.610208035,0,1.621875048,1.57249999,1.573541999,0,66057600
2014-07-02,1.536786199,0,1.616458058,0,1.62479198,1.607916951,1.612292051,0,81801600
2014-07-03,1.566298485,0,1.647500038,0,1.647500038,1.620000005,1.632707953,0,64636800
2014-07-07,1.551245809,0,1.631667018,0,1.648332953,1.623957992,1.641458035,0,87950400
2014-07-08,1.497173786,0,1.574792027,0,1.626875043,1.553958058,1.623957992,0,151752000
2014-07-09,1.531042695,0,1.610417008,0,1.613541961,1.572916985,1.586457968,0,136963200
2014-07-10,1.516583681,0,1.595208049,0,1.612916946,1.541458011,1.548333049,0,123244800
2014-07-11,1.542926669,0,1.622917056,0,1.623749971,1.591042042,1.604583025,0,121689600
2014-07-14,1.572437882,0,1.653957963,0,1.663957953,1.637292027,1.644791961,0,107059200
2014-07-15,1.55599916,0,1.636667013,0,1.667917013,1.600625038,1.660833001,0,148536000
2014-07-16,1.57362628,0,1.655207992,0,1.676458001,1.650207996,1.67166698,0,106608000
2014-07-17,1.510840535,0,1.589166999,0,1.659374952,1.573541999,1.641250014,0,160924800
2014-07-18,1.582341313,0,1.664374948,0,1.666875005,1.608332992,1.616250038,0,116976000
2014-07-21,1.576597452,0,1.658332944,0,1.66624999,1.635625005,1.652708054,0,94900800
2014-07-22,1.607891798,0,1.691249967,0,1.69749999,1.676249981,1.682500005,0,107457600
2014-07-23,1.637998104,0,1.722916961,0,1.728124976,1.698750019,1.706666946,0,102460800
2014-07-24,1.632253766,0,1.716874957,0,1.737292051,1.709375024,1.731457949,0,87460800
2014-07-25,1.612249017,0,1.695832968,0,1.70333302,1.669792056,1.692083001,0,92856000
2014-07-28,1.614230514,0,1.697916985,0,1.710417032,1.658750057,1.700417042,0,91963200
2014-07-29,1.6061095,0,1.689375043,0,1.719792008,1.684792042,1.708541989,0,79252800
2014-07-30,1.625321507,0,1.709583044,0,1.726457953,1.689167023,1.716667056,0,107611200
2014-07-31,1.526289821,0,1.605417013,0,1.674582958,1.597499967,1.666666985,0,138916800
2014-08-01,1.50866127,0,1.586874962,0,1.621250033,1.555207968,1.595417023,0,172324800
2014-08-04,1.539559603,0,1.61937499,0,1.638124943,1.579583049,1.597499967,0,144182400
2014-08-05,1.503511429,0,1.581457973,0,1.613541961,1.559999943,1.601042032,0,167539200
2014-08-06,1.500937104,0,1.578750014,0,1.607082963,1.548125029,1.552083015,0,119299200
2014-08-07,1.486478329,0,1.563542008,0,1.60916698,1.54666698,1.599166989,0,153604800
2014-08-08,1.518168688,0,1.596874952,0,1.602082968,1.550416946,1.571666956,0,124464000
2014-08-11,1.545699477,0,1.625833035,0,1.640208006,1.612292051,1.614583015,0,74352000
2014-08-12,1.542133927,0,1.622082949,0,1.635833025,1.598333001,1.620208025,0,90931200
2014-08-13,1.592245221,0,1.674792051,0,1.676041961,1.64041698,1.643957973,0,81278400
2014-08-14,1.616804957,0,1.700624943,0,1.701249957,1.674792051,1.680416942,0,103089600
2014-08-15,1.63879025,0,1.723749995,0,1.737082958,1.676458001,1.727499962,0,155956800
2014-08-18,1.678403378,0,1.76541698,0,1.769791961,1.744791985,1.750416994,0,79348800
2014-08-19,1.707320452,0,1.795832992,0,1.797500014,1.774582982,1.777708054,0,78628800
2014-08-20,1.707320452,0,1.795832992,0,1.805207968,1.785624981,1.789791942,0,70651200
2014-08-21,1.717026114,0,1.806041956,0,1.807291985,1.788957953,1.798542023,0,67900800
2014-08-22,1.723760009,0,1.813125014,0,1.827082992,1.795624971,1.80666697,0,76814400
2014-08-25,1.742972016,0,1.833333015,0,1.848124981,1.820000052,1.840000033,0,67977600
2014-08-26,1.748914003,0,1.839583039,0,1.844375014,1.826042056,1.840832949,0,41716800
2014-08-27,1.749112606,0,1.839792013,0,1.845625043,1.827499986,1.840832949,0,36715200
2014-08-28,1.741982341,0,1.832291961,0,1.839166999,1.814167023,1.821457982,0,64838400
2014-08-29,1.762382865,0,1.85374999,0,1.85374999,1.825417042,1.846042037,0,52272000
2014-09-02,1.777040005,0,1.86916697,0,1.870625019,1.846667051,1.867916942,0,64300800
2014-09-03,1.746537089,0,1.837082982,0,1.883957982,1.826249957,1.882707953,0,82636800
2014-09-04,1.740991354,0,1.831249952,0,1.877082944,1.817291975,1.84937501,0,82084800
2014-09-05,1.767928004,0,1.85958302,0,1.861250043,1.811041951,1.840000033,0,83227200
2014-09-08,1.776841164,0,1.868957996,0,1.882917047,1.843124986,1.85916698,0,70872000
2014-09-09,1.733663559,0,1.823541999,0,1.890208006,1.811874986,1.868749976,0,129393600
2014-09-10,1.773870468,0,1.865833044,0,1.86916697,1.814167023,1.830000043,0,72417600
2014-09-11,1.772483945,0,1.864374995,0,1.865417004,1.821666956,1.842916965,0,119318400
2014-09-12,1.744557023,0,1.835000038,0,1.859375,1.816874981,1.858332992,0,113740800
2014-09-15,1.692070007,0,1.779791951,0,1.841042042,1.764374971,1.840000033,0,128486400
2014-09-16,1.73782289,0,1.82791698,0,1.837082982,1.755208015,1.761041999,0,126892800
2014-09-17,1.746339202,0,1.836874962,0,1.860417008,1.803750038,1.826042056,0,113553600
2014-09-18,1.783971429,0,1.876458049,0,1.877082944,1.846667051,1.852499962,0,79512000
2014-09-19,1.7800107,0,1.872292042,0,1.901875019,1.850833058,1.901875019,0,110217600
2014-09-22,1.731682181,0,1.821457982,0,1.85958302,1.79708302,1.85958302,0,108177600
2014-09-23,1.716629505,0,1.805624962,0,1.830417037,1.794167042,1.798750043,0,100800000
2014-09-24,1.772286296,0,1.864166975,0,1.865625024,1.793125033,1.809792042,0,116582400
2014-09-25,1.659784675,0,1.745833039,0,1.852291942,1.74416697,1.844792008,0,212798400
2014-09-26,1.712866664,0,1.801666975,0,1.810417056,1.754791975,1.763749957,0,148252800
2014-09-29,1.707122445,0,1.795624971,0,1.808958054,1.744583011,1.747499943,0,114537600
2014-09-30,1.713460922,0,1.802291989,0,1.830000043,1.777083039,1.810417056,0,154094400
2014-10-01,1.631462097,0,1.716042042,0,1.791666985,1.699167013,1.788125038,0,213480000
2014-10-02,1.630669117,0,1.715208054,0,1.731042027,1.649999976,1.714166999,0,217972800
2014-10-03,1.679789424,0,1.766875029,0,1.78708303,1.727499962,1.745000005,0,153676800
2014-10-06,1.668302417,0,1.754791975,0,1.794999957,1.738541961,1.780416965,0,147307200
2014-10-07,1.597790956,0,1.680624962,0,1.74437499,1.679167032,1.729375005,0,163651200
2014-10-08,1.69008863,0,1.777708054,0,1.793125033,1.652500033,1.683958054,0,213129600
2014-10-09,1.605911613,0,1.689167023,0,1.783332944,1.682083011,1.770833015,0,223022400
2014-10-10,1.485685706,0,1.56270802,0,1.689375043,1.56270802,1.659582973,0,296428800
2014-10-13,1.416164875,0,1.489583015,0,1.591249943,1.486667037,1.556249976,0,273302400
2014-10-14,1.418740034,0,1.492292047,0,1.547708035,1.477916956,1.520208001,0,370809600
2014-10-15,1.388436317,0,1.460417032,0,1.480208039,1.359375,1.422917008,0,485097600
2014-10-16,1.366846561,0,1.43770802,0,1.471457958,1.367707968,1.36916697,0,335961600
2014-10-17,1.420324087,0,1.493957996,0,1.531875014,1.466042042,1.491458058,0,264350400
2014-10-20,1.481526017,0,1.558333039,0,1.561041951,1.481667042,1.488541961,0,154464000
2014-10-21,1.59739399,0,1.680207968,0,1.680207968,1.604166985,1.614374995,0,211699200
2014-10-22,1.572636962,0,1.654167056,0,1.702291965,1.650833011,1.696041942,0,187920000
2014-10-23,1.64453423,0,1.729791999,0,1.756042004,1.695207953,1.704167008,0,169886400
2014-10-24,1.682364225,0,1.769582987,0,1.773749948,1.71875,1.737082958,0,170563200
2014-10-27,1.688702464,0,1.776250005,0,1.783750057,1.738332987,1.760208011,0,138244800
2014-10-28,1.764165401,0,1.855625033,0,1.855625033,1.794999957,1.797917008,0,159686400
2014-10-29,1.742972016,0,1.833333015,0,1.850625038,1.794792056,1.836457968,0,179404800
2014-10-30,1.753866673,0,1.844792008,0,1.857707977,1.796875,1.808958054,0,161985600
2014-10-31,1.826159477,0,1.920832992,0,1.940417051,1.902708054,1.93770802,0,176371200
2014-11-03,1.84497571,0,1.940624952,0,1.953958035,1.923333049,1.930624962,0,140961600
2014-11-04,1.825367332,0,1.919999957,0,1.934167027,1.879583001,1.918957949,0,138648000
2014-11-05,1.825169802,0,1.919792056,0,1.957499981,1.899582982,1.955417037,0,138744000
2014-11-06,1.840816259,0,1.936249971,0,1.938750029,1.894374967,1.916875005,0,97272000
2014-11-07,1.836260676,0,1.931457996,0,1.950000048,1.902500033,1.947916985,0,110812800
2014-11-10,1.855077147,0,1.951249957,0,1.960000038,1.919167042,1.934167027,0,103372800
2014-11-11,1.872704983,0,1.969792008,0,1.970000029,1.937916994,1.954167008,0,105619200
2014-11-12,1.883004427,0,1.980625033,0,1.986875057,1.946666956,1.946666956,0,96201600
2014-11-13,1.907168388,0,2.006042004,0,2.028542042,1.97874999,1.991458058,0,182164800
2014-11-14,1.924795628,0,2.024583101,0,2.024583101,1.985000014,2.005000114,0,114816000
2014-11-17,1.906772017,0,2.00562501,0,2.024167061,1.978124976,2.010207891,0,141355200
2014-11-18,1.949554443,0,2.050625086,0,2.059375048,2.011667013,2.011874914,0,111820800
2014-11-19,1.924795628,0,2.024583101,0,2.044791937,1.995833039,2.044791937,0,148809600
2014-11-20,1.950345993,0,2.051457882,0,2.055624962,1.992707968,1.997707963,0,99556800
2014-11-21,1.964409232,0,2.066250086,0,2.11083293,2.043333054,2.105833054,0,152947200
2014-11-24,2.008775473,0,2.112916946,0,2.113749981,2.074167013,2.079999924,0,126206400
2014-11-25,2.015311956,0,2.119791985,0,2.139374971,2.104374886,2.120417118,0,151536000
2014-11-26,2.056509256,0,2.163125038,0,2.165416956,2.119791985,2.126667023,0,105633600
2014-11-28,2.087209702,0,2.195416927,0,2.206666946,2.175208092,2.180624962,0,72571200
2014-12-01,2.010162115,0,2.114375114,0,2.185832977,2.092499971,2.175208092,0,156187200
2014-12-02,2.031750679,0,2.137083054,0,2.153125048,2.109791994,2.124792099,0,129892800
2014-12-03,2.050171137,0,2.156457901,0,2.162292004,2.113957882,2.152292013,0,131942400
2014-12-04,2.04403162,0,2.150000095,0,2.175832987,2.123958111,2.146874905,0,154036800
2014-12-05,2.045417547,0,2.151458025,0,2.171041965,2.137291908,2.162708044,0,113630400
2014-12-08,2.001249313,0,2.105000019,0,2.162292004,2.071249962,2.133749962,0,169281600
2014-12-09,2.020659924,0,2.125416994,0,2.128541946,2.008749962,2.030208111,0,170688000
2014-12-10,1.922815204,0,2.022500038,0,2.128333092,2.013124943,2.112916946,0,134529600
2014-12-11,1.952921629,0,2.054167032,0,2.125,2.040208101,2.041666985,0,136032000
2014-12-12,1.888352036,0,1.986250043,0,2.063750029,1.985625029,1.993957996,0,153787200
2014-12-15,1.831705809,0,1.926666975,0,2.037916899,1.906875014,2.015832901,0,235948800
2014-12-16,1.740794063,0,1.831042051,0,1.972707987,1.830207944,1.888332963,0,212856000
2014-12-17,1.83428061,0,1.929375052,0,1.946666956,1.828125,1.834583044,0,182726400
2014-12-18,1.968766451,0,2.070832968,0,2.070832968,1.997917056,2.01416707,0,186744000
2014-12-19,1.990751028,0,2.093957901,0,2.122499943,2.0625,2.077083111,0,154828800
2014-12-22,2.009115934,0,2.112916946,0.000354,2.114583015,2.083542109,2.087291956,0,110457600
2014-12-23,1.98989892,0,2.092708111,0,2.13645792,2.082499981,2.136250019,0,115920000
2014-12-24,1.994059324,0,2.097083092,0,2.118957996,2.093333006,2.09937501,0,43982400
2014-12-26,2.03447175,0,2.139583111,0,2.152499914,2.112292051,2.112499952,0,86088000
2014-12-29,2.034868479,0,2.140000105,0,2.151667118,2.12916708,2.133749962,0,62328000
2014-12-30,1.992870688,0,2.095833063,0,2.134166956,2.086250067,2.118957996,0,123859200
2014-12-31,1.930469871,0,2.030208111,0,2.130208015,2.021042109,2.104374886,0,117091200
2015-01-02,1.914622664,0,2.013541937,0,2.086041927,1.982499957,2.059375048,0,122227200
2015-01-05,1.828449726,0,1.922917008,0,1.991667032,1.90625,1.984375,0,127017600
2015-01-06,1.755945563,0,1.846667051,0,1.941041946,1.820207953,1.929792047,0,168643200
2015-01-07,1.823496699,0,1.917708039,0,1.929999948,1.86916697,1.881875038,0,137467200
2015-01-08,1.927497983,0,2.02708292,0,2.038542032,1.960417032,1.967082977,0,144936000
2015-01-09,1.888473749,0,1.986042023,0,2.04833293,1.952291965,2.046041965,0,181420800
2015-01-12,1.83043015,0,1.924999952,0,2.004582882,1.909167051,1.999374986,0,165254400
2015-01-13,1.828845382,0,1.923333049,0,2.04124999,1.877082944,1.979375005,0,199708800
2015-01-14,1.800715566,0,1.893749952,0,1.919374943,1.840417027,1.862292051,0,216148800
2015-01-15,1.729201913,0,1.818542004,0,1.926041961,1.810624957,1.915416956,0,196012800
2015-01-16,1.790810347,0,1.883332968,0,1.887917042,1.800624967,1.809582949,0,141796800
2015-01-20,1.83043015,0,1.924999952,0,1.938958049,1.850833058,1.914999962,0,141892800
2015-01-21,1.858560205,0,1.954583049,0,1.980833054,1.888332963,1.907500029,0,133531200
2015-01-22,1.961966991,0,2.063333035,0,2.068749905,1.926666975,1.979166985,0,162657600
2015-01-23,1.975042462,0,2.077083111,0,2.095624924,2.044583082,2.063333035,0,142358400
2015-01-26,1.970684052,0,2.07249999,0,2.081249952,2.037916899,2.070832968,0,100804800
2015-01-27,1.818148017,0,1.91208303,0,1.975208044,1.888332963,1.973958015,0,223987200
2015-01-28,1.786849022,0,1.879166961,0,2.006249905,1.877917051,1.99979198,0,188928000
2015-01-29,1.838552833,0,1.933542013,0,1.942916989,1.825000048,1.872707963,0,176558400
2015-01-30,1.79635787,0,1.889166951,0,1.971874952,1.880416989,1.926874995,0,218222400
2015-02-02,1.843504906,0,1.938750029,0,1.941666961,1.812083006,1.899374962,0,198844800
2015-02-03,1.893822074,0,1.991667032,0,1.996458054,1.920416951,1.955000043,0,182332800
2015-02-04,1.888869047,0,1.986457944,0,2.026667118,1.954583049,1.966667056,0,124632000
2015-02-05,1.938988328,0,2.039166927,0,2.041874886,1.988332987,2.000624895,0,100324800
2015-02-06,1.903726578,0,2.002083063,0,2.061458111,1.979791999,2.047916889,0,123528000
2015-02-09,1.882728338,0,1.980000019,0,2.009582996,1.967707992,1.978124976,0,95793600
2015-02-10,1.972863913,0,2.074791908,0,2.08229208,2.005417109,2.016458035,0,119256000
2015-02-11,1.99505043,0,2.098124981,0,2.11083293,2.069582939,2.08229208,0,121852800
2015-02-12,2.064780951,0,2.171458006,0,2.172291994,2.128541946,2.135833025,0,153100800
2015-02-13,2.116880894,0,2.226249933,0,2.226666927,2.177083015,2.188750029,0,120897600
2015-02-17,2.122625351,0,2.232291937,0,2.236042023,2.209791899,2.225832939,0,82728000
2015-02-18,2.131737709,0,2.241874933,0,2.244582891,2.21458292,2.224792004,0,70478400
2015-02-19,2.163830042,0,2.27562499,0,2.278958082,2.235416889,2.236458063,0,75590400
2015-02-20,2.205430508,0,2.319375038,0,2.32395792,2.248749971,2.270207882,0,90772800
2015-02-23,2.214147329,0,2.328541994,0,2.328749895,2.301457882,2.317917109,0,78974400
2015-02-24,2.21870327,0,2.333333015,0,2.340208054,2.297291994,2.318332911,0,104601600
2015-02-25,2.20087409,0,2.314583063,0,2.348541975,2.299375057,2.321042061,0,112550400
2015-02-26,2.234353542,0,2.349792004,0,2.352708101,2.302083015,2.321249962,0,116337600
2015-02-27,2.204836607,0,2.318749905,0,2.351249933,2.307499886,2.347083092,0,88790400
2015-03-02,2.264266253,0,2.381249905,0,2.383125067,2.330208063,2.331249952,0,89044800
2015-03-03,2.231777191,0,2.347083092,0,2.366874933,2.302917004,2.360416889,0,128390400
2015-03-04,2.20701623,0,2.321042061,0,2.334374905,2.281874895,2.324791908,0,116640000
2015-03-05,2.21672225,0,2.331249952,0,2.353125095,2.304167032,2.338749886,0,92347200
2015-03-06,2.140455246,0,2.251041889,0,2.337291956,2.235208035,2.324583054,0,149726400
2015-03-09,2.161056757,0,2.272707939,0,2.288749933,2.23854208,2.26708293,0,113270400
2015-03-10,2.041405201,0,2.146874905,0,2.223958015,2.145833015,2.222707987,0,191966400
2015-03-11,2.005550146,0,2.109167099,0,2.162708044,2.106250048,2.152708054,0,223152000
2015-03-12,2.043980837,0,2.149583101,0,2.157291889,2.09937501,2.103125095,0,122390400
2015-03-13,2.0176332,0,2.121875048,0,2.169374943,2.081666946,2.143958092,0,198115200
2015-03-16,2.094891787,0,2.203125,0,2.204166889,2.138333082,2.145416975,0,114960000
2015-03-17,2.106580019,0,2.215416908,0,2.223958015,2.169791937,2.184166908,0,97363200
2015-03-18,2.167197943,0,2.279166937,0,2.308749914,2.161458015,2.196458101,0,167822400
2015-03-19,2.177696466,0,2.290208101,0,2.307291985,2.276041985,2.287082911,0,111384000
2015-03-20,2.222863197,0,2.337707996,0,2.367291927,2.332707882,2.344791889,0,104812800
2015-03-23,2.204242229,0,2.31812501,0,2.348958015,2.317917109,2.330416918,0,99235200
2015-03-24,2.181857347,0,2.294583082,0,2.350832939,2.293333054,2.317708015,0,92980800
2015-03-25,2.029722214,0,2.134375095,0.000229,2.310208082,2.134375095,2.306457996,0,175886400
2015-03-26,2.013080359,0,2.116874933,0,2.15062499,2.062707901,2.084167004,0,196560000
2015-03-27,2.032495499,0,2.137291908,0,2.154582977,2.103957891,2.112708092,0,98544000
2015-03-30,2.105601788,0,2.214167118,0,2.218333006,2.178957939,2.180417061,0,151214400
2015-03-31,2.040420532,0,2.145625114,0,2.208125114,2.141458035,2.193958044,0,124507200
2015-04-01,2.00594759,0,2.109375,0,2.142708063,2.067708015,2.142708063,0,175876800
2015-04-02,2.009315968,0,2.112916946,0,2.133332968,2.092708111,2.11354208,0,110577600
2015-04-06,2.057657003,0,2.163749933,0,2.182082891,2.066041946,2.074791908,0,150945600
2015-04-07,2.048146486,0,2.153749943,0,2.208333015,2.153542042,2.161041975,0,114691200
2015-04-08,2.096884012,0,2.204999924,0,2.213541985,2.154582977,2.155416965,0,169142400
2015-04-09,2.13591361,0,2.246042013,0,2.247708082,2.178957939,2.202917099,0,110928000
2015-04-10,2.161471128,0,2.272917032,0,2.273750067,2.228957891,2.245625019,0,113385600
2015-04-13,2.145423412,0,2.256042004,0,2.312916994,2.248125076,2.278958082,0,115200000
2015-04-14,2.126998186,0,2.236666918,0,2.267916918,2.198542118,2.251041889,0,168974400
2015-04-15,2.16463995,0,2.276249886,0,2.292500019,2.24583292,2.255832911,0,95356800
2015-04-16,2.157111883,0,2.268332958,0,2.280416965,2.250207901,2.260833025,0,90888000
2015-04-17,2.056269884,0,2.162292004,0,2.222291946,2.133749962,2.203749895,0,186427200
2015-04-20,2.14819622,0,2.258958101,0,2.270625114,2.192082882,2.195625067,0,142195200
2015-04-21,2.175734997,0,2.287916899,0,2.309999943,2.280416965,2.299166918,0,127387200
2015-04-22,2.211000204,0,2.325000048,0,2.336457968,2.261874914,2.305624962,0,121915200
2015-04-23,2.237548113,0,2.352916956,0,2.382916927,2.300625086,2.302917004,0,131001600
2015-04-24,2.325115919,0,2.444999933,0,2.456875086,2.414999962,2.425416946,0,142416000
2015-04-27,2.310257435,0,2.429374933,0,2.488125086,2.413125038,2.474999905,0,161160000
2015-04-28,2.295200586,0,2.413542032,0,2.447916985,2.353125095,2.434166908,0,171753600
2015-04-29,2.251415968,0,2.367500067,0,2.415416956,2.329375029,2.373125076,0,193953600
2015-04-30,2.1456213,0,2.256249905,0,2.357291937,2.221041918,2.328125,0,308169600
2015-05-01,2.232396841,0,2.347500086,0,2.349582911,2.28125,2.282083035,0,190012800
2015-05-04,2.240320921,0,2.355833054,0,2.40062499,2.353125095,2.366874933,0,131971200
2015-05-05,2.134130239,0,2.244167089,0,2.34229207,2.23854208,2.329375029,0,280694400
2015-05-06,2.088563681,0,2.196249962,0,2.272917032,2.150207996,2.253541946,0,213398400
2015-05-07,2.124422073,0,2.233958006,0,2.252500057,2.188333035,2.193958044,0,168619200
2015-05-08,2.202282667,0,2.315833092,0,2.33229208,2.292917013,2.303333044,0,178377600
2015-05-11,2.178112984,0,2.290416956,0,2.336667061,2.285832882,2.322292089,0,139027200
2015-05-12,2.14997983,0,2.260833025,0,2.293957949,2.198124886,2.249375105,0,190334400
2015-05-13,2.161074162,0,2.272500038,0,2.324167013,2.263124943,2.290208101,0,132499200
2015-05-14,2.256765366,0,2.373125076,0,2.377917051,2.303333044,2.329375029,0,176832000
2015-05-15,2.256567717,0,2.372916937,0,2.400417089,2.355000019,2.391875029,0,146505600
2015-05-18,2.284303427,0,2.40208292,0,2.416874886,2.355417013,2.361249924,0,110587200
2015-05-19,2.277765989,0,2.395207882,0,2.421667099,2.383958101,2.411458015,0,98577600
2015-05-20,2.281530857,0,2.399167061,0,2.442291975,2.361875057,2.40062499,0,111264000
2015-05-21,2.31738925,0,2.436875105,0,2.446042061,2.376667023,2.387500048,0,92222400
2015-05-22,2.3110497,0,2.430207968,0,2.455625057,2.423749924,2.428541899,0,79819200
2015-05-26,2.231010914,0,2.346041918,0,2.422916889,2.317082882,2.412916899,0,140457600
2015-05-27,2.338390112,0,2.458957911,0,2.466249943,2.351875067,2.366457939,0,134289600
2015-05-28,2.321153164,0,2.440833092,0,2.461250067,2.419374943,2.443958044,0,90643200
2015-05-29,2.281926394,0,2.399583101,0,2.447292089,2.381666899,2.436666965,0,106060800
2015-06-01,2.301936626,0,2.420624971,0,2.441457987,2.363332987,2.437292099,0,137160000
2015-06-02,2.28093648,0,2.398541927,0,2.434375048,2.359791994,2.395207882,0,131462400
2015-06-03,2.30094552,0,2.419583082,0,2.44749999,2.402916908,2.432708025,0,117067200
2015-06-04,2.250822067,0,2.366874933,0,2.425416946,2.342916965,2.380000114,0,185702400
2015-06-05,2.23378396,0,2.348958015,0,2.373125076,2.305624962,2.356457949,0,138590400
2015-06-08,2.165432453,0,2.27708292,0,2.349999905,2.262707949,2.344374895,0,144422400
2015-06-09,2.154734135,0,2.265832901,0,2.289582968,2.213958025,2.260416985,0,153000000
2015-06-10,2.240123034,0,2.355624914,0,2.377500057,2.280833006,2.287916899,0,154766400
2015-06-11,2.252407551,0,2.368541956,0,2.40062499,2.355624914,2.380832911,0,117081600
2015-06-12,2.195150852,0,2.30833292,0,2.344791889,2.300625086,2.329792023,0,120897600
2015-06-15,2.164838076,0,2.276458025,0,2.286041975,2.218333006,2.257916927,0,200884800
2015-06-16,2.197923899,0,2.311249971,0,2.323124886,2.264583111,2.266249895,0,101265600
2015-06-17,2.216348886,0,2.330625057,0,2.353542089,2.286458015,2.32395792,0,168388800
2015-06-18,2.310060263,0,2.429167032,0,2.444166899,2.348750114,2.350208044,0,162628800
2015-06-19,2.274793863,0,2.39208293,0,2.442500114,2.39208293,2.43604207,0,84628800
2015-06-22,2.329673052,0,2.449791908,0,2.471457958,2.433542013,2.449791908,0,131716800
2015-06-23,2.335417986,0,2.455832958,0,2.462500095,2.424792051,2.458333015,0,114907200
2015-06-24,2.299558878,0,2.418124914,0,2.477499962,2.415832996,2.446458101,0,84902400
2015-06-25,2.284502268,0,2.402292013,0,2.452708006,2.391041994,2.445208073,0,85204800
2015-06-26,2.242104292,0,2.357707977,0,2.41770792,2.328332901,2.400207996,0,131904000
2015-06-29,2.083610058,0,2.191041946,0,2.31666708,2.186458111,2.274583101,0,273744000
2015-06-30,2.107384205,0,2.216042042,0,2.251041889,2.191457987,2.236666918,0,176793600
2015-07-01,2.150574207,0,2.26145792,0,2.290416956,2.233333111,2.276041985,0,141624000
2015-07-02,2.158696413,0,2.269999981,0,2.289166927,2.245208025,2.281874895,0,105523200
2015-07-06,2.14046979,0,2.250833035,0,2.288542032,2.208333015,2.223124981,0,131808000
2015-07-07,2.151366711,0,2.262291908,0,2.272917032,2.133542061,2.257292032,0,250329600
2015-07-08,2.043589592,0,2.148957968,0,2.225832939,2.135833025,2.21729207,0,184881600
2015-07-09,2.037646532,0,2.142708063,0,2.237916946,2.142708063,2.235625029,0,125260800
2015-07-10,2.132347584,0,2.242291927,0,2.266666889,2.205832958,2.224999905,0,123259200
2015-07-13,2.241312265,0,2.356874943,0,2.365833044,2.298542023,2.298958063,0,104860800
2015-07-14,2.286285639,0,2.404166937,0,2.425208092,2.366457939,2.370208025,0,102201600
2015-07-15,2.297181845,0,2.415625095,0,2.44166708,2.393332958,2.417917013,0,119140800
2015-07-16,2.386928797,0,2.50999999,0,2.516666889,2.459167004,2.473958015,0,139680000
2015-07-17,2.496093035,0,2.624792099,0,2.625,2.564374924,2.576041937,0,143328000
2015-07-20,2.524027348,0,2.654166937,0,2.682917118,2.619582891,2.646667004,0,95889600
2015-07-21,2.517092705,0,2.646874905,0,2.668957949,2.625833035,2.658333063,0,87408000
2015-07-22,2.434477568,0,2.559999943,0,2.596874952,2.527499914,2.527916908,0,108388800
2015-07-23,2.405354738,0,2.529375076,0,2.591249943,2.510416985,2.567500114,0,96782400
2015-07-24,2.337002993,0,2.457499981,0,2.574791908,2.445416927,2.568958044,0,106473600
2015-07-27,2.276973009,0,2.394375086,0,2.445625067,2.37916708,2.413749933,0,120624000
2015-07-28,2.337002993,0,2.457499981,0,2.471041918,2.36937499,2.428541899,0,155596800
2015-07-29,2.36315465,0,2.484999895,0,2.500624895,2.444166899,2.471874952,0,121737600
2015-07-30,2.396042109,0,2.519582987,0,2.531666994,2.422916889,2.46729207,0,137044800
2015-07-31,2.388712883,0,2.511874914,0,2.546875,2.494582891,2.54270792,0,109036800
2015-08-03,2.366721392,0,2.488749981,0,2.532500029,2.4375,2.513333082,0,147734400
2015-08-04,2.351465702,0,2.472707987,0,2.496249914,2.441250086,2.481667042,0,141350400
2015-08-05,2.406542778,0,2.530625105,0,2.578749895,2.50562501,2.513750076,0,127411200
2015-08-06,2.291040421,0,2.409167051,0,2.546667099,2.374375105,2.535624981,0,175296000
2015-08-07,2.281926394,0,2.399583101,0,2.416042089,2.339167118,2.390625,0,160176000
2015-08-10,2.358994246,0,2.480624914,0,2.496666908,2.444792032,2.444792032,0,133804800
2015-08-11,2.269049406,0,2.386042118,0,2.47020793,2.345417023,2.440624952,0,173289600
2015-08-12,2.289058447,0,2.407083035,0,2.424375057,2.260207891,2.337917089,0,224347200
2015-08-13,2.278756618,0,2.39625001,0,2.451041937,2.382499933,2.416666985,0,140659200
2015-08-14,2.291040421,0,2.409167051,0,2.418750048,2.367083073,2.380208015,0,145982400
2015-08-17,2.347305059,0,2.468333006,0,2.47020793,2.372916937,2.390625,0,125356800
2015-08-18,2.309860945,0,2.428957939,0,2.46458292,2.421250105,2.454375029,0,108998400
2015-08-19,2.266473532,0,2.383332968,0,2.446666956,2.340832949,2.40625,0,235516800
2015-08-20,2.079844952,0,2.187083006,0,2.338958025,2.183542013,2.31666708,0,300019200
2015-08-21,1.821103215,0,1.914999962,0,2.146874905,1.914999962,2.09375,0,380289600
2015-08-24,1.60535264,0,1.688125014,0,1.905833006,1.360417008,1.563542008,0,392716800
2015-08-25,1.584153652,0,1.665832996,0,1.898542047,1.658332944,1.864583015,0,289665600
2015-08-26,1.812782407,0,1.90625,0,1.920207977,1.701457977,1.808125019,0,285019200
2015-08-27,1.954436302,0,2.055207968,0,2.059375048,1.923542023,1.995833039,0,485952000
2015-08-28,1.95285213,0,2.053541899,0,2.075000048,2.009166956,2.022500038,0,214094400
2015-08-31,1.880340695,0,1.977291942,0,2.053124905,1.962499976,2.01979208,0,206870400
2015-09-01,1.709761262,0,1.797917008,0,1.919374943,1.767292023,1.828750014,0,313862400
2015-09-02,1.848840237,0,1.944167018,0,1.944167018,1.826874971,1.889166951,0,180278400
2015-09-03,1.818329573,0,1.91208303,0,2.005832911,1.898332953,1.967916965,0,223224000
2015-09-04,1.757507443,0,1.848124981,0,1.884166956,1.814375043,1.835417032,0,279643200
2015-09-08,1.906690478,0,2.005000114,0,2.009375095,1.929792047,1.95291698,0,225350400
2015-09-09,1.840320468,0,1.935207963,0,2.074791908,1.919167042,2.073750019,0,281284800
2015-09-10,1.899161577,0,1.997082949,0,2.036041975,1.920416951,1.927291989,0,247161600
2015-09-11,1.929870367,0,2.029375076,0,2.029375076,1.953125,1.970417023,0,189720000
2015-09-14,1.912634015,0,2.011250019,0,2.052707911,1.989166975,2.052083015,0,176664000
2015-09-15,1.979399562,0,2.081458092,0,2.101875067,2.00416708,2.026249886,0,152654400
2015-09-16,2.012485504,0,2.116250038,0,2.123958111,2.0625,2.085624933,0,140414400
2015-09-17,2.018032551,0,2.122082949,0,2.215625048,2.09375,2.113957882,0,242361600
2015-09-18,1.932644129,0,2.032291889,0,2.104583025,2.020207882,2.024791956,0,272342400
2015-09-21,1.94908762,0,2.049582958,0,2.099167109,1.994791985,2.063333035,0,200313600
2015-09-22,1.863105059,0,1.959167004,0,1.977082968,1.901666999,1.954792023,0,283795200
2015-09-23,1.866076469,0,1.962291956,0,1.988332987,1.931249976,1.972916961,0,223761600
2015-09-24,1.844480872,0,1.939582944,0,1.962082982,1.854166985,1.904374957,0,293836800
2015-09-25,1.799706459,0,1.892500043,0,2.008125067,1.854791999,2.005417109,0,283824000
2015-09-28,1.644580126,0,1.729375005,0,1.869583011,1.712707996,1.866250038,0,360057600
2015-09-29,1.620211363,0,1.703750014,0,1.794792056,1.664999962,1.741875052,0,365750400
2015-09-30,1.72739315,0,1.816457987,0,1.825000048,1.754166961,1.774582982,0,333864000
2015-10-01,1.751563787,0,1.841874957,0,1.843124986,1.75583303,1.82791698,0,219264000
2015-10-02,1.842500091,0,1.9375,0,1.939792037,1.75,1.767917037,0,317404800
2015-10-05,1.926501989,0,2.025832891,0,2.038332939,1.970000029,1.982707977,0,208152000
2015-10-06,1.898963809,0,1.996875048,0,2.028749943,1.946457982,2.011042118,0,230121600
2015-10-07,1.929473758,0,2.028958082,0,2.043124914,1.95333302,2.032500029,0,253108800
2015-10-08,1.953050137,0,2.053750038,0,2.064583063,1.948125005,2.007292032,0,291873600
2015-10-09,1.976824999,0,2.078749895,0,2.09375,2.040208101,2.056457996,0,175224000
2015-10-12,1.993466496,0,2.096250057,0,2.108541965,2.071458101,2.094583035,0,152539200
2015-10-13,1.954436302,0,2.055207968,0,2.124375105,2.049999952,2.060416937,0,212966400
2015-10-14,1.946115613,0,2.046458006,0,2.086874962,2.019999981,2.055833101,0,183331200
2015-10-15,2.04121232,0,2.146457911,0,2.146874905,2.060625076,2.068542004,0,214569600
2015-10-16,2.066572189,0,2.173125029,0,2.177083015,2.12916708,2.160624981,0,132643200
2015-10-19,2.103620052,0,2.212083101,0,2.215625048,2.151041985,2.163125038,0,163622400
2015-10-20,2.068751335,0,2.175416946,0,2.213541985,2.154582977,2.198750019,0,145252800
2015-10-21,2.035467625,0,2.140417099,0,2.215832949,2.134166956,2.209583044,0,176496000
2015-10-22,2.156121254,0,2.267292023,0,2.272707939,2.175625086,2.193958044,0,259752000
2015-10-23,2.335417986,0,2.455832958,0,2.485625029,2.413542032,2.450207949,0,204057600
2015-10-26,2.342352867,0,2.46312499,0,2.476666927,2.424999952,2.452708006,0,119889600
2015-10-27,2.357608318,0,2.479166985,0,2.487916946,2.441041946,2.44312501,0,104462400
2015-10-28,2.412288427,0,2.536667109,0,2.538332939,2.428957939,2.490417004,0,208958400
2015-10-29,2.403373718,0,2.527292013,0,2.539582968,2.496458054,2.503750086,0,99825600
2015-10-30,2.370485306,0,2.492707968,0,2.543750048,2.492500067,2.530625105,0,120072000
2015-11-02,2.451317072,0,2.577708006,0,2.586041927,2.497292042,2.511250019,0,110601600
2015-11-03,2.474695921,0,2.602292061,0,2.632082939,2.549999952,2.561875105,0,123624000
2015-11-04,2.475685596,0,2.603332996,0,2.635416985,2.572292089,2.628124952,0,145833600
2015-11-05,2.453892946,0,2.580416918,0,2.630417109,2.542917013,2.611249924,0,142252800
2015-11-06,2.462015867,0,2.588958025,0,2.597291946,2.518542051,2.569582939,0,136248000
2015-11-09,2.382768631,0,2.50562501,0,2.569375038,2.457916975,2.558958054,0,151315200
2015-11-10,2.365929127,0,2.487916946,0,2.493124962,2.443749905,2.465625048,0,98721600
2015-11-11,2.355428457,0,2.476875067,0,2.54270792,2.46458292,2.506875038,0,100828800
2015-11-12,2.287077188,0,2.404999971,0,2.482291937,2.399583101,2.444999933,0,137928000
2015-11-13,2.152555704,0,2.263541937,0,2.381875038,2.259582996,2.374792099,0,197697600
2015-11-16,2.242303133,0,2.35791707,0,2.361458063,2.240207911,2.256042004,0,185544000
2015-11-17,2.250029564,0,2.366041899,0,2.415832996,2.346874952,2.372292042,0,221414400
2015-11-18,2.379004478,0,2.501667023,0,2.508332968,2.38645792,2.392708063,0,196276800
2015-11-19,2.38257122,0,2.505417109,0,2.540416956,2.492500067,2.505832911,0,103958400
2015-11-20,2.429919958,0,2.555207968,0,2.5625,2.534167051,2.540416956,0,101995200
2015-11-23,2.410306931,0,2.534583092,0,2.587500095,2.502291918,2.55833292,0,112876800
2015-11-24,2.402778864,0,2.526667118,0,2.545624971,2.446458101,2.485416889,0,132494400
2015-11-25,2.408128262,0,2.532291889,0,2.54833293,2.518749952,2.536458015,0,55977600
2015-11-27,2.416844606,0,2.541457891,0,2.559999943,2.518749952,2.550416946,0,27206400
2015-11-30,2.401590347,0,2.525417089,0,2.567291975,2.500416994,2.566874981,0,93273600
2015-12-01,2.47291255,0,2.600416899,0,2.600416899,2.545624971,2.553750038,0,117043200
2015-12-02,2.427939415,0,2.553124905,0,2.640417099,2.539792061,2.605417013,0,122092800
2015-12-03,2.304115534,0,2.422916889,0,2.584791899,2.378333092,2.573333025,0,225912000
2015-12-04,2.462412596,0,2.589375019,0,2.604166985,2.429167032,2.443542004,0,173289600
2015-12-07,2.432297945,0,2.557708025,0,2.601875067,2.51979208,2.597083092,0,138451200
2015-12-08,2.432496786,0,2.557917118,0,2.581458092,2.473541975,2.476666927,0,162600000
2015-12-09,2.319172621,0,2.438750029,0,2.565000057,2.395207882,2.521667004,0,289732800
2015-12-10,2.352059603,0,2.473332882,0,2.521667004,2.434999943,2.456458092,0,162926400
2015-12-11,2.190791845,0,2.303750038,0,2.406874895,2.29833293,2.387707949,0,294873600
2015-12-14,2.239925861,0,2.355417013,0,2.357500076,2.214167118,2.313750029,0,232344000
2015-12-15,2.277964354,0,2.395416975,0,2.458125114,2.388750076,2.415832996,0,191558400
2015-12-16,2.378607988,0,2.501250029,0,2.516041994,2.372916937,2.446042061,0,196512000
2015-12-17,2.279548883,0,2.397083044,0,2.536667109,2.393958092,2.534583092,0,189513600
2015-12-18,2.154338837,0,2.265417099,0,2.388124943,2.260416985,2.371249914,0,204955200
2015-12-21,2.218329668,0,2.332707882,0,2.332916975,2.270625114,2.321458101,0,128059200
2015-12-22,2.260331154,0,2.376874924,0,2.387291908,2.331875086,2.369167089,0,134044800
2015-12-23,2.312040806,0,2.431250095,0,2.434999943,2.401041985,2.414166927,0,109896000
2015-12-24,2.307286024,0,2.426249981,0,2.448750019,2.424999952,2.429167032,0,48480000
2015-12-28,2.30669117,0,2.425625086,0,2.425625086,2.358124971,2.409167051,0,102672000
2015-12-29,2.411892414,0,2.536250114,0,2.554583073,2.462707996,2.467708111,0,145305600
2015-12-30,2.350276947,0,2.471457958,0,2.534791946,2.469583035,2.531666994,0,89592000
2015-12-31,2.263105392,0,2.379791975,0,2.457707882,2.377083063,2.444582939,0,175905600
2016-01-04,2.124818563,0,2.234375,0,2.234375,2.140417099,2.221250057,0,265867200
2016-01-05,2.10579896,0,2.214375019,0,2.269375086,2.184166908,2.260416985,0,132326400
2016-01-06,2.049335957,0,2.154999971,0,2.188541889,2.100832939,2.10374999,0,243787200
2016-01-07,1.854387283,0,1.950000048,0,2.09375,1.947082996,2.014583111,0,340348800
2016-01-08,1.810602784,0,1.903957963,0,2.028542042,1.895208001,1.992292047,0,331819200
2016-01-11,1.826452374,0,1.920624971,0,1.95895803,1.831249952,1.943542004,0,336177600
2016-01-12,1.888067722,0,1.985417008,0,2.015208006,1.904167056,1.972291946,0,317520000
2016-01-13,1.690543175,0,1.777708054,0,2.023333073,1.770833015,2.009375095,0,413400000
2016-01-14,1.799904227,0,1.892707944,0,1.940624952,1.714583039,1.800207973,0,363417600
2016-01-15,1.634475708,0,1.71875,0,1.777083039,1.644374967,1.703750014,0,564715200
2016-01-19,1.641410351,0,1.726042032,0,1.794167042,1.666875005,1.786041975,0,259228800
2016-01-20,1.626551509,0,1.710417032,0,1.766250014,1.532083035,1.644999981,0,554697600
2016-01-21,1.632494926,0,1.716667056,0,1.791875005,1.663750052,1.731874943,0,338112000
2016-01-22,1.773158431,0,1.864583015,0,1.867499948,1.802291989,1.817708015,0,286881600
2016-01-25,1.693317056,0,1.780624986,0,1.876875043,1.777083039,1.847916961,0,277084800
2016-01-26,1.741657376,0,1.831457973,0,1.853124976,1.757917047,1.804167032,0,243038400
2016-01-27,1.612088203,0,1.695207953,0,1.821041942,1.670832992,1.798125029,0,358315200
2016-01-28,1.675684094,0,1.762083054,0,1.779167056,1.677291989,1.774791956,0,315571200
2016-01-29,1.784847736,0,1.876875043,0,1.876875043,1.761458039,1.766041994,0,257716800
2016-02-01,1.794952035,0,1.887500048,0,1.911249995,1.826042056,1.846250057,0,228240000
2016-02-02,1.681033254,0,1.767707944,0,1.86520803,1.750416994,1.86520803,0,256867200
2016-02-03,1.657259345,0,1.742707968,0,1.801458001,1.648749948,1.801041961,0,471302400
2016-02-04,1.654287219,0,1.739583015,0,1.782292008,1.680207968,1.725417018,0,284035200
2016-02-05,1.484104156,0,1.560624957,0,1.72458303,1.54124999,1.722916961,0,429777600
2016-02-08,1.416347861,0,1.489374995,0,1.507917047,1.402917027,1.473541975,0,514963200
2016-02-09,1.399903536,0,1.472082973,0,1.541458011,1.421249986,1.427917004,0,459494400
2016-02-10,1.416545391,0,1.489583015,0,1.581666946,1.487292051,1.526041985,0,375528000
2016-02-11,1.413178205,0,1.486042023,0,1.518957973,1.420416951,1.433333039,0,477076800
2016-02-12,1.47340548,0,1.549375057,0,1.555832982,1.492082953,1.532500029,0,316430400
2016-02-16,1.571474195,0,1.652500033,0,1.652500033,1.591042042,1.621250033,0,299313600
2016-02-17,1.68004334,0,1.766667008,0,1.77562499,1.679167032,1.694375038,0,365232000
2016-02-18,1.622985244,0,1.706666946,0,1.786041975,1.701042056,1.785416961,0,257899200
2016-02-19,1.639825106,0,1.72437501,0,1.738749981,1.671249986,1.68729198,0,238934400
2016-02-22,1.717288852,0,1.805832982,0,1.811874986,1.766250014,1.77125001,0,248265600
2016-02-23,1.631702065,0,1.715832949,0,1.789374948,1.714166999,1.773957968,0,267825600
2016-02-24,1.680241227,0,1.766875029,0,1.772917032,1.625833035,1.657708049,0,350558400
2016-02-25,1.726600885,0,1.815624952,0,1.817708015,1.730208039,1.778542042,0,259598400
2016-02-26,1.722638011,0,1.811457992,0,1.861457944,1.799167037,1.857082963,0,248577600
2016-02-29,1.677071691,0,1.763542056,0,1.847707987,1.763542056,1.807291985,0,229968000
2016-03-01,1.837547421,0,1.932291985,0,1.932708025,1.797500014,1.811874986,0,311136000
2016-03-02,1.839528322,0,1.934375048,0,1.936457992,1.889791965,1.924999952,0,193972800
2016-03-03,1.829226732,0,1.923542023,0,1.931041956,1.882707953,1.929375052,0,206596800
2016-03-04,1.83239615,0,1.926874995,0,1.963750005,1.888124943,1.930832982,0,237844800
2016-03-07,1.798319936,0,1.891041994,0,1.930624962,1.84937501,1.896875024,0,189124800
2016-03-08,1.75077188,0,1.841042042,0,1.901041985,1.83375001,1.850833058,0,212563200
2016-03-09,1.784253597,0,1.876250029,0,1.879583001,1.833333015,1.865833044,0,208344000
2016-03-10,1.777517796,0,1.86916697,0,1.934582949,1.797291994,1.90625,0,343454400
2016-03-11,1.869642377,0,1.966042042,0,1.968124986,1.913125038,1.929582953,0,169660800
2016-03-14,1.880538583,0,1.977499962,0,1.992082953,1.943958044,1.946249962,0,157166400
2016-03-15,1.879350305,0,1.976250052,0,1.981667042,1.93770802,1.957499981,0,193118400
2016-03-16,1.927294731,0,2.026667118,0,2.043541908,1.95875001,1.95875001,0,176457600
2016-03-17,1.921747327,0,2.020833015,0,2.038958073,1.987707973,2.011250019,0,127507200
2016-03-18,1.932841897,0,2.032500029,0,2.049582958,2.002291918,2.037499905,0,147537600
2016-03-21,1.955824256,0,2.056667089,0,2.063541889,2.01979208,2.023750067,0,136008000
2016-03-22,1.973258376,0,2.075000048,0,2.090625048,2.021457911,2.023333073,0,127214400
2016-03-23,1.926304102,0,2.02562499,0,2.068542004,2.01145792,2.06395793,0,154454400
2016-03-24,1.925710082,0,2.025000095,0,2.028749943,1.985417008,1.992707968,0,127022400
2016-03-28,1.918775558,0,2.017708063,0,2.045833111,2.007916927,2.04541707,0,129384000
2016-03-29,2.010504961,0,2.114166975,0,2.118750095,1.996875048,2.006666899,0,179793600
2016-03-30,2.040618181,0,2.145833015,0,2.185625076,2.132082939,2.152708054,0,209884800
2016-03-31,2.028730392,0,2.133332968,0,2.164999962,2.12645793,2.141041994,0,118521600
2016-04-01,2.096289873,0,2.204375029,0,2.206875086,2.088958025,2.100832939,0,163022400
2016-04-04,2.070335388,0,2.177083015,0,2.208333015,2.163958073,2.201041937,0,136632000
2016-04-05,2.014665127,0,2.118541956,0,2.152499914,2.107500076,2.127291918,0,146841600
2016-04-06,2.111148596,0,2.220000029,0,2.221667051,2.122916937,2.125,0,182088000
2016-04-07,2.020014286,0,2.124166965,0,2.19312501,2.096457958,2.182291985,0,252225600
2016-04-08,2.015259743,0,2.119167089,0,2.177707911,2.097083092,2.162708044,0,166243200
2016-04-11,1.993664026,0,2.096457958,0,2.178124905,2.094791889,2.146667004,0,137059200
2016-04-12,2.040222883,0,2.145416975,0,2.160000086,2.061249971,2.100416899,0,182424000
2016-04-13,2.119866133,0,2.229166985,0,2.239792109,2.18895793,2.197707891,0,162182400
2016-04-14,2.121252298,0,2.230624914,0,2.255208015,2.21312499,2.229792118,0,111240000
2016-04-15,2.105006456,0,2.213541985,0,2.239166975,2.196666956,2.223332882,0,83092800
2016-04-18,2.136111021,0,2.246249914,0,2.250833035,2.190833092,2.195208073,0,101462400
2016-04-19,2.099261284,0,2.207499981,0,2.270833015,2.171875,2.268749952,0,158582400
2016-04-20,2.104413033,0,2.212917089,0,2.242707968,2.184166908,2.20458293,0,107769600
2016-04-21,2.105006456,0,2.213541985,0,2.236666918,2.183542013,2.211667061,0,133473600
2016-04-22,2.009711742,0,2.113332987,0,2.157291889,2.062083006,2.128541946,0,201321600
2016-04-25,2.008127689,0,2.111666918,0,2.112916946,2.081875086,2.090208054,0,96950400
2016-04-26,1.980588555,0,2.082707882,0,2.136874914,2.062916994,2.123958111,0,109315200
2016-04-27,1.933039665,0,2.03270793,0,2.045624971,1.980417013,2.019582987,0,183004800
2016-04-28,1.864491224,0,1.960625052,0,2.074374914,1.946666956,2.039375067,0,160771200
2016-04-29,1.83477366,0,1.929375052,0,1.970000029,1.881250024,1.953958035,0,191260800
2016-05-02,1.883312941,0,1.980417013,0,1.989374995,1.917708039,1.941457987,0,118017600
2016-05-03,1.833188295,0,1.92770803,0,1.965000033,1.909999967,1.938958049,0,145963200
2016-05-04,1.796932459,0,1.889582992,0,1.91187501,1.874583006,1.892292023,0,155145600
2016-05-05,1.795942903,0,1.888542056,0,1.92166698,1.87520802,1.907500029,0,143976000
2016-05-06,1.82189548,0,1.915832996,0,1.917500019,1.853124976,1.858332992,0,156849600
2016-05-09,1.837942839,0,1.932708025,0,1.95895803,1.914999962,1.917708039,0,118540800
2016-05-10,1.915011764,0,2.013750076,0,2.015000105,1.94333303,1.95333302,0,116481600
2016-05-11,1.862707973,0,1.95875001,0,2.021667004,1.955832958,2.003957987,0,127065600
2016-05-12,1.836556554,0,1.931249976,0,1.977707982,1.89083302,1.974166989,0,184742400
2016-05-13,1.814367652,0,1.907917023,0,1.961666942,1.898957968,1.929999948,0,155966400
2016-05-16,1.884302855,0,1.981457949,0,2.002500057,1.913542032,1.915624976,0,117292800
2016-05-17,1.811990499,0,1.905416965,0,1.993124962,1.891458035,1.979166985,0,187228800
2016-05-18,1.832593799,0,1.927083015,0,1.958124995,1.881667018,1.894791961,0,237969600
2016-05-19,1.803669333,0,1.896667004,0,1.919582963,1.855208039,1.903542042,0,254097600
2016-05-20,1.863896966,0,1.960000038,0,1.982499957,1.916458011,1.919792056,0,125352000
2016-05-23,1.854783654,0,1.950417042,0,1.987082958,1.946457982,1.965000033,0,86928000
2016-05-24,1.968306184,0,2.069792032,0,2.076041937,1.982499957,1.983958006,0,150004800
2016-05-25,2.010702848,0,2.114375114,0,2.132292032,2.081875086,2.093542099,0,140846400
2016-05-26,2.027542353,0,2.132082939,0,2.139791965,2.104583025,2.121458054,0,95270400
2016-05-27,2.058053017,0,2.164166927,0,2.165832996,2.135416985,2.135624886,0,107140800
2016-05-31,2.070335388,0,2.177083015,0,2.187292099,2.14479208,2.17604208,0,112948800
2016-06-01,2.071128845,0,2.177917004,0,2.191874981,2.151458025,2.157291889,0,100536000
2016-06-02,2.082817554,0,2.190207958,0,2.191457987,2.12916708,2.163125038,0,104659200
2016-06-03,2.054288387,0,2.160207987,0,2.181667089,2.117917061,2.177707911,0,155529600
2016-06-06,2.076279402,0,2.18333292,0,2.200624943,2.160832882,2.170000076,0,85996800
2016-06-07,2.061619997,0,2.167917013,0,2.193749905,2.163749933,2.190417051,0,77107200
2016-06-08,2.070731878,0,2.17750001,0,2.191250086,2.154166937,2.179791927,0,82262400
2016-06-09,2.061619997,0,2.167917013,0,2.174375057,2.138957977,2.151458025,0,99729600
2016-06-10,1.992277741,0,2.095000029,0,2.120417118,2.071458101,2.109582901,0,161760000
2016-06-13,1.941163301,0,2.04124999,0,2.092708111,2.033333063,2.059792042,0,119049600
2016-06-14,1.942154288,0,2.042292118,0,2.062292099,1.995833039,2.024583101,0,141729600
2016-06-15,1.924718857,0,2.023957968,0,2.062292099,2.012707949,2.055624962,0,106377600
2016-06-16,1.938587904,0,2.038542032,0,2.046458006,1.953750014,1.99416697,0,164361600
2016-06-17,1.872217894,0,1.96875,0,2.030208111,1.955207944,2.030208111,0,167020800
2016-06-20,1.905898333,0,2.00416708,0,2.065207958,2.001250029,2.039375067,0,139243200
2016-06-21,1.924917817,0,2.024167061,0,2.03687501,2.002291918,2.016458035,0,86414400
2016-06-22,1.912436604,0,2.011042118,0,2.063541889,2.005208015,2.029999971,0,103296000
2016-06-23,1.993069887,0,2.095833063,0,2.096667051,2.032291889,2.057708025,0,128558400
2016-06-24,1.748988628,0,1.839166999,0,1.965625048,1.825000048,1.875,0,325502400
2016-06-27,1.647154927,0,1.732082963,0,1.799792051,1.704167008,1.797291994,0,235963200
2016-06-28,1.750375271,0,1.840625048,0,1.843124986,1.783125043,1.784791946,0,199468800
2016-06-29,1.841311216,0,1.936249971,0,1.949792027,1.882083058,1.885625005,0,208464000
2016-06-30,1.908275485,0,2.006666899,0,2.008958101,1.929167032,1.947916985,0,165811200
2016-07-01,1.934427023,0,2.034167051,0,2.058542013,2.000833035,2.003124952,0,131424000
2016-07-05,1.900152326,0,1.998124957,0,2.011667013,1.965832949,2.007916927,0,130939200
2016-07-06,1.944926977,0,2.045207977,0,2.049582958,1.951457977,1.970832944,0,173476800
2016-07-07,1.963351727,0,2.064583063,0,2.079166889,2.036458015,2.054374933,0,126230400
2016-07-08,2.054090977,0,2.160000086,0,2.164999962,2.08958292,2.09520793,0,150043200
2016-07-11,2.089157581,0,2.196875095,0,2.222083092,2.182499886,2.184582949,0,142646400
2016-07-12,2.122044325,0,2.231457949,0,2.249166965,2.222707987,2.237708092,0,115790400
2016-07-13,2.107185841,0,2.215832949,0,2.250833035,2.214375019,2.249583006,0,126412800
2016-07-14,2.14997983,0,2.260833025,0,2.272917032,2.243957996,2.259792089,0,109905600
2016-07-15,2.13789463,0,2.248125076,0,2.279375076,2.234375,2.275417089,0,85416000
2016-07-18,2.180490494,0,2.292917013,0,2.305833101,2.252291918,2.25416708,0,83860800
2016-07-19,2.15790534,0,2.269166946,0,2.289999962,2.257082939,2.270833015,0,78667200
2016-07-20,2.231802464,0,2.346874952,0,2.36083293,2.297291994,2.303957939,0,90724800
2016-07-21,2.218528986,0,2.332916975,0,2.366250038,2.312916994,2.353957891,0,112804800
2016-07-22,2.244283676,0,2.359999895,0,2.368750095,2.315417051,2.338332891,0,86803200
2016-07-25,2.246265411,0,2.362082958,0,2.362292051,2.337500095,2.354792118,0,76243200
2016-07-26,2.253793478,0,2.369999886,0,2.394999981,2.333333015,2.359791994,0,136353600
2016-07-27,2.297776222,0,2.41624999,0,2.436875105,2.387707949,2.428124905,0,130564800
2016-07-28,2.322739124,0,2.442500114,0,2.45166707,2.406666994,2.429583073,0,87120000
2016-07-29,2.337994814,0,2.458542109,0,2.47874999,2.436249971,2.460000038,0,102633600
2016-08-01,2.37464571,0,2.497082949,0,2.516041994,2.455416918,2.46458292,0,105316800
2016-08-02,2.321153164,0,2.440833092,0,2.493541956,2.393125057,2.486458063,0,161107200
2016-08-03,2.343144417,0,2.463958025,0,2.465208054,2.430624962,2.435416937,0,85334400
2016-08-04,2.364145756,0,2.486042023,0,2.493124962,2.445208073,2.463332891,0,84028800
2016-08-05,2.432496786,0,2.557917118,0,2.57395792,2.515625,2.526249886,0,123480000
2016-08-08,2.424769878,0,2.549792051,0,2.563750029,2.524374962,2.562292099,0,75902400
2016-08-09,2.440817356,0,2.56666708,0,2.590208054,2.549999952,2.554167032,0,79819200
2016-08-10,2.421996117,0,2.546875,0,2.57249999,2.526041985,2.568542004,0,87720000
2016-08-11,2.453299284,0,2.579792023,0,2.595833063,2.55687499,2.570832968,0,68649600
2016-08-12,2.457855463,0,2.584583044,0,2.584583044,2.557082891,2.564583063,0,68275200
2016-08-15,2.488761663,0,2.617083073,0,2.634375095,2.591249943,2.59375,0,57254400
2016-08-16,2.449534416,0,2.575833082,0,2.604166985,2.572292089,2.601875067,0,62596800
2016-08-17,2.461026192,0,2.587917089,0,2.589792013,2.532917023,2.575833082,0,89836800
2016-08-18,2.463402987,0,2.590416908,0,2.600416899,2.56666708,2.579792023,0,56755200
2016-08-19,2.460034609,0,2.586874962,0,2.603542089,2.554583073,2.576250076,0,73617600
2016-08-22,2.462412596,0,2.589375019,0,2.606041908,2.561249971,2.574583054,0,73243200
2016-08-23,2.477073431,0,2.604792118,0,2.635833025,2.602916956,2.62083292,0,62654400
2016-08-24,2.429325342,0,2.554583073,0,2.612292051,2.530208111,2.601042032,0,71198400
2016-08-25,2.417835236,0,2.542500019,0,2.565833092,2.52562499,2.534374952,0,58444800
2016-08-26,2.429525137,0,2.554791927,0,2.603332996,2.508332968,2.545833111,0,107313600
2016-08-29,2.436260223,0,2.561875105,0,2.584791899,2.554791927,2.556250095,0,49833600
2016-08-30,2.414269686,0,2.538749933,0,2.57395792,2.512917042,2.55250001,0,65750400
2016-08-31,2.407929182,0,2.532083035,0,2.539166927,2.498958111,2.527708054,0,71616000
2016-09-01,2.418627501,0,2.543333054,0,2.558749914,2.496249914,2.533750057,0,85953600
2016-09-02,2.44695878,0,2.573124886,0,2.603957891,2.546041965,2.588541985,0,90739200
2016-09-06,2.49232769,0,2.62083292,0,2.622916937,2.570832968,2.588541985,0,65985600
2016-09-07,2.496885061,0,2.625624895,0,2.640417099,2.597707987,2.628957987,0,58075200
2016-09-08,2.454091549,0,2.580625057,0,2.605624914,2.560625076,2.604166985,0,70065600
2016-09-09,2.268057823,0,2.38499999,0,2.533333063,2.38499999,2.517708063,0,160915200
2016-09-12,2.384354115,0,2.507292032,0,2.523750067,2.344791889,2.349167109,0,130651200
2016-09-13,2.32808733,0,2.448124886,0,2.497499943,2.410207987,2.473750114,0,125308800
2016-09-14,2.358003616,0,2.479583025,0,2.520833015,2.451874971,2.454375029,0,111528000
2016-09-15,2.467365503,0,2.594583035,0,2.606874943,2.481250048,2.483333111,0,131860800
2016-09-16,2.464591742,0,2.591666937,0,2.600416899,2.554167032,2.58812499,0,81523200
2016-09-19,2.432297945,0,2.557708025,0,2.636042118,2.543957949,2.611458063,0,91670400
2016-09-20,2.445770264,0,2.571875095,0,2.604166985,2.559999943,2.583333015,0,75782400
2016-09-21,2.516895056,0,2.646667004,0,2.658541918,2.560208082,2.604166985,0,138600000
2016-09-22,2.575736046,0,2.708542109,0,2.720000029,2.686666965,2.696249962,0,78100800
2016-09-23,2.529376507,0,2.659791946,0,2.701457977,2.647500038,2.700000048,0,73065600
2016-09-26,2.466572762,0,2.59375,0,2.623332977,2.580832958,2.613957882,0,81883200
2016-09-27,2.53650856,0,2.667292118,0,2.672082901,2.580832958,2.590832949,0,82900800
2016-09-28,2.550376654,0,2.68187499,0,2.686666965,2.641249895,2.676875114,0,75696000
2016-09-29,2.496290445,0,2.625,0,2.683542013,2.589792013,2.67041707,0,114830400
2016-09-30,2.547602415,0,2.678957939,0,2.705625057,2.636042118,2.649167061,0,79987200
2016-10-03,2.541857719,0,2.672916889,0,2.680833101,2.638541937,2.669791937,0,81758400
2016-10-04,2.527394533,0,2.65770793,0,2.711457968,2.628541946,2.691874981,0,112204800
2016-10-05,2.553745031,0,2.685416937,0,2.711457968,2.678124905,2.68187499,0,68856000
2016-10-06,2.549782515,0,2.681250095,0,2.698542118,2.643125057,2.675416946,0,74529600
2016-10-07,2.533140182,0,2.663749933,0,2.699791908,2.625416994,2.689791918,0,90561600
2016-10-10,2.578509331,0,2.711457968,0,2.732707977,2.70166707,2.703125,0,59889600
2016-10-11,2.471921921,0,2.59937501,0,2.709167004,2.563541889,2.705832958,0,129643200
2016-10-12,2.466770649,0,2.593957901,0,2.618124962,2.567500114,2.602082968,0,82056000
2016-10-13,2.437845945,0,2.563541889,0,2.584583044,2.493124962,2.539792061,0,104428800
2016-10-14,2.443392992,0,2.569375038,0,2.631666899,2.567082882,2.598124981,0,81811200
2016-10-17,2.426553011,0,2.551666975,0,2.582082987,2.541457891,2.568749905,0,55862400
2016-10-18,2.488761663,0,2.617083073,0,2.65479207,2.614583015,2.640625,0,76968000
2016-10-19,2.489753008,0,2.618124962,0,2.628541946,2.603957891,2.612292051,0,47054400
2016-10-20,2.479252338,0,2.607083082,0,2.625416994,2.562916994,2.606041908,0,69950400
2016-10-21,2.506196499,0,2.635416985,0,2.641458035,2.58812499,2.612708092,0,58632000
2016-10-24,2.597528458,0,2.731457949,0,2.736875057,2.686666965,2.688750029,0,68649600
2016-10-25,2.571575642,0,2.704166889,0,2.737916946,2.693542004,2.733958006,0,59712000
2016-10-26,2.522244453,0,2.652292013,0,2.694999933,2.627083063,2.65208292,0,95308800
2016-10-27,2.486978054,0,2.615207911,0,2.691250086,2.603332996,2.684792042,0,103041600
2016-10-28,2.443987131,0,2.569999933,0,2.632082939,2.541666985,2.590416908,0,142958400
2016-10-31,2.430119276,0,2.555417061,0,2.595000029,2.554167032,2.595000029,0,56904000
2016-11-01,2.38019371,0,2.502917051,0,2.571875095,2.433749914,2.571875095,0,101923200
2016-11-02,2.318181753,0,2.437707901,0,2.51145792,2.421041965,2.494582891,0,81763200
2016-11-03,2.251415968,0,2.367500067,0,2.450624943,2.358541965,2.427707911,0,87014400
2016-11-04,2.225858688,0,2.340625048,0,2.397291899,2.328749895,2.345624924,0,84921600
2016-11-07,2.38534379,0,2.508332968,0,2.516249895,2.444375038,2.453958035,0,100963200
2016-11-08,2.432100296,0,2.557499886,0,2.591249943,2.483333111,2.5,0,110587200
2016-11-09,2.466176033,0,2.593333006,0,2.604792118,2.459791899,2.466875076,0,183292800
2016-11-10,2.348890066,0,2.470000029,0,2.639583111,2.363957882,2.624792099,0,247968000
2016-11-11,2.346909523,0,2.467916965,0,2.48583293,2.408333063,2.43187499,0,113563200
2016-11-14,2.267661572,0,2.384582996,0,2.477916956,2.357500076,2.472500086,0,177552000
2016-11-15,2.372664213,0,2.494999886,0,2.517708063,2.438124895,2.444999933,0,105571200
2016-11-16,2.41129756,0,2.535624981,0,2.543541908,2.45729208,2.45729208,0,86337600
2016-11-17,2.467166901,0,2.594374895,0,2.594374895,2.518125057,2.533957958,0,75537600
2016-11-18,2.439430475,0,2.565207958,0,2.616041899,2.557291985,2.599167109,0,63057600
2016-11-21,2.51273489,0,2.642292023,0,2.650417089,2.580416918,2.581458092,0,83625600
2016-11-22,2.535320044,0,2.666042089,0,2.6875,2.647500038,2.674375057,0,76680000
2016-11-23,2.504809856,0,2.633958101,0,2.649374962,2.599999905,2.640417099,0,73824000
2016-11-25,2.528979778,0,2.659374952,0,2.663332939,2.635624886,2.646457911,0,38280000
2016-11-28,2.514913321,0,2.644582987,0,2.679167032,2.633749962,2.647291899,0,71467200
2016-11-29,2.539084196,0,2.670000076,0,2.706666946,2.627500057,2.646874905,0,74582400
2016-11-30,2.456865549,0,2.583542109,0,2.68187499,2.569375038,2.675416946,0,151296000
2016-12-01,2.321946621,0,2.44166708,0,2.570625067,2.426457882,2.570416927,0,186384000
2016-12-02,2.331257343,0,2.451457977,0,2.482500076,2.422291994,2.443958044,0,102984000
2016-12-05,2.385146141,0,2.508125067,0,2.539166927,2.456666946,2.491041899,0,89942400
2016-12-06,2.402382374,0,2.526249886,0,2.540625095,2.496666908,2.527499914,0,69254400
2016-12-07,2.491535425,0,2.619999886,0,2.632499933,2.489583015,2.51145792,0,148867200
2016-12-08,2.506791592,0,2.636042118,0,2.657291889,2.611458063,2.626667023,0,113016000
2016-12-09,2.565433502,0,2.697707891,0,2.702291965,2.665832996,2.665832996,0,102672000
2016-12-12,2.529772043,0,2.660207987,0,2.677917004,2.629582882,2.660832882,0,95150400
2016-12-13,2.628634214,0,2.76416707,0,2.80687499,2.685416937,2.689167023,0,169195200
2016-12-14,2.60941577,0,2.743957996,0,2.799582958,2.720417023,2.769582987,0,142377600
2016-12-15,2.625265598,0,2.760624886,0,2.806250095,2.736666918,2.75145793,0,106425600
2016-12-16,2.593368292,0,2.727082968,0,2.791457891,2.711874962,2.773541927,0,114753600
2016-12-19,2.625067711,0,2.760416985,0,2.810416937,2.726249933,2.73854208,0,83572800
2016-12-20,2.656765938,0,2.793750048,0,2.807291985,2.77708292,2.782083035,0,62784000
2016-12-21,2.647454262,0,2.783957958,0,2.800416946,2.766458035,2.794791937,0,48288000
2016-12-22,2.624473572,0,2.759792089,0,2.788958073,2.730000019,2.785207987,0,65520000
2016-12-23,2.632595539,0,2.768332958,0,2.769582987,2.739583015,2.74854207,0,32251200
2016-12-27,2.67103076,0,2.808749914,0,2.856874943,2.780416965,2.783333063,0,75643200
2016-12-28,2.609218121,0,2.743750095,0,2.834791899,2.737708092,2.825833082,0,91339200
2016-12-29,2.596539021,0,2.730417013,0,2.759582996,2.705832958,2.742291927,0,85728000
2016-12-30,2.520659208,0,2.65062499,0,2.747708082,2.625,2.746042013,0,105384000
2017-01-03,2.581679821,0,2.714792013,0,2.747708082,2.674375057,2.700207949,0,97646400
2017-01-04,2.62566185,0,2.761042118,0,2.776249886,2.723750114,2.727292061,0,66513600
2017-01-05,2.672219038,0,2.809999943,0,2.813541889,2.756249905,2.758749962,0,61372800
2017-01-06,2.739975452,0,2.881249905,0,2.903332949,2.793750048,2.815207958,0,95798400
2017-01-09,2.767712355,0,2.91041708,0,2.924999952,2.882499933,2.888333082,0,66172800
2017-01-10,2.783561945,0,2.927083015,0,2.95458293,2.893958092,2.909167051,0,66336000
2017-01-11,2.804958582,0,2.949583054,0,2.95166707,2.886250019,2.929167032,0,94104000
2017-01-12,2.790694475,0,2.934582949,0,2.943332911,2.855417013,2.92041707,2,80517600
2017-01-13,2.822789192,0,2.968333006,0,2.982500076,2.943332911,2.944166899,0,58612800
2017-01-17,2.79624176,0,2.940417051,0,2.958333015,2.914999962,2.94166708,0,55531200
2017-01-18,2.815261364,0,2.960417032,0,2.966249943,2.930417061,2.954166889,0,49329600
2017-01-19,2.807732582,0,2.952500105,0,3.001667023,2.935832977,2.96875,0,59731200
2017-01-20,2.825959206,0,2.971667051,0,3.014583111,2.950000048,2.991667032,0,56846400
2017-01-23,2.832298994,0,2.978332996,0,2.991667032,2.923749924,2.962500095,0,55250400
2017-01-24,2.891338348,0,3.040416956,0,3.053333044,2.982083082,2.994582891,0,51691200
2017-01-25,2.975737333,0,3.12916708,0,3.133749962,3.088749886,3.095417023,0,56148000
2017-01-26,2.988019466,0,3.14208293,0,3.160832882,3.125416994,3.143332958,0,50856000
2017-01-27,3.002284527,0,3.157083035,0,3.167500019,3.128333092,3.158333063,0,33249600
2017-01-30,2.934132099,0,3.085417032,0,3.125416994,3.032500029,3.123749971,0,75043200
2017-01-31,2.917886019,0,3.068332911,0,3.068332911,3.012083054,3.053750038,0,59616000
2017-02-01,2.973359108,0,3.126667023,0,3.146667004,3.086667061,3.128333092,0,72511200
2017-02-02,2.965830564,0,3.118750095,0,3.147917032,3.085000038,3.11083293,0,57895200
2017-02-03,2.991586208,0,3.145833015,0,3.15625,3.121666908,3.131249905,0,48192000
2017-02-06,3.002680779,0,3.157500029,0,3.159167051,3.122082949,3.130417109,0,41707200
2017-02-07,3.033587217,0,3.190000057,0,3.212083101,3.169167042,3.174166918,0,46634400
2017-02-08,3.050625324,0,3.207916975,0,3.220417023,3.161250114,3.178750038,0,36967200
2017-02-09,3.082324982,0,3.241250038,0,3.263750076,3.211667061,3.216666937,0,51525600
2017-02-10,3.112833977,0,3.273333073,0,3.287499905,3.247082949,3.263750076,0,47872800
2017-02-13,3.167515278,0,3.330832958,0,3.342916965,3.299166918,3.304167032,0,42988800
2017-02-14,3.197232485,0,3.362082958,0,3.363332987,3.301666975,3.332916975,0,62664000
2017-02-15,3.252309799,0,3.420000076,0,3.426666975,3.349999905,3.35791707,0,73564800
2017-02-16,3.249536037,0,3.417083025,0,3.448750019,3.392499924,3.428333044,0,63950400
2017-02-17,3.290349007,0,3.460000038,0,3.462500095,3.400832891,3.402916908,0,51607200
2017-02-21,3.342652082,0,3.515000105,0,3.519999981,3.476249933,3.484167099,0,66729600
2017-02-22,3.343048334,0,3.515417099,0,3.524167061,3.48583293,3.50416708,0,43056000
2017-02-23,3.3069911,0,3.477499962,0,3.53125,3.434166908,3.530833006,0,62676000
2017-02-24,3.324820757,0,3.496249914,0,3.496249914,3.424999952,3.42750001,0,50731200
2017-02-27,3.334727764,0,3.506666899,0,3.508749962,3.45875001,3.477916956,0,52437600
2017-02-28,3.308575392,0,3.479166985,0,3.510416985,3.44749999,3.507082939,0,41904000
2017-03-01,3.415560246,0,3.591666937,0,3.608333111,3.523333073,3.539999962,0,63254400
2017-03-02,3.361671209,0,3.535000086,0,3.589999914,3.523333073,3.589999914,0,42919200
2017-03-03,3.379104853,0,3.553333044,0,3.55833292,3.499583006,3.526667118,0,34646400
2017-03-06,3.355727673,0,3.528749943,0,3.54833293,3.487916946,3.515000105,0,38774400
2017-03-07,3.339086056,0,3.511250019,0,3.55833292,3.494582891,3.506249905,0,35428800
2017-03-08,3.356123924,0,3.529166937,0,3.563333035,3.507916927,3.519999981,0,38652000
2017-03-09,3.366425753,0,3.539999962,0,3.552917004,3.482083082,3.528332949,0,44172000
2017-03-10,3.403275967,0,3.578749895,0,3.598332882,3.537916899,3.585417032,0,51456000
2017-03-13,3.423087835,0,3.599582911,0,3.602916956,3.572082996,3.575417042,0,33883200
2017-03-14,3.39772892,0,3.572916985,0,3.580416918,3.529999971,3.575000048,0,53020800
2017-03-15,3.457164526,0,3.635416985,0,3.663332939,3.560416937,3.597500086,0,63813600
2017-03-16,3.455182791,0,3.633332968,0,3.66041708,3.607083082,3.66041708,0,38875200
2017-03-17,3.446861744,0,3.624583006,0,3.65625,3.622499943,3.641666889,0,35320800
2017-03-20,3.457164526,0,3.635416985,0,3.661250114,3.608333111,3.624583006,0,36696000
2017-03-21,3.303028107,0,3.473332882,0,3.6875,3.464999914,3.675832987,0,93568800
2017-03-22,3.368010998,0,3.541666985,0,3.551249981,3.459167004,3.475416899,0,71373600
2017-03-23,3.341066837,0,3.513333082,0,3.556667089,3.496666908,3.528749943,0,59064000
2017-03-24,3.359293461,0,3.532500029,0,3.587917089,3.494999886,3.546667099,0,51686400
2017-03-27,3.37712431,0,3.551249981,0,3.569582939,3.434582949,3.460417032,0,75259200
2017-03-28,3.440522909,0,3.617917061,0,3.648750067,3.528749943,3.550832987,0,84000000
2017-03-29,3.486088753,0,3.665832996,0,3.670833111,3.612916946,3.621249914,0,48170400
2017-03-30,3.503524065,0,3.684166908,0,3.696249962,3.652499914,3.664582968,0,52927200
2017-03-31,3.495203018,0,3.675416946,0,3.704999924,3.655833006,3.667917013,0,54146400
2017-04-03,3.487674475,0,3.667500019,0,3.711667061,3.609167099,3.686249971,0,64521600
2017-04-04,3.503524065,0,3.684166908,0,3.687083006,3.632916927,3.635416985,0,32424000
2017-04-05,3.463503361,0,3.64208293,0,3.765832901,3.620417118,3.702083111,0,73360800
2017-04-06,3.466278076,0,3.644999981,0,3.675416946,3.618750095,3.654582977,0,61651200
2017-04-07,3.462314367,0,3.640832901,0,3.673749924,3.601249933,3.642499924,0,41575200
2017-04-10,3.466278076,0,3.644999981,0,3.688750029,3.613749981,3.653332949,0,48376800
2017-04-11,3.422691822,0,3.599167109,0,3.649167061,3.517916918,3.630832911,0,85346400
2017-04-12,3.3775208,0,3.551666975,0,3.602499962,3.540832996,3.595000029,0,68095200
2017-04-13,3.337500572,0,3.509582996,0,3.598750114,3.507499933,3.537499905,0,61370400
2017-04-17,3.416748285,0,3.592916965,0,3.597500086,3.535000086,3.539166927,0,36333600
2017-04-18,3.406842232,0,3.582499981,0,3.611666918,3.552917004,3.559582949,0,50755200
2017-04-19,3.418729305,0,3.595000029,0,3.659167051,3.579999924,3.623749971,0,57568800
2017-04-20,3.501542568,0,3.682082891,0,3.708333015,3.622082949,3.638750076,0,82492800
2017-04-21,3.4999578,0,3.680417061,0,3.698750019,3.654999971,3.694166899,0,54026400
2017-04-24,3.627150297,0,3.814167023,0,3.825000048,3.785832882,3.802083015,0,60072000
2017-04-25,3.70758605,0,3.898750067,0,3.917917013,3.843333006,3.852082968,0,64113600
2017-04-26,3.691340446,0,3.881666899,0,3.930417061,3.873332977,3.902499914,0,87660000
2017-04-27,3.755925655,0,3.949583054,0,3.950000048,3.901249886,3.910832882,0,57676800
2017-04-28,3.777323246,0,3.972083092,0,4.002082825,3.952083111,3.997499943,0,68500800
2017-05-01,3.87241888,0,4.072082996,0,4.09250021,4.003749847,4.008749962,0,64634400
2017-05-02,3.895402193,0,4.096250057,0,4.102083206,4.060832977,4.092082977,0,60412800
2017-05-03,3.856966019,0,4.055832863,0,4.071667194,4.022916794,4.071249962,0,73586400
2017-05-04,3.860928535,0,4.059999943,0,4.076666832,4.018332958,4.057917118,0,72607200
2017-05-05,3.902930021,0,4.104166985,0,4.104166985,4.045416832,4.089167118,0,54506400
2017-05-08,3.926308632,0,4.128749847,0,4.13041687,4.085416794,4.110416889,0,61267200
2017-05-09,3.969499111,0,4.174167156,0,4.201250076,4.139166832,4.148333073,0,75717600
2017-05-10,3.975838184,0,4.180832863,0,4.184583187,4.136666775,4.178750038,0,56193600
2017-05-11,3.966327429,0,4.170833111,0,4.172916889,4.088749886,4.147082806,0,62433600
2017-05-12,3.992083549,0,4.197916985,0,4.200417042,4.165417194,4.176249981,0,58538400
2017-05-15,4.0293293,0,4.237082958,0,4.244166851,4.191249847,4.202083111,0,69340800
2017-05-16,4.080047607,0,4.290417194,0,4.290832996,4.232916832,4.267083168,0,77066400
2017-05-17,3.771379709,0,3.965832949,0,4.211667061,3.960417032,4.189582825,0,140236800
2017-05-18,3.866873264,0,4.066249847,0,4.105416775,3.942917109,3.960000038,0,120384000
2017-05-19,3.913629055,0,4.115417004,0,4.168333054,4.102499962,4.105833054,0,72844800
2017-05-22,4.015065193,0,4.222083092,0,4.227083206,4.139583111,4.144166946,0,65354400
2017-05-23,4.024971008,0,4.232500076,0,4.258333206,4.200832844,4.256667137,0,68858400
2017-05-24,4.080444813,0,4.290832996,0,4.295833111,4.234582901,4.267917156,0,64941600
2017-05-25,4.187824726,0,4.403749943,0,4.431666851,4.310832977,4.337916851,0,87504000
2017-05-26,4.205655098,0,4.422500134,0,4.427083015,4.383749962,4.400416851,0,54856800
2017-05-30,4.214372635,0,4.431666851,0,4.447916985,4.407083035,4.41166687,0,55192800
2017-05-31,4.209221363,0,4.426249981,0,4.481667042,4.358749866,4.472083092,0,96902400
2017-06-01,4.259542465,0,4.479166985,0,4.482916832,4.397916794,4.452499866,0,74092800
2017-06-02,4.40496254,0,4.632082939,0,4.635416985,4.503749847,4.523333073,0,83244000
2017-06-05,4.401394844,0,4.628333092,0,4.652500153,4.608749866,4.628333092,0,51477600
2017-06-06,4.35146904,0,4.575832844,0,4.656667233,4.552499771,4.611667156,0,77733600
2017-06-07,4.399017811,0,4.625833035,0,4.637499809,4.548333168,4.608333111,0,81410400
2017-06-08,4.410904884,0,4.638332844,0,4.66166687,4.565416813,4.654582977,0,92563200
2017-06-09,4.091935158,0,4.302917004,0,4.672082901,4.110833168,4.65500021,0,233138400
2017-06-12,4.017838955,0,4.224999905,0,4.244166851,4.059583187,4.18333292,0,166449600
2017-06-13,4.111746311,0,4.323750019,0,4.340833187,4.226666927,4.290832996,0,126492000
2017-06-14,4.056669235,0,4.265832901,0,4.374582767,4.163750172,4.374582767,0,139012800
2017-06-15,4.001987457,0,4.208333015,0,4.222499847,4.057499886,4.135416985,0,141158400
2017-06-16,3.954045534,0,4.157917023,0,4.202917099,4.107082844,4.199999809,0,93856800
2017-06-19,4.145427704,0,4.359167099,0,4.373332977,4.254582882,4.273749828,0,110944800
2017-06-20,4.051519871,0,4.260416985,0,4.364167213,4.254582882,4.348750114,0,85939200
2017-06-21,4.169201374,0,4.384167194,0,4.388332844,4.277916908,4.28666687,0,83589600
2017-06-22,4.164446831,0,4.37916708,0,4.427499771,4.345832825,4.403749943,0,68445600
2017-06-23,4.211202621,0,4.428332806,0,4.445833206,4.328332901,4.363749981,0,68786400
2017-06-26,4.155332565,0,4.36958313,0,4.527916908,4.338749886,4.50124979,0,105681600
2017-06-27,3.926704407,0,4.12916708,0,4.332917213,4.12916708,4.318749905,0,144088800
2017-06-28,4.091538429,0,4.302499771,0,4.315833092,4.101666927,4.172500134,0,120861600
2017-06-29,3.883118153,0,4.083333015,0,4.252500057,3.958333015,4.249582767,0,231564000
2017-06-30,3.869647503,0,4.069167137,0,4.150416851,4.045416832,4.118750095,0,98616000
2017-07-03,3.764247179,0,3.958333015,0,4.154582977,3.948333025,4.141666889,0,81684000
2017-07-05,3.871627331,0,4.071249962,0,4.103750229,3.952083111,3.988749981,0,114033600
2017-07-06,3.769398212,0,3.963749886,0,4.028749943,3.917917013,3.977082968,0,106324800
2017-07-07,3.882326603,0,4.082499981,0,4.12083292,4,4.002916813,0,89623200
2017-07-10,3.963554621,0,4.167916775,0,4.197916985,4.065000057,4.09791708,0,92114400
2017-07-11,3.996046782,0,4.202083111,0,4.217916965,4.102917194,4.149582863,0,108571200
2017-07-12,4.13829422,0,4.351666927,0,4.364999771,4.284166813,4.307499886,0,105307200
2017-07-13,4.165636063,0,4.38041687,0,4.411250114,4.342082977,4.368750095,0,91476000
2017-07-14,4.263505459,0,4.483333111,0,4.499166965,4.397082806,4.43208313,0,84636000
2017-07-17,4.265882015,0,4.485833168,0,4.53666687,4.463749886,4.497917175,0,100663200
2017-07-18,4.35067749,0,4.574999809,0,4.579583168,4.4375,4.476666927,0,84182400
2017-07-19,4.43032074,0,4.658750057,0,4.677083015,4.611249924,4.614583015,0,104234400
2017-07-20,4.446962833,0,4.676249981,0,4.702499866,4.612082958,4.69291687,0,108460800
2017-07-21,4.440226555,0,4.669167042,0,4.669582844,4.597083092,4.618332863,0,86916000
2017-07-24,4.498078346,0,4.730000019,0,4.742083073,4.650416851,4.667916775,0,88732800
2017-07-25,4.467962742,0,4.698332787,0,4.729582787,4.657917023,4.68625021,0,94180800
2017-07-26,4.507983685,0,4.740417004,0,4.749166965,4.708333015,4.728332996,0,60607200
2017-07-27,4.427546978,0,4.655832767,0,4.84791708,4.485833168,4.835833073,0,188956800
2017-07-28,4.413283348,0,4.640832901,0,4.662083149,4.544582844,4.573750019,0,70022400
2017-07-31,4.355829239,0,4.580417156,0,4.696667194,4.549582958,4.678750038,0,88716000
2017-08-01,4.384357452,0,4.610416889,0,4.630000114,4.568749905,4.62624979,0,61156800
2017-08-02,4.416453838,0,4.644166946,0,4.702083111,4.518332958,4.697500229,0,110366400
2017-08-03,4.37048912,0,4.595832825,0,4.663332939,4.567082882,4.66166687,0,72640800
2017-08-04,4.387526989,0,4.613749981,0,4.648749828,4.560832977,4.622917175,0,71488800
2017-08-07,4.465189934,0,4.695416927,0,4.702917099,4.62083292,4.640832901,0,54837600
2017-08-08,4.448548317,0,4.677917004,0,4.791666985,4.637917042,4.674582958,0,103886400
2017-08-09,4.431112289,0,4.659583092,0,4.665417194,4.530832767,4.563333035,0,99081600
2017-08-10,4.143446445,0,4.357082844,0,4.58958292,4.346250057,4.581250191,0,163382400
2017-08-11,4.238147259,0,4.456666946,0,4.486249924,4.347499847,4.378333092,0,105271200
2017-08-14,4.402981758,0,4.630000114,0,4.650000095,4.559166908,4.560417175,0,95488800
2017-08-15,4.410904884,0,4.638332844,0,4.665417194,4.600417137,4.655832767,0,72297600
2017-08-16,4.433886051,0,4.662499905,0,4.727083206,4.616250038,4.670833111,0,99052800
2017-08-17,4.16127634,0,4.375833035,0,4.628333092,4.375,4.605833054,0,158582400
2017-08-18,4.146615982,0,4.360416889,0,4.454583168,4.3125,4.382500172,0,129852000
2017-08-21,4.139088154,0,4.352499962,0,4.393332958,4.266666889,4.367917061,0,86481600
2017-08-22,4.323337078,0,4.546249866,0,4.559583187,4.414583206,4.416666985,0,94264800
2017-08-23,4.274996281,0,4.495417118,0,4.526667118,4.465833187,4.471666813,0,84076800
2017-08-24,4.23933506,0,4.457917213,0,4.545833111,4.37916708,4.528333187,0,97180800
2017-08-25,4.210805893,0,4.427917004,0,4.541250229,4.411250114,4.503333092,0,92620800
2017-08-28,4.247657776,0,4.466667175,0,4.499166965,4.425416946,4.466667175,0,66242400
2017-08-29,4.299960613,0,4.521667004,0,4.541666985,4.340000153,4.350417137,0,85123200
2017-08-30,4.448943138,0,4.678332806,0,4.699999809,4.521667004,4.529582977,0,106248000
2017-08-31,4.575345039,0,4.81125021,0,4.828332901,4.708749771,4.716249943,0,106176000
2017-09-01,4.572173595,0,4.807917118,0,4.866250038,4.770833015,4.84791708,0,71001600
2017-09-05,4.449737072,0,4.679166794,0,4.795000076,4.569582939,4.762083054,0,129235200
2017-09-06,4.488171101,0,4.719583035,0,4.75124979,4.618750095,4.717082977,0,85557600
2017-09-07,4.515909195,0,4.74875021,0,4.787499905,4.699999809,4.747083187,0,73970400
2017-09-08,4.404566288,0,4.631667137,0,4.739167213,4.614583015,4.730833054,0,82646400
2017-09-11,4.544834614,0,4.779167175,0,4.809583187,4.734582901,4.736249924,0,85279200
2017-09-12,4.583267212,0,4.819582939,0,4.840416908,4.752916813,4.824999809,0,73418400
2017-09-13,4.602287292,0,4.83958292,0,4.840833187,4.772500038,4.791666985,0,51604800
2017-09-14,4.524625301,0,4.757916927,0,4.825417042,4.74583292,4.786250114,0,73576800
2017-09-15,4.561079502,0,4.796249866,0,4.854582787,4.728332996,4.752916813,0,79264800
2017-09-18,4.549983978,0,4.784583092,0,4.863333225,4.739583015,4.817082882,0,91509600
2017-09-19,4.569400311,0,4.804999828,0,4.827499866,4.757916927,4.80708313,0,56942400
2017-09-20,4.531361103,0,4.764999866,0,4.81666708,4.652500153,4.802499771,0,107306400
2017-09-21,4.444188118,0,4.673333168,0,4.752500057,4.625,4.750833035,0,84890400
2017-09-22,4.433095455,0,4.66166687,0,4.680417061,4.614999771,4.627082825,0,62167200
2017-09-25,4.294015408,0,4.515417099,0,4.611667156,4.443749905,4.604582787,0,135520800
2017-09-26,4.323337078,0,4.546249866,0,4.605833054,4.49875021,4.580832958,0,95090400
2017-09-27,4.440623283,0,4.669582844,0,4.719167233,4.583333015,4.618750095,0,111348000
2017-09-28,4.433095455,0,4.66166687,0,4.675000191,4.601666927,4.635832787,0,64536000
2017-09-29,4.527002335,0,4.760416985,0,4.770417213,4.652500153,4.690000057,0,88248000
2017-10-02,4.539682388,0,4.773749828,0,4.832083225,4.710000038,4.784999847,0,92205600
2017-10-03,4.568211555,0,4.803750038,0,4.820000172,4.760416985,4.791666985,0,62738400
2017-10-04,4.580099106,0,4.816249847,0,4.846250057,4.762917042,4.77583313,0,90153600
2017-10-05,4.712046146,0,4.954999924,0,4.962916851,4.852083206,4.872499943,0,94291200
2017-10-06,4.729084492,0,4.97291708,0,4.974999905,4.90625,4.908332825,0,85960800
2017-10-09,4.717196465,0,4.960416794,0,5.010832787,4.940416813,4.99583292,0,68851200
2017-10-10,4.72710371,0,4.970832825,0,5.023749828,4.904582977,5.007500172,0,71757600
2017-10-11,4.76831007,0,5.014166832,0,5.016666889,4.943749905,4.96458292,0,59788800
2017-10-12,4.742556095,0,4.987082958,0,5.045000076,4.969167233,4.992917061,0,66180000
2017-10-13,4.795651436,0,5.042916775,0,5.059999943,5.02708292,5.044582844,0,48873600
2017-10-16,4.845181465,0,5.09499979,0,5.097499847,5.047082901,5.080832958,0,57079200
2017-10-17,4.862219334,0,5.112916946,0,5.114583015,5.065000057,5.088749886,0,60189600
2017-10-18,4.843594551,0,5.093332767,0,5.127916813,5.072082996,5.127082825,0,57900000
2017-10-19,4.790103912,0,5.037083149,0,5.037499905,4.929999828,5.005833149,0,80680800
2017-10-20,4.82497263,0,5.073750019,0,5.109582901,5.058750153,5.097499847,0,66554400
2017-10-23,4.73502636,0,4.979166985,0,5.107082844,4.955417156,5.105833054,0,61456800
2017-10-24,4.759197235,0,5.004582882,0,5.032083035,4.946249962,5.002916813,0,58872000
2017-10-25,4.701347351,0,4.943749905,0,5.019999981,4.832083225,4.970832825,0,89191200
2017-10-26,4.657761574,0,4.897916794,0,4.969583035,4.890832901,4.936666965,0,72768000
2017-10-27,5.059149265,0,5.320000172,0,5.349583149,5.117917061,5.130833149,0,147818400
2017-10-30,5.095205784,0,5.357916832,0,5.420000076,5.295000076,5.306666851,0,96556800
2017-10-31,5.149095058,0,5.414583206,0,5.439582825,5.362916946,5.405832767,0,60196800
2017-11-01,5.142357826,0,5.40749979,0,5.489999771,5.34791708,5.482500076,0,83064000
2017-11-02,5.116206646,0,5.380000114,0,5.398749828,5.268750191,5.391250134,0,91780800
2017-11-03,5.258852959,0,5.53000021,0,5.536250114,5.382082939,5.437082767,0,86700000
2017-11-06,5.312343597,0,5.586249828,0,5.59499979,5.513750076,5.520417213,0,76096800
2017-11-07,5.321061134,0,5.595417023,0,5.620417118,5.539999962,5.573750019,0,93321600
2017-11-08,5.387629032,0,5.665417194,0,5.668749809,5.569167137,5.590000153,0,68863200
2017-11-09,5.301248074,0,5.574583054,0,5.583333015,5.40208292,5.527500153,0,163195200
2017-11-10,5.299664497,0,5.572916985,0,5.585833073,5.505833149,5.537083149,0,66436800
2017-11-13,5.315514088,0,5.58958292,0,5.614167213,5.509582996,5.514166832,0,75144000
2017-11-14,5.262022495,0,5.533332825,0,5.551667213,5.451666832,5.533332825,0,91000800
2017-11-15,5.184754848,0,5.452083111,0,5.497917175,5.364999771,5.462500095,0,80668800
2017-11-16,5.378911972,0,5.65625,0,5.696249962,5.534999847,5.537917137,0,80853600
2017-11-17,5.318685532,0,5.592916965,0,5.673333168,5.577917099,5.662083149,0,69352800
2017-11-20,5.305607319,0,5.579166889,0,5.62083292,5.556666851,5.601666927,0,50059200
2017-11-21,5.472819328,0,5.755000114,0,5.766666889,5.651249886,5.657083035,0,70742400
2017-11-22,5.49461174,0,5.777916908,0,5.796249866,5.742917061,5.775416851,0,60117600
2017-11-24,5.556426525,0,5.842916965,0,5.847499847,5.789166927,5.800000191,0,39952800
2017-11-27,5.547311783,0,5.833333015,0,5.875833035,5.795000076,5.835416794,0,66837600
2017-11-28,5.588124752,0,5.87624979,0,5.889583111,5.779582977,5.872917175,0,70305600
2017-11-29,5.300853729,0,5.574166775,0,5.861667156,5.489999771,5.861667156,0,208288800
2017-11-30,5.432404041,0,5.712500095,0,5.743332863,5.602083206,5.644166946,0,118780800
2017-12-01,5.359891891,0,5.636250019,0,5.717916965,5.387083054,5.602083206,0,170294400
2017-12-04,5.174849987,0,5.44166708,0,5.759582996,5.424582958,5.746666908,0,165444000
2017-12-05,5.182377815,0,5.449583054,0,5.637083054,5.372917175,5.43208313,0,115480800
2017-12-06,5.250926495,0,5.521667004,0,5.547916889,5.369166851,5.389166832,0,94759200
2017-12-07,5.302833557,0,5.576250076,0,5.625,5.503749847,5.525000095,0,76156800
2017-12-08,5.372968674,0,5.650000095,0,5.740832806,5.625,5.699999809,0,88401600
2017-12-11,5.496197701,0,5.779582977,0,5.78666687,5.65625,5.658750057,0,71568000
2017-12-12,5.47559309,0,5.757916927,0,5.809166908,5.721666813,5.771249771,0,73377600
2017-12-13,5.502933979,0,5.78666687,0,5.84499979,5.765832901,5.823332787,0,83342400
2017-12-14,5.495008945,0,5.778333187,0,5.862082958,5.756249905,5.820416927,0,71246400
2017-12-15,5.673711777,0,5.966249943,0,5.992083073,5.814167023,5.845832825,0,111669600
2017-12-18,5.819525719,0,6.11958313,0,6.137083054,6.05833292,6.083749771,0,81081600
2017-12-19,5.724826336,0,6.019999981,0,6.106249809,5.963749886,6.086667061,0,98868000
2017-12-20,5.701052189,0,5.994999886,0,6.079999924,5.920416832,6.077499866,0,71150400
2017-12-21,5.698277473,0,5.992083073,0,6.071249962,5.971666813,6.016250134,0,66518400
2017-12-22,5.679258347,0,5.972083092,0,5.978750229,5.921667099,5.966667175,0,42492000
2017-12-26,5.587332249,0,5.875417233,0,5.896667004,5.807917118,5.876667023,0,48866400
2017-12-27,5.587332249,0,5.875417233,0,5.922500134,5.858333111,5.875833035,0,45196800
2017-12-28,5.602389812,0,5.891250134,0,5.932917118,5.874166965,5.927499771,0,46730400
2017-12-29,5.496594906,0,5.78000021,0,5.913332939,5.77583313,5.913332939,0,68558400
2018-01-02,5.77871418,0,6.076666832,0,6.089167118,5.828750134,5.87083292,0,91735200
2018-01-03,5.947906971,0,6.254582882,0,6.277500153,6.100417137,6.101250172,0,85224000
2018-01-04,5.982776642,0,6.291250229,0,6.350417137,6.269166946,6.327917099,0,70024800
2018-01-05,6.163459778,0,6.481249809,0,6.494999886,6.346250057,6.37916708,0,82380000
2018-01-08,6.232008457,0,6.553332806,0,6.56666708,6.47416687,6.480416775,0,72252000
2018-01-09,6.236764431,0,6.55833292,0,6.615417004,6.5,6.593332767,0,104169600
2018-01-10,6.192385197,0,6.511666775,0,6.514166832,6.383749962,6.467082977,0,95853600
2018-01-11,6.316407204,0,6.642083168,0,6.642083168,6.514166832,6.544582844,0,74839200
2018-01-12,6.450335503,0,6.782917023,0,6.808750153,6.600832939,6.61958313,0,89560800
2018-01-16,6.400409698,0,6.730416775,0,7.027916908,6.670000076,6.920000076,0,165021600
2018-01-17,6.60209465,0,6.942500114,0,6.977083206,6.727917194,6.820000172,0,82624800
2018-01-18,6.6084342,0,6.949166775,0,6.995417118,6.862916946,6.912083149,0,94394400
2018-01-19,6.671833038,0,7.015832901,0,7.045833111,6.91041708,7.008749962,0,84948000
2018-01-22,6.880252361,0,7.235000134,0,7.235000134,6.981249809,6.999166965,0,103862400
2018-01-23,7.05459547,0,7.418333054,0,7.43625021,7.293333054,7.304583073,0,129343200
2018-01-24,6.911554813,0,7.267917156,0,7.510832787,7.143750191,7.458749771,0,209073600
2018-01-25,6.902836323,0,7.258749962,0,7.425000191,7.190416813,7.419582844,0,133300800
2018-01-26,7.211108685,0,7.582917213,0,7.582917213,7.336667061,7.375,0,106437600
2018-01-29,7.115616798,0,7.482500076,0,7.589167118,7.433750153,7.537917137,0,132348000
2018-01-30,6.933744907,0,7.291250229,0,7.389583111,7.178332806,7.274167061,0,132506400
2018-01-31,7.019330502,0,7.381249905,0,7.460833073,7.25,7.418749809,0,110997600
2018-02-01,6.843798637,0,7.196667194,0,7.425000191,7.119999886,7.217916965,0,127968000
2018-02-02,6.425768852,0,6.757082939,0,7.159583092,6.746250153,7.116250038,0,190185600
2018-02-05,5.684013367,0,5.977083206,0,6.901667118,5.942082882,6.572916985,0,230628000
2018-02-06,6.122251987,0,6.437917233,0,6.458333015,5.62624979,5.700832844,0,239383200
2018-02-07,5.880150318,0,6.18333292,0,6.582917213,6.18333292,6.377500057,0,176112000
2018-02-08,5.151470661,0,5.417082787,0,6.255833149,5.416666985,6.247083187,0,216405600
2018-02-09,5.393968105,0,5.672082901,0,5.797916889,5.050000191,5.633333206,0,320344800
2018-02-12,5.695900917,0,5.989583015,0,6.099583149,5.717916965,5.865832806,0,175056000
2018-02-13,5.7652421,0,6.0625,0,6.108333111,5.848750114,5.884582996,0,108055200
2018-02-14,6.102836132,0,6.417500019,0,6.442500114,5.965416908,5.971666813,0,168115200
2018-02-15,6.421806335,0,6.752916813,0,6.761666775,6.382500172,6.583333015,0,190375200
2018-02-16,6.350087166,0,6.677499771,0,6.894583225,6.639583111,6.703750134,0,170553600
2018-02-20,6.38178587,0,6.710833073,0,6.885000229,6.594583035,6.600832939,0,145869600
2018-02-21,6.32433176,0,6.650416851,0,7.008749962,6.645833015,6.80708313,0,177477600
2018-02-22,6.325520992,0,6.651667118,0,6.84791708,6.600832939,6.747083187,0,166603200
2018-02-23,6.702341557,0,7.047916889,0,7.052499771,6.730833054,6.802499771,0,142768800
2018-02-26,6.971386909,0,7.330832958,0,7.334167004,7.143332958,7.158750057,0,133951200
2018-02-27,6.721756935,0,7.068333149,0,7.382916927,7.059166908,7.34375,0,173308800
2018-02-28,6.586639881,0,6.926249981,0,7.256249905,6.919167042,7.18625021,0,153014400
2018-03-01,6.26965189,0,6.592916965,0,7.034166813,6.403333187,6.94166708,0,251916000
2018-03-02,6.442014694,0,6.774167061,0,6.805832863,6.28249979,6.361667156,0,193399200
2018-03-05,6.644095421,0,6.986667156,0,7.046667099,6.598332882,6.678750038,0,148881600
2018-03-06,6.728097439,0,7.074999809,0,7.153749943,6.949999809,7.090833187,0,142060800
2018-03-07,6.778418541,0,7.127916813,0,7.145833015,6.884167194,6.920416832,0,133764000
2018-03-08,6.879459381,0,7.234167099,0,7.259167194,7.129582882,7.207499981,0,115168800
2018-03-09,7.280055046,0,7.655416965,0,7.655416965,7.365832806,7.398333073,0,147348000
2018-03-12,7.389019012,0,7.769999981,0,7.840416908,7.680832863,7.729166985,0,132679200
2018-03-13,7.120768547,0,7.487916946,0,7.840416908,7.410832882,7.729166985,0,182292000
2018-03-14,7.096596718,0,7.462500095,0,7.605416775,7.366666794,7.582499981,0,133622400
2018-03-15,7.064898014,0,7.429166794,0,7.575417042,7.360000134,7.485000134,0,110896800
2018-03-16,7.018143177,0,7.380000114,0,7.528333187,7.366666794,7.471666813,0,78268800
2018-03-19,6.577527523,0,6.916666985,0,7.187082767,6.711249828,7.187082767,0,194232000
2018-03-20,6.625867844,0,6.96750021,0,7.016666889,6.840416908,6.918333054,0,92193600
2018-03-21,6.529978275,0,6.866666794,0,7.108333111,6.780832767,6.916666985,0,132496800
2018-03-22,6.052909851,0,6.364999771,0,6.733333111,6.341667175,6.599999905,0,205879200
2018-03-23,5.563952923,0,5.850832939,0,6.395833015,5.850832939,6.341667175,0,217598400
2018-03-26,6.190007687,0,6.509167194,0,6.534999847,5.932499886,6.208333015,0,183504000
2018-03-27,5.596446037,0,5.885000229,0,6.662083149,5.715416908,6.662083149,0,273614400
2018-03-28,5.403478622,0,5.68208313,0,5.950832844,5.541666985,5.782083035,0,242289600
2018-03-29,5.702637672,0,5.996666908,0,6.154167175,5.605416775,5.768332958,0,197073600
2018-04-02,5.196246624,0,5.464167118,0,5.9375,5.282083035,5.855000019,0,244953600
2018-04-03,5.370589733,0,5.647500038,0,5.716667175,5.349583149,5.614583015,0,221805600
2018-04-04,5.624577999,0,5.914583206,0,5.965833187,5.300000191,5.31791687,0,216729600
2018-04-05,5.712940216,0,6.007500172,0,6.114583015,5.881667137,6.090833187,0,183355200
2018-04-06,5.286589146,0,5.559166908,0,5.992499828,5.475832939,5.820416927,0,232291200
2018-04-09,5.392383099,0,5.670416832,0,6.010832787,5.647916794,5.705832958,0,175891200
2018-04-10,5.74860096,0,6.045000076,0,6.106249809,5.818333149,5.935417175,0,194875200
2018-04-11,5.651917458,0,5.943333149,0,6.140417099,5.925416946,5.94166708,0,143440800
2018-04-12,5.850037575,0,6.151667118,0,6.21875,6.041250229,6.0625,0,142766400
2018-04-13,5.763261318,0,6.060417175,0,6.276667118,5.985833168,6.250417233,0,142485600
2018-04-16,5.890454769,0,6.194167137,0,6.266250134,6.074166775,6.184166908,0,118298400
2018-04-17,6.26727438,0,6.590416908,0,6.638332844,6.34791708,6.380000114,0,124147200
2018-04-18,6.310860634,0,6.636250019,0,6.706250191,6.50416708,6.599999905,0,118089600
2018-04-19,6.139289379,0,6.455832958,0,6.582499981,6.385416985,6.540417194,0,129019200
2018-04-20,5.844885826,0,6.146249771,0,6.416666985,6.079166889,6.40625,0,140812800
2018-04-23,5.798923016,0,6.09791708,0,6.304999828,6,6.231667042,0,123333600
2018-04-24,5.429234028,0,5.709167004,0,6.212082863,5.590000153,6.178332806,0,213019200
2018-04-25,5.450630665,0,5.731667042,0,5.800000191,5.494999886,5.736667156,0,210816000
2018-04-26,5.788619995,0,6.087082863,0,6.145833015,5.892499924,5.949583054,0,141993600
2018-04-27,5.802092552,0,6.101250172,0,6.360416889,5.996666908,6.353332996,0,164858400
2018-04-30,5.678466797,0,5.971250057,0,6.25416708,5.922082901,6.142083168,0,161124000
2018-05-01,5.863112926,0,6.165417194,0,6.173333168,5.88041687,5.919167042,0,116978400
2018-05-02,5.760883331,0,6.057917118,0,6.260416985,6.041666985,6.206250191,0,143652000
2018-05-03,5.761278152,0,6.05833292,0,6.124582767,5.768750191,5.977083206,0,196072800
2018-05-04,6.085402012,0,6.399167061,0,6.443749905,5.965833187,5.981667042,0,185932800
2018-05-07,6.230028152,0,6.551249981,0,6.622083187,6.47416687,6.494166851,0,139063200
2018-05-08,6.209423065,0,6.529582977,0,6.580832958,6.396249771,6.516250134,0,126715200
2018-05-09,6.417447567,0,6.748332977,0,6.764583111,6.50416708,6.574999809,0,114996000
2018-05-10,6.61714983,0,6.958333015,0,6.972499847,6.797500134,6.8125,0,119006400
2018-05-11,6.597338676,0,6.9375,0,6.984167099,6.845832825,6.922916889,0,119697600
2018-05-14,6.62665987,0,6.968332767,0,7.103750229,6.9375,6.981249809,0,109183200
2018-05-15,6.412296295,0,6.742917061,0,6.814167023,6.630833149,6.802499771,0,174520800
2018-05-16,6.530374527,0,6.867083073,0,6.916666985,6.756667137,6.758333206,0,89712000
2018-05-17,6.456675529,0,6.789583206,0,6.945416927,6.68874979,6.797082901,0,103219200
2018-05-18,6.353257179,0,6.680832863,0,6.779167175,6.653333187,6.712082863,0,85466400
2018-05-21,6.464203835,0,6.797500134,0,6.926249981,6.708333015,6.834167004,0,116892000
2018-05-22,6.430523872,0,6.762083054,0,6.920833111,6.732500076,6.884582996,0,96943200
2018-05-23,6.592187881,0,6.93208313,0,6.93625021,6.605833054,6.612500191,0,123045600
2018-05-24,6.586639881,0,6.926249981,0,6.963749886,6.71750021,6.929999828,3,71110400
2018-05-25,6.603282452,0,6.943749905,0,7.019999981,6.883749962,6.928750038,0,63081600
2018-05-29,6.518883228,0,6.855000019,0,6.972499847,6.728750229,6.848750114,0,94451200
2018-05-30,6.657962322,0,7.00124979,0,7.034999847,6.881249905,6.925000191,0,70806400
2018-05-31,6.643698692,0,6.986249924,0,7.122499943,6.929999828,6.991250038,0,81056800
2018-06-01,6.952763557,0,7.31125021,0,7.322500229,7.081250191,7.081250191,0,77171200
2018-06-04,7.131070614,0,7.49875021,0,7.512499809,7.352499962,7.362500191,0,64049600
2018-06-05,7.204769611,0,7.576250076,0,7.613749981,7.476250172,7.558750153,0,55900000
2018-06-06,7.3236413,0,7.701250076,0,7.707499981,7.485000134,7.599999905,0,57628000
2018-06-07,7.153654575,0,7.522500038,0,7.715000153,7.403749943,7.711249828,0,78452000
2018-06-08,7.148900509,0,7.517499924,0,7.550000191,7.353750229,7.403749943,0,49320800
2018-06-11,7.204769611,0,7.576250076,0,7.632500172,7.494999886,7.49875021,0,40836000
2018-06-12,7.318885326,0,7.696249962,0,7.716249943,7.583749771,7.607500076,0,47848000
2018-06-13,7.310565472,0,7.6875,0,7.866250038,7.642499924,7.724999905,0,72247200
2018-06-14,7.532853603,0,7.921249866,0,7.957499981,7.776249886,7.797500134,0,90452800
2018-06-15,7.457964897,0,7.84250021,0,7.886250019,7.724999905,7.829999924,0,77689600
2018-06-18,7.441323757,0,7.824999809,0,7.84375,7.614999771,7.6875,0,68726400
2018-06-19,7.374755383,0,7.755000114,0,7.757500172,7.452499866,7.523749828,0,107633600
2018-06-20,7.529288292,0,7.917500019,0,8.016249657,7.841249943,7.857500076,0,79644800
2018-06-21,7.334339619,0,7.712500095,0,7.99875021,7.666250229,7.972499847,0,102280800
2018-06-22,7.260639668,0,7.635000229,0,7.797500134,7.576250076,7.789999962,0,62227200
2018-06-25,6.797042847,0,7.147500038,0,7.483749866,6.93625021,7.452499866,0,171306400
2018-06-26,6.871930122,0,7.226250172,0,7.347499847,7.137499809,7.216249943,0,94165600
2018-06-27,6.596149921,0,6.93625021,0,7.414999962,6.914999962,7.317500114,0,131838400
2018-06-28,6.757815361,0,7.106249809,0,7.176249981,6.858749866,6.902500153,0,111300000
2018-06-29,6.788720608,0,7.138750076,0,7.320000172,7.132500172,7.208749771,0,78536000
2018-07-02,6.940876007,0,7.298749924,0,7.307499886,6.909999847,6.957499981,0,83296800
2018-07-03,6.701944828,0,7.047500134,0,7.385000229,7.028749943,7.377500057,0,56425600
2018-07-05,6.948009491,0,7.306250095,0,7.323750019,7.073750019,7.18625021,0,65622400
2018-07-06,7.260639668,0,7.635000229,0,7.661250114,7.315000057,7.351250172,0,75012000
2018-07-09,7.462720394,0,7.847499847,0,7.856249809,7.673749924,7.760000229,0,72377600
2018-07-10,7.480550289,0,7.866250038,0,7.918749809,7.784999847,7.881249905,0,66784000
2018-07-11,7.371189117,0,7.75124979,0,7.832499981,7.661250114,7.6875,0,79829600
2018-07-12,7.73493433,0,8.133749962,0,8.140000343,7.829999924,7.846250057,0,81352000
2018-07-13,7.757520199,0,8.157500267,0,8.203749657,8.073749542,8.135000229,0,67876000
2018-07-16,7.705216408,0,8.102499962,0,8.207500458,8.06000042,8.163749695,0,55560000
2018-07-17,7.847860813,0,8.25249958,0,8.300000191,7.847499847,7.849999905,0,75593600
2018-07-18,7.797935963,0,8.199999809,0,8.273750305,8.125,8.25,0,46537600
2018-07-19,7.682631493,0,8.078749657,0,8.194999695,8.047499657,8.119999886,0,76874400
2018-07-20,7.671932697,0,8.067500114,0,8.228750229,8.041250229,8.145000458,0,57396000
2018-07-23,7.738500118,0,8.137499809,0,8.15375042,7.900000095,7.996250153,0,63027200
2018-07-24,7.837163448,0,8.241250038,0,8.481249809,8.143750191,8.393750191,0,95066400
2018-07-25,8.164057732,0,8.585000038,0,8.601249695,8.246250153,8.25249958,0,77241600
2018-07-26,7.807445526,0,8.210000038,0,8.317500114,8.163749695,8.239999771,0,111888000
2018-07-27,7.481739044,0,7.867499828,0,8.362500191,7.722499847,8.354999542,0,118098400
2018-07-30,7.159599304,0,7.528749943,0,7.87624979,7.414999962,7.868750095,0,100805600
2018-07-31,7.302244663,0,7.678750038,0,7.786250114,7.488749981,7.608749866,0,95712000
2018-08-01,7.402095318,0,7.783750057,0,7.853750229,7.65500021,7.75,0,69301600
2018-08-02,7.696895123,0,8.09375,0,8.125,7.605000019,7.612500191,0,92242400
2018-08-03,7.76584053,0,8.166250229,0,8.173749924,8.037500381,8.136249542,0,72133600
2018-08-06,7.908486366,0,8.316249847,0,8.321249962,8.123749733,8.15625,0,68068000
2018-08-07,7.985751629,0,8.397500038,0,8.449999809,8.331250191,8.381250381,0,71970400
2018-08-08,8.007148743,0,8.420000076,0,8.481249809,8.300000191,8.369999886,0,63434400
2018-08-09,8.000017166,0,8.412500381,0,8.512499809,8.37749958,8.412500381,0,54530400
2018-08-10,7.813389301,0,8.21625042,0,8.318750381,8.12749958,8.244999886,0,85626400
2018-08-13,7.790804386,0,8.192500114,0,8.421250343,8.181249619,8.261249542,0,92674400
2018-08-14,7.934637547,0,8.34375,0,8.373749733,8.15375042,8.282500267,0,60727200
2018-08-15,7.64578104,0,8.039999962,0,8.225000381,7.885000229,8.154999733,0,115857600
2018-08-16,7.715916634,0,8.113750458,0,8.268750191,8.066249847,8.217499733,0,65142400
2018-08-17,7.714725971,0,8.112500191,0,8.177499771,7.901249886,8.048749924,0,70262400
2018-08-20,7.699272633,0,8.09624958,0,8.178750038,8,8.171250343,0,67461600
2018-08-21,7.778915405,0,8.180000305,0,8.327500343,8.151249886,8.167499542,0,67069600
2018-08-22,7.86925602,0,8.274999619,0,8.302499771,8.098750114,8.125,0,63313600
2018-08-23,7.830030441,0,8.233750343,0,8.407500267,8.196249962,8.233750343,0,71133600
2018-08-24,8.047567368,0,8.462499619,0,8.483750343,8.3125,8.321249962,0,63956800
2018-08-27,8.290060997,0,8.717499733,0,8.71875,8.552499771,8.598750114,0,72851200
2018-08-28,8.326911926,0,8.756250381,0,8.821249962,8.704999924,8.789999962,0,65224800
2018-08-29,8.618145943,0,9.0625,0,9.074999809,8.793749809,8.801250458,0,65735200
2018-08-30,8.56940937,0,9.011249542,0,9.170000076,8.918749809,9.007499695,0,87863200
2018-08-31,8.594369888,0,9.037500381,0,9.118749619,8.946249962,8.977499962,0,63180000
2018-09-04,8.492143631,0,8.930000305,0,9.003749847,8.77875042,8.958749771,0,80209600
2018-09-05,8.154548645,0,8.574999809,0,8.878749847,8.489999771,8.875,0,107729600
2018-09-06,7.932261467,0,8.34125042,0,8.616250038,8.172499657,8.590000153,0,115504800
2018-09-07,7.853805542,0,8.258749962,0,8.461250305,8.152500153,8.170000076,0,77009600
2018-09-10,7.922751427,0,8.331250191,0,8.402500153,8.191249847,8.386249542,0,55448800
2018-09-11,8.098680496,0,8.516249657,0,8.56000042,8.162500381,8.22124958,0,70522400
2018-09-12,8.02854538,0,8.442500114,0,8.498749733,8.223750114,8.481249809,0,88261600
2018-09-13,8.266288757,0,8.692500114,0,8.75249958,8.583749771,8.587499619,0,74676000
2018-09-14,8.203284264,0,8.626250267,0,8.767499924,8.526249886,8.723750114,0,76688000
2018-09-17,7.857372284,0,8.262499809,0,8.603750229,8.232500076,8.577500343,0,72823200
2018-09-18,8.043997765,0,8.458749771,0,8.581250191,8.267499924,8.279999733,0,72758400
2018-09-19,8.026168823,0,8.43999958,0,8.522500038,8.273750305,8.462499619,0,58962400
2018-09-20,8.278176308,0,8.704999924,0,8.74750042,8.545000076,8.602499962,0,62683200
2018-09-21,8.14622879,0,8.566249847,0,8.822500229,8.538749695,8.782500267,0,60281600
2018-09-24,8.216363907,0,8.640000343,0,8.648750305,8.279999733,8.388750076,0,52875200
2018-09-25,8.249643326,0,8.675000191,0,8.691249847,8.538749695,8.623749733,0,43259200
2018-09-26,8.241323471,0,8.666250229,0,8.933750153,8.638750076,8.682499886,0,70920000
2018-09-27,8.469556808,0,8.90625,0,8.99750042,8.77875042,8.795000076,0,58525600
2018-09-28,8.456481934,0,8.892499924,0,8.96875,8.784999847,8.829999924,0,61857600
2018-10-01,8.505217552,0,8.943750381,0,9.146249771,8.885000229,9.0625,0,68232000
2018-10-02,8.456481934,0,8.892499924,0,9.095000267,8.829999924,8.920000076,0,64787200
2018-10-03,8.481445313,0,8.918749809,0,9.0625,8.878749847,9.001250267,0,66569600
2018-10-04,7.99764061,0,8.409999847,0,8.822500229,8.212499619,8.8125,0,150889600
2018-10-05,7.696895123,0,8.09375,0,8.478750229,7.852499962,8.399999619,0,132924000
2018-10-08,7.559005737,0,7.948750019,0,8.15625,7.65500021,7.980000019,0,119353600
2018-10-09,7.61725235,0,8.010000229,0,8.199999809,7.898749828,7.958749771,0,104289600
2018-10-10,6.629434586,0,6.971250057,0,7.882500172,6.929999828,7.87375021,0,242856000
2018-10-11,6.360785961,0,6.68874979,0,7.15625,6.478750229,6.87624979,0,222432000
2018-10-12,6.898082733,0,7.253749847,0,7.315000057,6.849999905,7.222499847,0,168488000
2018-10-15,6.637755394,0,6.980000019,0,7.213749886,6.90625,7.182499886,0,159735200
2018-10-16,7.209525108,0,7.581250191,0,7.646249771,7.168749809,7.204999924,0,124466400
2018-10-17,7.233299732,0,7.606249809,0,7.722499847,7.368750095,7.710000038,0,130120800
2018-10-18,6.731663704,0,7.078750134,0,7.516250134,6.976250172,7.507500172,0,156348800
2018-10-19,6.704323769,0,7.050000191,0,7.423749924,6.973750114,7.223750114,0,134836800
2018-10-22,6.805363178,0,7.15625,0,7.322500229,6.996250153,7.176249981,0,114926400
2018-10-23,6.730474949,0,7.077499866,0,7.184999943,6.528749943,6.773749828,0,176781600
2018-10-24,5.815167904,0,6.114999771,0,7.087500095,6.085000038,7.051249981,0,204842400
2018-10-25,6.411900997,0,6.742499828,0,6.846250057,6.303750038,6.386250019,0,152073600
2018-10-26,5.913831711,0,6.21875,0,6.603750229,5.934999943,6.050000191,0,244761600
2018-10-29,5.597634315,0,5.886250019,0,6.574999809,5.480000019,6.497499943,0,217961600
2018-10-30,5.813979626,0,6.113749981,0,6.131249905,5.696249962,5.78000021,0,184865600
2018-10-31,6.206253529,0,6.526249886,0,6.707499981,6.40625,6.40625,0,180157600
2018-11-01,6.477279663,0,6.81125021,0,6.827499866,6.429999828,6.583749771,0,126066400
2018-11-02,6.187233925,0,6.506249905,0,6.866250038,6.349999905,6.743750095,0,174357600
2018-11-05,6.126610279,0,6.442500114,0,6.517499924,6.21999979,6.510000229,0,102600800
2018-11-06,6.25617981,0,6.578750134,0,6.691249847,6.408750057,6.426249981,0,111461600
2018-11-07,6.831515312,0,7.183750153,0,7.195000172,6.771249771,6.81374979,0,138552000
2018-11-08,6.71502161,0,7.06125021,0,7.164999962,6.957499981,7.098750114,0,117524800
2018-11-09,6.373860836,0,6.702499866,0,6.909999847,6.536250114,6.864999771,0,136739200
2018-11-12,5.813979626,0,6.113749981,0,6.598750114,6.073750019,6.5625,0,154367200
2018-11-13,5.811601639,0,6.111249924,0,6.4375,6.054999828,6.183750153,0,154454400
2018-11-14,5.664202213,0,5.956250191,0,6.352499962,5.860000134,6.284999847,0,156124000
2018-11-15,5.967323303,0,6.275000095,0,6.326250076,5.776249886,5.923749924,0,169816800
2018-11-16,5.901943207,0,6.206250191,0,6.300000191,6.014999866,6.09499979,0,134324800
2018-11-19,5.336117268,0,5.611249924,0,6.143750191,5.550000191,6.114999771,0,186492000
2018-11-20,5.040129662,0,5.300000191,0,5.53000021,5.087500095,5.215000153,0,202991200
2018-11-21,5.153057098,0,5.418749809,0,5.577499866,5.389999866,5.503749847,0,115115200
2018-11-23,5.038939953,0,5.298749924,0,5.465000153,5.28125,5.284999847,0,56880000
2018-11-26,5.384854794,0,5.662499905,0,5.672500134,5.452499866,5.522500038,0,119964800
2018-11-27,5.440725327,0,5.721250057,0,5.764999866,5.486249924,5.577499866,0,120163200
2018-11-28,5.956624985,0,6.263750076,0,6.269999981,5.75,5.849999905,0,195064800
2018-11-29,5.901943207,0,6.206250191,0,6.333749771,6.059999943,6.190000057,0,129044800
2018-11-30,6.025569439,0,6.336249828,0,6.355000019,6.141250134,6.230000019,0,116635200
2018-12-03,6.334634781,0,6.661250114,0,6.787499905,6.53125,6.760000229,0,149343200
2018-12-04,5.638050556,0,5.928750038,0,6.62375021,5.883749962,6.568749905,0,210096000
2018-12-06,5.720071793,0,6.014999866,0,6.027500153,5.478750229,5.551249981,0,196156000
2018-12-07,5.160189152,0,5.426249981,0,6.052499771,5.375,5.949999809,0,222987200
2018-12-10,5.321853161,0,5.596250057,0,5.670000076,5.227499962,5.394999981,0,176468800
2018-12-11,5.378911972,0,5.65625,0,5.875,5.511250019,5.866250038,0,172163200
2018-12-12,5.514423847,0,5.798749924,0,6.066249847,5.796249866,5.902500153,0,169451200
2018-12-13,5.515613556,0,5.800000191,0,5.986249924,5.690000057,5.912499905,0,164724800
2018-12-14,5.099565029,0,5.362500191,0,5.666250229,5.338749886,5.611249924,0,156177600
2018-12-17,4.770292282,0,5.016250134,0,5.43625021,4.886250019,5.308750153,0,200592800
2018-12-18,4.849936008,0,5.099999905,0,5.25124979,4.971250057,5.135000229,0,157893600
2018-12-19,4.499266624,0,4.731249809,0,5.323750019,4.610000134,5.088749886,0,307862400
2018-12-20,4.318582058,0,4.541250229,0,4.847499847,4.341249943,4.683750153,0,320818400
2018-12-21,3.901345491,0,4.102499962,0,4.676249981,4.026249886,4.581250191,0,369034400
2018-12-24,3.612488747,0,3.798749924,0,4.161250114,3.789999962,4,0,175600800
2018-12-26,4.268472672,0,4.482500076,0.005125,4.492499828,3.829999924,3.912499905,0,378235200
2018-12-27,4.329178333,0,4.546249866,0,4.550000191,4.014999866,4.324999809,0,341834400
2018-12-28,4.31132412,0,4.527500153,0,4.763750076,4.421249866,4.625,0,304842400
2018-12-31,4.408928394,0,4.630000114,0,4.710000038,4.506249905,4.670000076,0,216966400
2019-01-02,4.472015858,0,4.696249962,0,4.778749943,4.341249943,4.347499847,0,271665600
2019-01-03,4.038740158,0,4.241250038,0,4.551249981,4.203750134,4.497499943,0,330510400
2019-01-04,4.555336952,0,4.783750057,0,4.84499979,4.396249771,4.443749905,0,272964000
2019-01-07,4.700557232,0,4.93625021,0,5.018750191,4.766250134,4.808750153,0,213106400
2019-01-08,4.836253166,0,5.078750134,0,5.138750076,4.862500191,5.086249828,0,211622400
2019-01-09,4.9505229,0,5.198750019,0,5.271249771,5.074999809,5.139999866,0,178098400
2019-01-10,4.99813509,0,5.24875021,0,5.253749847,4.994999886,5.079999924,0,175131200
2019-01-11,4.938620567,0,5.18625021,0,5.203750134,5.101250172,5.15500021,0,120804800
2019-01-14,4.810065746,0,5.051249981,0,5.117499828,4.982500076,5.053750038,0,111383200
2019-01-15,5.076696873,0,5.331250191,0,5.364999771,5.107500076,5.117499828,0,145125600
2019-01-16,5.083837986,0,5.338749886,0,5.482500076,5.335000038,5.371250153,0,135892800
2019-01-17,5.202869415,0,5.463749886,0,5.533750057,5.257500172,5.287499905,0,142040000
2019-01-18,5.345707893,0,5.613749981,0,5.701250076,5.481249809,5.590000153,0,166908800
2019-01-22,5.05050993,0,5.303750038,0,5.510000229,5.164999962,5.50124979,0,181734400
2019-01-23,5.055271626,0,5.308750153,0,5.4375,5.127500057,5.368750095,0,166093600
2019-01-24,5.144545078,0,5.402500153,0,5.427499771,5.292500019,5.352499962,0,128115200
2019-01-25,5.327853203,0,5.59499979,0,5.646249771,5.477499962,5.53249979,0,139513600
2019-01-28,5.13145113,0,5.388750076,0,5.388750076,5.25124979,5.37624979,0,140359200
2019-01-29,4.986232758,0,5.236249924,0,5.401249886,5.178750038,5.398749828,0,122530400
2019-01-30,5.35999155,0,5.628749847,0,5.690000057,5.361249924,5.412499905,0,175824000
2019-01-31,5.595674038,0,5.87624979,0,5.965000153,5.710000038,5.727499962,0,160575200
2019-02-01,5.524254799,0,5.801249981,0,5.927499771,5.757500172,5.792500019,0,141561600
2019-02-04,5.72660923,0,6.013750076,0,6.019999981,5.792500019,5.808750153,0,110976800
2019-02-05,5.877779007,0,6.172500134,0,6.199999809,6.037499905,6.046249866,0,128916800
2019-02-06,5.831357479,0,6.12375021,0,6.216249943,6.039999962,6.184999943,0,145420000
2019-02-07,5.593294144,0,5.87375021,0,6.003749847,5.736249924,5.958749771,0,209793600
2019-02-08,5.621860504,0,5.903749943,0,5.90625,5.699999809,5.713749886,0,144722400
2019-02-11,5.608768463,0,5.889999866,0,6.013750076,5.84499979,5.971250057,0,121196800
2019-02-12,5.85159111,0,6.144999981,0,6.173749924,5.986249924,6.016250134,0,128226400
2019-02-13,5.863494396,0,6.15749979,0,6.284999847,6.139999866,6.232500076,0,127609600
2019-02-14,5.88491869,0,6.179999828,0,6.243750095,6.027500153,6.087500095,0,153369600
2019-02-15,5.955149651,0,6.253749847,0,6.315000057,6.170000076,6.31374979,0,142496000
2019-02-19,5.990859509,0,6.291250229,0,6.348750114,6.195000172,6.195000172,0,103572800
2019-02-20,5.986097336,0,6.286250114,0,6.378749847,6.18625021,6.306250095,0,171065600
2019-02-21,5.918248653,0,6.215000153,0,6.286250114,6.116250038,6.233749866,0,128493600
2019-02-22,6.046802998,0,6.349999905,0,6.364999771,6.246250153,6.257500172,0,119637600
2019-02-25,6.113461018,0,6.420000076,0,6.547500134,6.40749979,6.50124979,0,124102400
2019-02-26,6.132505894,0,6.440000057,0,6.5,6.340000153,6.369999886,0,105356800
2019-02-27,6.113461018,0,6.420000076,0,6.447500229,6.223750114,6.353750229,0,115844000
2019-02-28,6.075371742,0,6.380000114,0,6.447500229,6.324999809,6.363749981,0,92063200
2019-03-01,6.196784496,0,6.507500172,0,6.536250114,6.377500057,6.514999866,0,140156800
2019-03-04,6.197973251,0,6.508749962,0,6.666250229,6.293749809,6.621250153,0,213088000
2019-03-05,6.213449001,0,6.525000095,0,6.585000038,6.427499771,6.522500038,0,100348800
2019-03-06,6.106317997,0,6.412499905,0,6.547500134,6.382500172,6.541250229,0,123468800
2019-03-07,5.883729935,0,6.178750038,0,6.367499828,6.103750229,6.360000134,0,169306400
2019-03-08,5.850401402,0,6.143750191,0,6.152500153,5.945000172,5.96750021,0,174936800
2019-03-11,6.215829372,0,6.527500153,0,6.538750172,6.216249943,6.216249943,0,128468000
2019-03-12,6.317004681,0,6.633749962,0,6.683750153,6.53125,6.578750134,0,151606400
2019-03-13,6.453892231,0,6.777500153,0,6.886250019,6.707499981,6.733749866,0,145129600
2019-03-14,6.425323963,0,6.747499943,0,6.815000057,6.737500191,6.789999962,0,95443200
2019-03-15,6.584826946,0,6.914999962,0,6.992499828,6.807499886,6.826250076,0,138845600
2019-03-18,6.644341469,0,6.977499962,0,7.042500019,6.880000114,6.921249866,0,148994400
2019-03-19,6.711000443,0,7.047500134,0,7.159999847,6.961249828,7.067500114,0,164380800
2019-03-20,6.788397312,0,7.12624979,0.0025,7.256249905,6.948750019,7.043749809,0,183522400
2019-03-21,7.102753639,0,7.456250191,0,7.487500191,7.056250095,7.059999943,0,151957600
2019-03-22,6.638364792,0,6.96875,0,7.418749809,6.942500114,7.358749866,0,267601600
2019-03-25,6.596688271,0,6.925000191,0,6.996250153,6.772500038,6.882500172,0,210369600
2019-03-26,6.687185287,0,7.019999981,0,7.210000038,6.913750172,7.086249828,0,175872000
2019-03-27,6.556203365,0,6.882500172,0,7.097499847,6.731249809,7.048749924,0,176810400
2019-03-28,6.59787941,0,6.926249981,0,7.003749847,6.803750038,6.933750153,0,128437600
2019-03-29,6.746721268,0,7.082499981,0,7.102499962,6.960000038,7.078750134,0,126980000
2019-04-01,7.012256145,0,7.361249924,0,7.387499809,7.212500095,7.287499905,0,122364800
2019-04-02,7.089654922,0,7.442500114,0,7.465000153,7.328750134,7.386250019,0,106728800
2019-04-03,7.212300301,0,7.571249962,0,7.711249828,7.50124979,7.567500114,0,151384000
2019-04-04,7.201583385,0,7.559999943,0,7.659999847,7.428750038,7.572500229,0,143620800
2019-04-05,7.309941292,0,7.673749924,0,7.6875,7.597499847,7.632500172,0,104654400
2019-04-08,7.367096901,0,7.733749866,0,7.74875021,7.545000076,7.635000229,0,103460000
2019-04-09,7.286124706,0,7.648749828,0,7.728750229,7.599999905,7.65500021,0,104121600
2019-04-10,7.404009819,0,7.772500038,0,7.777500153,7.653749943,7.682499886,0,99244000
2019-04-11,7.348043442,0,7.713749886,0,7.803750038,7.670000076,7.801249981,0,111770400
2019-04-12,7.438540936,0,7.808750153,0,7.824999809,7.716249943,7.8125,0,95228000
2019-04-15,7.444494247,0,7.815000057,0,7.840000153,7.65749979,7.808750153,0,83369600
2019-04-16,7.517128468,0,7.891250134,0,7.943749905,7.823750019,7.893750191,0,94287200
2019-04-17,7.59214592,0,7.96999979,0,8.069999695,7.901249886,8.045000076,0,114422400
2019-04-18,7.615960121,0,7.994999886,0,8.013750076,7.858749866,8.010000229,0,91903200
2019-04-22,7.680260658,0,8.0625,0,8.073749542,7.875,7.893750191,0,75756800
2019-04-23,7.971991062,0,8.368749619,0,8.399999619,8.09125042,8.126250267,0,104954400
2019-04-24,7.894593239,0,8.287500381,0,8.422499657,8.28374958,8.387499809,0,95075200
2019-04-25,7.9827075,0,8.380000114,0,8.481249809,8.253749847,8.47124958,0,119690400
2019-04-26,8.011285782,0,8.409999847,0,8.412500381,8.137499809,8.351249695,0,110516800
2019-04-29,8.054152489,0,8.454999924,0,8.496250153,8.367500305,8.407500267,0,83797600
2019-04-30,7.869587421,0,8.261249542,0,8.301250458,8.083749771,8.25,0,127595200
2019-05-01,7.779090881,0,8.166250229,0,8.488750458,8.157500267,8.414999962,0,125916000
2019-05-02,7.683832645,0,8.066249847,0,8.291250229,7.90625,8.168749809,0,141288800
2019-05-03,8.045816422,0,8.446249962,0,8.46875,8.223750114,8.267499924,0,108889600
2019-05-06,7.901736259,0,8.295000076,0,8.327500343,7.869999886,7.913750172,0,161715200
2019-05-07,7.442111492,0,7.8125,0,8.12749958,7.579999924,8.026249886,0,237529600
2019-05-08,7.3766222,0,7.743750095,0,7.923749924,7.648749828,7.733749866,0,161237600
2019-05-09,7.259930134,0,7.621250153,0,7.698750019,7.283750057,7.494999886,0,220417600
2019-05-10,7.280172348,0,7.642499924,0,7.753749847,7.15500021,7.53000021,0,227858400
2019-05-13,6.527624607,0,6.852499962,0,7.178750038,6.783750057,7.059999943,0,234920800
2019-05-14,6.732432842,0,7.067500114,0,7.197500229,6.878749847,6.952499866,0,140192000
2019-05-15,7.012256145,0,7.361249924,0,7.423749924,6.923749924,6.932499886,0,176160000
2019-05-16,7.231351376,0,7.591249943,0,7.727499962,7.351250172,7.375,0,174026400
2019-05-17,7.006302357,0,7.355000019,0,7.667500019,7.333749771,7.361249924,0,182510400
2019-05-20,6.655033588,0,6.986249924,0,7.128749847,6.90625,7.047500134,0,184368800
2019-05-21,6.855079174,0,7.196249962,0,7.255000114,7.091249943,7.158750057,0,114487200
2019-05-22,6.76577425,0,7.102499962,0,7.222499847,7.070000172,7.072500229,0,128912800
2019-05-23,6.446656227,0,6.767499924,0,6.860000134,6.638750076,6.857500076,0,207680800
2019-05-24,6.437130451,0,6.757500172,0,6.949999809,6.735000134,6.883749962,0,137225600
2019-05-28,6.368067265,0,6.684999943,0,6.926249981,6.678750038,6.817500114,0,116903200
2019-05-29,6.208508492,0,6.517499924,0,6.625,6.40749979,6.56125021,0,177921600
2019-05-30,6.28233242,0,6.59499979,0,6.647500038,6.480000019,6.566249847,0,136428000
2019-05-31,5.979886055,0,6.277500153,0,6.426249981,6.267499924,6.358749866,0,140600800
2019-06-03,5.597659588,0,5.87624979,0,6.275000095,5.766250134,6.227499962,0,241812800
2019-06-04,6.051331043,0,6.352499962,0,6.360000134,5.988749981,6.050000191,0,163869600
2019-06-05,6.184692383,0,6.492499828,0,6.539999962,6.296249866,6.536250114,0,152316800
2019-06-06,6.327581406,0,6.642499924,0,6.693749905,6.43874979,6.525000095,0,100302400
2019-06-07,6.688375473,0,7.021249771,0,7.114999771,6.727499962,6.75,0,151548000
2019-06-10,6.932476044,0,7.277500153,0,7.477499962,7.170000076,7.170000076,0,183272000
2019-06-11,6.958673,0,7.304999828,0,7.546249866,7.231249809,7.507500172,0,137447200
2019-06-12,6.840790272,0,7.181250095,0,7.287499905,7.137499809,7.241250038,0,110176000
2019-06-13,6.952718735,0,7.298749924,0,7.353750229,7.222499847,7.266250134,0,98559200
2019-06-14,6.862222195,0,7.203750134,0,7.262499809,7.12375021,7.183750153,0,77144800
2019-06-17,6.987250805,0,7.335000038,0,7.396249771,7.230000019,7.24875021,0,75050400
2019-06-18,7.289698124,0,7.652500153,0,7.81125021,7.538750172,7.59375,0,141829600
2019-06-19,7.375431538,0,7.742499828,0,7.795000076,7.550000191,7.691249847,0,136979200
2019-06-20,7.577857018,0,7.954999924,0,8.066249847,7.778749943,8.061249733,0,119355200
2019-06-21,7.543326378,0,7.918749809,0,8.067500114,7.868750095,7.913750172,0,104646400
2019-06-24,7.540943146,0,7.916250229,0,7.986249924,7.901249886,7.961249828,0,68938400
2019-06-25,7.155145645,0,7.511250019,0,7.909999847,7.472499847,7.897500038,0,139623200
2019-06-26,7.245640278,0,7.606249809,0,7.797500134,7.574999809,7.652500153,0,94115200
2019-06-27,7.32422924,0,7.68874979,0,7.74875021,7.631249905,7.68874979,0,75270400
2019-06-28,7.35518837,0,7.721250057,0,7.773749828,7.638750076,7.747499943,0,98932800
2019-07-01,7.648110867,0,8.02875042,0,8.193750381,7.923749924,8.162500381,0,144820800
2019-07-02,7.740988255,0,8.126250267,0,8.126250267,7.954999924,8.020000458,0,81248800
2019-07-03,7.912454128,0,8.306249619,0,8.306249619,8.157500267,8.177499771,0,67127200
2019-07-05,7.861251354,0,8.25249958,0,8.298749924,8.038749695,8.136249542,0,116844800
2019-07-08,7.695739746,0,8.078749657,0,8.100000381,7.977499962,8.098750114,0,105787200
2019-07-09,7.811241627,0,8.199999809,0,8.227499962,7.941249847,7.958749771,0,88595200
2019-07-10,8.042244911,0,8.442500114,0,8.511249542,8.300000191,8.350000381,0,154109600
2019-07-11,8.020810127,0,8.420000076,0,8.537500381,8.338749886,8.483750343,0,127849600
2019-07-12,8.155364037,0,8.561249733,0,8.563750267,8.422499657,8.443750381,0,89192800
2019-07-15,8.224428177,0,8.633749962,0,8.648750305,8.551250458,8.619999886,0,73394400
2019-07-16,8.107735634,0,8.511249542,0,8.635000229,8.430000305,8.606249809,0,111992000
2019-07-17,7.987470627,0,8.385000229,0,8.553750038,8.380000114,8.515000343,0,92508000
2019-07-18,8.022000313,0,8.421250343,0,8.457500458,8.178750038,8.261249542,0,135568000
2019-07-19,7.827911854,0,8.217499733,0,8.587499619,8.196249962,8.587499619,0,140779200
2019-07-22,8.012475967,0,8.411250114,0,8.46625042,8.277500153,8.279999733,0,95506400
2019-07-23,8.167272568,0,8.573749542,0,8.577500343,8.380000114,8.551250458,0,116049600
2019-07-24,8.341119766,0,8.756250381,0,8.756250381,8.475000381,8.479999542,0,109244800
2019-07-25,8.102972984,0,8.506250381,0,8.668749809,8.454999924,8.667499542,0,150075200
2019-07-26,8.343502045,0,8.758749962,0,8.798749924,8.652500153,8.662500381,0,111478400
2019-07-29,8.266102791,0,8.677499771,0,8.744999886,8.508749962,8.744999886,0,113275200
2019-07-30,8.155364037,0,8.561249733,0,8.659999847,8.457500458,8.477499962,0,111504000
2019-07-31,7.811241627,0,8.199999809,0,8.643750191,7.962500095,8.628749847,0,196340800
2019-08-01,7.701694012,0,8.085000038,0,8.699999809,7.954999924,8.244999886,0,298384800
2019-08-02,7.349235058,0,7.715000153,0,7.928750038,7.574999809,7.900000095,0,246920000
2019-08-05,6.577637196,0,6.90500021,0,7.242499828,6.710000038,7.242499828,0,302484800
2019-08-06,6.847934723,0,7.18874979,0,7.247499943,6.9375,7.090000153,0,213540800
2019-08-07,6.947956562,0,7.293749809,0,7.328750134,6.787499905,6.951250076,0,307908800
2019-08-08,7.407581329,0,7.776249886,0,7.778749943,7.336249828,7.40500021,0,219056000
2019-08-09,7.188484669,0,7.546249866,0,7.739999771,7.371250153,7.65749979,0,221366400
2019-08-12,6.947956562,0,7.293749809,0,7.478750229,7.190000057,7.409999847,0,213311200
2019-08-13,7.404009819,0,7.772500038,0,7.923749924,7.25,7.28000021,0,239259200
2019-08-14,6.740768433,0,7.076250076,0,7.46750021,7.03249979,7.393750191,0,304930400
2019-08-15,6.712190628,0,7.046249866,0,7.164999962,6.883749962,7.112500191,0,208939200
2019-08-16,7.021781921,0,7.371250153,0,7.43625021,7.222499847,7.222499847,0,164405600
2019-08-19,7.35042572,0,7.716249943,0,7.78000021,7.621250153,7.683750153,0,120044000
2019-08-20,7.199202538,0,7.557499886,0,7.756249905,7.551249981,7.676249981,0,125264000
2019-08-21,7.382575989,0,7.75,0,7.823750019,7.671249866,7.753749847,0,101481600
2019-08-22,7.311131477,0,7.675000191,0,7.848750114,7.491250038,7.795000076,0,152629600
2019-08-23,6.641936779,0,6.972499847,0,7.724999905,6.885000229,7.516250134,0,302350400
2019-08-26,6.91104269,0,7.255000114,0,7.257500172,7.057499886,7.18625021,0,146585600
2019-08-27,6.869367599,0,7.211249828,0,7.445000172,7.125,7.40625,0,154579200
2019-08-28,6.938430309,0,7.283750057,0,7.321249962,7.03125,7.138750076,0,127824800
2019-08-29,7.253976345,0,7.614999771,0,7.678750038,7.46750021,7.552499771,0,141523200
2019-08-30,7.202774525,0,7.56125021,0,7.741250038,7.432499886,7.739999771,0,136103200
2019-09-03,6.99320364,0,7.341249943,0,7.522500038,7.263750076,7.411250114,0,128785600
2019-09-04,7.287317276,0,7.650000095,0,7.671249866,7.489999771,7.547500134,0,100464800
2019-09-05,7.689785957,0,8.072500229,0,8.138750076,7.889999866,7.902500153,0,126744000
2019-09-06,7.668352604,0,8.050000191,0,8.119999886,7.994999886,8.106249809,0,115038400
2019-09-09,7.619533062,0,7.99875021,0,8.133749962,7.871250153,8.121250153,0,112312800
2019-09-10,7.556424141,0,7.932499886,0,7.934999943,7.710000038,7.867499828,0,136765600
2019-09-11,7.760038376,0,8.146249771,0,8.161250114,7.916250229,7.96875,0,111400800
2019-09-12,7.856491566,0,8.24750042,0,8.43500042,8.211250305,8.297499657,0,139931200
2019-09-13,7.773138046,0,8.159999847,0,8.267499924,8.125,8.212499619,0,107610400
2019-09-16,7.665971279,0,8.047499657,0,8.097499847,7.974999905,7.99875021,0,97124000
2019-09-17,7.767184258,0,8.15375042,0,8.161250114,7.997499943,8.045000076,0,90796000
2019-09-18,7.762421131,0,8.148750305,0,8.15874958,7.84375,8.107500076,0,142063200
2019-09-19,7.796951294,0,8.18500042,0,8.336250305,8.137499809,8.191249847,0,132770400
2019-09-20,7.551660538,0,7.927499771,0,8.243749619,7.84250021,8.220000267,0,123512800
2019-09-23,7.558805943,0,7.934999943,0,8.005000114,7.837500095,7.909999847,0,89409600
2019-09-24,7.259930134,0,7.621250153,0,8.092499733,7.517499924,8.043749809,0,203765600
2019-09-25,7.492124557,0,7.864999771,0,7.929999828,7.403749943,7.59499979,0,152304000
2019-09-26,7.417107105,0,7.786250114,0,7.857500076,7.607500076,7.841249943,0,136214400
2019-09-27,7.14800024,0,7.503749847,0,7.831250191,7.332499981,7.818749905,0,188492000
2019-09-30,7.338518143,0,7.703750134,0,7.739999771,7.534999847,7.574999809,0,117103200
2019-10-01,7.16109848,0,7.517499924,0,7.918749809,7.477499962,7.789999962,0,158454400
2019-10-02,6.794351578,0,7.132500172,0,7.366250038,7.002500057,7.366250038,0,270824000
2019-10-03,7.018210411,0,7.367499828,0,7.371250153,6.863749981,7.127500057,0,240521600
2019-10-04,7.313512802,0,7.677499771,0,7.710000038,7.448750019,7.463749886,0,168977600
2019-10-07,7.245640278,0,7.606249809,0,7.791250229,7.567500114,7.607500076,0,162530400
2019-10-08,6.915807724,0,7.260000229,0,7.559999943,7.25,7.454999924,0,235405600
2019-10-09,7.125376225,0,7.480000019,0,7.576250076,7.382500172,7.449999809,0,152269600
2019-10-10,7.281362534,0,7.643750191,0,7.733749866,7.460000038,7.481249809,0,176239200
2019-10-11,7.554042339,0,7.929999828,0,8.125,7.892499924,7.902500153,0,222509600
2019-10-14,7.562376976,0,7.93874979,0,8.013750076,7.882500172,7.90625,0,91493600
2019-10-15,7.849344254,0,8.239999771,0,8.293749809,7.996250153,8.010000229,0,140721600
2019-10-16,7.791000843,0,8.178750038,0,8.238750458,8.098750114,8.152500153,0,117193600
2019-10-17,7.844582558,0,8.234999657,0,8.357500076,8.142499924,8.319999695,0,121839200
2019-10-18,7.619533062,0,7.99875021,0,8.253749847,7.87375021,8.202500343,0,154444000
2019-10-21,7.820766926,0,8.210000038,0,8.227499962,8.053750038,8.128749847,0,94176000
2019-10-22,7.639774799,0,8.020000458,0,8.34125042,8.010000229,8.295000076,0,125023200
2019-10-23,7.675497532,0,8.057499886,0,8.063750267,7.925000191,7.963749886,0,96905600
2019-10-24,7.895784855,0,8.288749695,0,8.305000305,8.121250153,8.233750343,0,122484800
2019-10-25,8.075584412,0,8.477499962,0,8.498749733,8.15625,8.161250114,0,129177600
2019-10-28,8.322067261,0,8.736249924,0,8.771249771,8.607500076,8.607500076,0,111596000
2019-10-29,8.130358696,0,8.534999847,0,8.731249809,8.52875042,8.693750381,0,107028000
2019-10-30,8.244670868,0,8.654999733,0,8.697500229,8.433750153,8.579999924,0,118984800
2019-10-31,8.25062561,0,8.661250114,0,8.739999771,8.513750076,8.72124958,0,123296000
2019-11-01,8.47448349,0,8.896249771,0,8.898750305,8.736249924,8.776249886,0,115052800
2019-11-04,8.625707626,0,9.055000305,0,9.121250153,9.015000343,9.076250076,0,99926400
2019-11-05,8.636424065,0,9.066249847,0,9.12250042,8.986249924,9.09624958,0,103229600
2019-11-06,8.58164978,0,9.008749962,0,9.047499657,8.881250381,9.043749809,0,115329600
2019-11-07,8.668572426,0,9.100000381,0,9.274999619,9.021249771,9.151249886,0,125719200
2019-11-08,8.770976067,0,9.207500458,0,9.211250305,8.978750229,9.046250343,0,81607200
2019-11-11,8.734063148,0,9.168749809,0,9.182499886,9.03125,9.071249962,0,76092800
2019-11-12,8.805506706,0,9.243749619,0,9.340000153,9.149999619,9.18999958,0,128692000
2019-11-13,8.792408943,0,9.229999542,0,9.27875042,9.132499695,9.15375042,0,111758400
2019-11-14,8.790027618,0,9.227499962,0,9.246250153,9.063750267,9.148750305,0,106651200
2019-11-15,8.95553875,0,9.401249886,0,9.417499542,9.307499886,9.388750076,0,90586400
2019-11-18,9.001979828,0,9.449999809,0,9.49750042,9.272500038,9.388750076,0,96696000
2019-11-19,9.0388937,0,9.488750458,0,9.558750153,9.386249542,9.558750153,0,112120000
2019-11-20,8.880524635,0,9.322500229,0,9.503749847,9.102499962,9.418749809,0,150380000
2019-11-21,8.811461449,0,9.25,0,9.306249619,9.168749809,9.289999962,0,90659200
2019-11-22,8.835274696,0,9.274999619,0,9.338749886,9.121250153,9.319999695,0,83668000
2019-11-25,9.141295433,0,9.59624958,0,9.602499962,9.387499809,9.390000343,0,80078400
2019-11-26,9.196070671,0,9.65375042,0,9.688750267,9.574999809,9.613750458,0,83690400
2019-11-27,9.381824493,0,9.848750114,0,9.852499962,9.68999958,9.722499847,0,81556800
2019-11-29,9.256795883,0,9.717499733,0,9.821249962,9.699999809,9.776249886,0,53796000
2019-12-02,8.959111214,0,9.404999733,0,9.723750114,9.253749847,9.717499733,0,151815200
2019-12-03,8.757879257,0,9.193750381,0,9.203749657,8.888750076,9.037500381,0,156052000
2019-12-04,8.887669563,0,9.329999924,0,9.396249771,9.292499542,9.336250305,0,87659200
2019-12-05,8.93410778,0,9.378749847,0,9.428750038,9.246250153,9.427499771,0,89080800
2019-12-06,9.21035862,0,9.668749809,0,9.702500343,9.567500114,9.585000038,0,92941600
2019-12-09,9.097238541,0,9.550000191,0,9.766249657,9.539999962,9.636249542,0,77928800
2019-12-10,9.076994896,0,9.52875042,0,9.659999847,9.460000038,9.556249619,0,112048000
2019-12-11,9.213932037,0,9.672499657,0,9.703749657,9.545000076,9.585000038,0,90596000
2019-12-12,9.424692154,0,9.893750191,0,10,9.602499962,9.641249657,0,183164000
2019-12-13,9.509231567,0,9.982500076,0,10.09000015,9.807499886,9.869999886,0,160996000
2019-12-16,9.781913757,0,10.26875019,0,10.32124996,10.17000008,10.17749977,0,99388000
2019-12-17,9.795012474,0,10.28250027,0,10.34875011,10.25,10.32124996,0,84548800
2019-12-18,9.817634583,0,10.30624962,0,10.40999985,10.29249954,10.33125019,0,71408000
2019-12-19,10.01767826,0,10.51624966,0,10.52250004,10.33250046,10.33250046,0,83384800
2019-12-20,10.13675213,0,10.64124966,0,10.68999958,10.57499981,10.65375042,0,99548000
2019-12-23,10.2117672,0,10.72000027,0,10.77250004,10.69624996,10.75249958,0,72427200
2019-12-24,10.22499275,0,10.72999954,0.003875,10.75874996,10.65625,10.74374962,0,39898400
2019-12-26,10.49062347,0,11.00874996,0,11.01375008,10.77875042,10.77875042,0,64258400
2019-12-27,10.45965004,0,10.97624969,0,11.13249969,10.89375019,11.12625027,0,99750400
2019-12-30,10.25119972,0,10.75749969,0,10.98250008,10.60000038,10.96625042,0,112905600
2019-12-31,10.30956459,0,10.81875038,0,10.84500027,10.60750008,10.66250038,0,84380000
2020-01-02,10.82057476,0,11.35499954,0,11.35499954,11.02750015,11.08874989,0,131072000
2020-01-03,10.52635956,0,11.04625034,0,11.25,10.90499973,10.91125011,0,145180000
2020-01-06,10.72647285,0,11.25625038,0,11.26000023,10.74374962,10.78374958,0,128095200
2020-01-07,10.71337223,0,11.24250031,0,11.34749985,11.14500046,11.26749992,0,107699200
2020-01-08,10.95994091,0,11.50125027,0,11.65999985,11.19124985,11.24499989,0,159164800
2020-01-09,11.23629475,0,11.79125023,0,11.85750008,11.59000015,11.77875042,0,145423200
2020-01-10,11.14457321,0,11.69499969,0,11.93375015,11.64124966,11.92374992,0,137604000
2020-01-13,11.53408623,0,12.10375023,0,12.10999966,11.78874969,11.84125042,0,116558400
2020-01-14,11.39948463,0,11.96249962,0,12.14375019,11.90250015,12.07250023,0,145737600
2020-01-15,11.40663147,0,11.97000027,0,12.14124966,11.85249996,11.97249985,0,133003200
2020-01-16,11.72467232,0,12.30375004,0,12.31124973,12.06624985,12.13875008,0,121100800
2020-01-17,11.89977455,0,12.48750019,0,12.51749992,12.28250027,12.46374989,0,144402400
2020-01-21,11.89381886,0,12.48124981,0,12.56375027,12.36999989,12.37874985,0,138882400
2020-01-22,11.97481728,0,12.56624985,0,12.78625011,12.52250004,12.65375042,0,136148800
2020-01-23,12.08559513,0,12.68249989,0,12.69874954,12.37125015,12.54125023,0,143588800
2020-01-24,11.77232075,0,12.35375023,0,12.90124989,12.18875027,12.86250019,0,239374400
2020-01-27,11.0445137,0,11.59000015,0,11.79374981,11.27250004,11.53125,0,198626400
2020-01-28,11.55790901,0,12.12874985,0,12.20874977,11.74750042,11.83125019,0,171862400
2020-01-29,11.59959888,0,12.17249966,0,12.36999989,12.02250004,12.32874966,0,137877600
2020-01-30,11.73062801,0,12.31000042,0,12.32499981,11.83125019,11.94999981,0,200249600
2020-01-31,11.15410423,0,11.70499992,0,12.46875,11.59375,12.46000004,0,220384000
2020-02-03,11.6663065,0,12.24250031,0,12.33250046,11.86625004,11.88875008,0,173688000
2020-02-04,12.46319675,0,13.07874966,0,13.15625,12.62749958,12.75,0,140248800
2020-02-05,12.60732937,0,13.22999954,0,13.57250023,12.98624992,13.56999969,0,174612000
2020-02-06,12.91465092,0,13.55249977,0,13.56750011,13.17625046,13.31375027,0,113132800
2020-02-07,12.74788761,0,13.37749958,0,13.60124969,13.26500034,13.37250042,0,154052000
2020-02-10,13.20767784,0,13.85999966,0,13.86375046,13.23750019,13.24750042,0,123248800
2020-02-11,13.21720695,0,13.86999989,0,14.23375034,13.76000023,14.08749962,0,193770400
2020-02-12,13.60433674,0,14.27624989,0,14.29374981,14.01249981,14.11124992,0,121608000
2020-02-13,13.55192375,0,14.22124958,0,14.38749981,13.92249966,13.97375011,0,155282400
2020-02-14,13.64364529,0,14.31750011,0,14.37374973,14.13500023,14.27750015,0,113969600
2020-02-18,13.66747093,0,14.34249973,0,14.42875004,14.07374954,14.11499977,0,130167200
2020-02-19,14.06293869,0,14.75749969,0,14.85000038,14.55000019,14.60124969,0,105627200
2020-02-20,13.66270351,0,14.33749962,0,14.74750042,13.79874992,14.66250038,0,227657600
2020-02-21,12.88129807,0,13.51749992,0,14.19750023,13.34125042,14.13249969,0,207107200
2020-02-24,11.3971014,0,11.96000004,0,12.44750023,11.70374966,12.03499985,0,269674400
2020-02-25,10.47513771,0,10.99250031,0,12.36375046,10.86750031,12.24125004,0,300793600
2020-02-26,10.61926937,0,11.14375019,0,11.71625042,10.89375019,11.15999985,0,335736000
2020-02-27,9.031439781,0,9.477499962,0,10.80125046,9.447500229,10.28750038,0,425116000
2020-02-28,9.172001839,0,9.625,0,9.678750038,8.4375,8.551250458,0,494222400
2020-03-02,10.42391682,0,10.93875027,0,10.96749973,9.496250153,9.90874958,0,363518400
2020-03-03,9.442394257,0,9.90874958,0,11.4375,9.609999657,11.04625034,0,548126400
2020-03-04,10.58829784,0,11.11124992,0,11.14375019,10.16250038,10.44250011,0,315827200
2020-03-05,9.659186363,0,10.13624954,0,10.84500027,9.886249542,10.27999973,0,386972000
2020-03-06,9.152939796,0,9.604999542,0,9.760000229,8.875,9.09125042,0,393519200
2020-03-09,7.293526173,0,7.653749943,0,8.643750191,7.625,7.691249847,0,406964800
2020-03-10,8.428709984,0,8.845000267,0,8.866250038,7.625,8.49750042,0,456252800
2020-03-11,7.344746113,0,7.707499981,0,8.40375042,7.375,8.222499847,0,430928000
2020-03-12,5.331671238,0,5.59499979,0,7.1875,5.550000191,6.1875,0,618225600
2020-03-13,6.770601749,0,7.105000019,0,7.163750172,5.632500172,6.53000021,0,556290400
2020-03-16,4.437102318,0,4.65625,0,6.074999809,4.62375021,5.057499886,0,658290400
2020-03-17,5.160142422,0,5.414999962,0,5.642499924,4.46875,4.922500134,0,762020800
2020-03-18,4.68248415,0,4.913750172,0,5.1875,4.091249943,4.537499905,0,848999200
2020-03-19,4.79088068,0,5.027500153,0,5.510000229,4.5,4.856249809,0,804808800
2020-03-20,4.229839802,0,4.43874979,0,5.474999905,4.387499809,5.37375021,0,782255200
2020-03-23,4.242943287,0,4.452499866,0,4.75,4.033750057,4.491250038,0,820073600
2020-03-24,5.188731194,0,5.445000172,0,5.46750021,5.016250134,5.153749943,0,829824000
2020-03-25,5.068422318,0,5.318749905,0,5.980000019,5.135000229,5.525000095,0,834874400
2020-03-26,5.893902779,0,6.184999943,0,6.25,5.458749771,5.478750229,0,649240000
2020-03-27,5.281641483,0,5.542500019,0,6.041250229,5.473750114,5.703750134,0,557143200
2020-03-30,5.836726665,0,6.125,0,6.172500134,5.625,5.697500229,0,416621600
2020-03-31,5.67472744,0,5.954999924,0,6.441249847,5.857500076,6.076250076,0,731904000
2020-04-01,4.970746994,0,5.216249943,0,5.715000153,5.077499866,5.449999809,0,535589600
2020-04-02,5.264965534,0,5.525000095,0,5.542500019,5.096250057,5.150000095,0,467531200
2020-04-03,5.052937508,0,5.302499771,0,5.622499943,5.107500076,5.482500076,0,554484000
2020-04-06,6.110695839,0,6.412499905,0,6.523749828,5.795000076,5.888750076,0,518616800
2020-04-07,6.098783016,0,6.400000095,0,7.036250114,6.375,6.987500191,0,658009600
2020-04-08,6.488296509,0,6.808750153,0,6.875,6.409999847,6.586249828,0,518180000
2020-04-09,6.51211834,0,6.833749771,0,7.090000153,6.658750057,6.991250038,0,553297600
2020-04-13,6.738441467,0,7.071249962,0,7.110000134,6.633749962,6.75,0,426961600
2020-04-14,7.612759113,0,7.988749981,0,8.050000191,7.423749924,7.506249905,0,490049600
2020-04-15,7.360231876,0,7.723750114,0,7.923749924,7.457499981,7.613749981,0,431688000
2020-04-16,7.754508018,0,8.137499809,0,8.258749962,7.743750095,7.976250172,0,562920000
2020-04-17,7.948668003,0,8.34125042,0,8.512499809,8.003749847,8.458749771,0,463564800
2020-04-20,7.691376209,0,8.071249962,0,8.438750267,8.057499886,8.148750305,0,386998400
2020-04-21,6.840882301,0,7.178750038,0,7.891250134,7.038750172,7.832499981,0,519489600
2020-04-22,7.445994854,0,7.81374979,0,7.957499981,7.538750172,7.628749847,0,274185600
2020-04-23,7.397157192,0,7.762499809,0,8.198749542,7.715000153,7.903749943,0,424868000
2020-04-24,7.754508018,0,8.137499809,0,8.175000191,7.651249886,7.817500114,0,317981600
2020-04-27,7.905785084,0,8.296250343,0,8.448749542,8.204999924,8.397500038,0,304741600
2020-04-28,7.47815609,0,7.847499847,0,8.52875042,7.826250076,8.527500153,0,386247200
2020-04-29,8.255990028,0,8.663749695,0,8.796250343,8.261249542,8.381250381,0,346104000
2020-04-30,8.310782433,0,8.72124958,0,8.808750153,8.493749619,8.801250458,0,380544800
2020-05-01,7.565112114,0,7.93874979,0,8.413749695,7.8125,8.164999962,0,346245600
2020-05-04,7.831934929,0,8.21875,0,8.241250038,7.758749962,7.817500114,0,200756000
2020-05-05,8.08207798,0,8.481249809,0,8.777500153,8.401249886,8.46625042,0,288714400
2020-05-06,8.241696358,0,8.648750305,0,8.891249657,8.548749924,8.692500114,0,311880800
2020-05-07,8.563311577,0,8.986249924,0,9.09375,8.821249962,8.978750229,0,289489600
2020-05-08,8.908750534,0,9.348750114,0,9.368749619,9.06499958,9.193750381,0,262202400
2020-05-11,9.130308151,0,9.581250191,0,9.737500191,9.15625,9.183750153,0,269384000
2020-05-12,8.587132454,0,9.011249542,0,9.766249657,9.003749847,9.683750153,0,339363200
2020-05-13,8.261946678,0,8.670000076,0,9.306249619,8.345000267,9.073749542,0,491119200
2020-05-14,8.535915375,0,8.957500458,0,8.961250305,8.263750076,8.505000114,0,402999200
2020-05-15,8.68242836,0,9.111249924,0,9.137499809,8.536250114,8.588749886,0,357806400
2020-05-18,9.185102463,0,9.638750076,0,9.774999619,9.402500153,9.5,0,296474400
2020-05-19,9.114822388,0,9.56499958,0,9.946249962,9.550000191,9.672499657,0,261430400
2020-05-20,9.648467064,0,10.125,0,10.18875027,9.901249886,9.901249886,0,285416000
2020-05-21,9.351863861,0,9.813750267,0,10.23999977,9.741250038,10.15499973,0,322693600
2020-05-22,9.43643856,0,9.902500153,0,9.936249733,9.631250381,9.761249542,0,209664800
2020-05-26,9.397130013,0,9.861249924,0,10.41499996,9.797499657,10.38125038,0,245202400
2020-05-27,9.529349327,0,10,0,10.00500011,9.172499657,9.763750076,0,347291200
2020-05-28,9.468598366,0,9.936249733,0,10.40124989,9.818750381,9.824999809,0,303992800
2020-05-29,9.859302521,0,10.34624958,0,10.41499996,9.789999962,10.00500011,0,358492800
2020-06-01,9.980801582,0,10.47375011,0,10.52999973,10.20374966,10.25749969,0,209881600
2020-06-02,10.1797266,0,10.68249989,0,10.69375038,10.20499992,10.52999973,0,250714400
2020-06-03,10.31790352,0,10.82750034,0,10.93624973,10.65124989,10.76875019,0,215033600
2020-06-04,10.10825825,0,10.60750008,0,10.98499966,10.42000008,10.77875042,0,266408800
2020-06-05,10.70741558,0,11.23624992,0,11.31624985,10.6875,10.73750019,0,281394400
2020-06-08,10.94564819,0,11.48624992,0,11.51000023,10.98750019,11.19874954,0,218544800
2020-06-09,11.18983841,0,11.74250031,0,11.87250042,11.34249973,11.36124992,0,213179200
2020-06-10,11.5936451,0,12.16625023,0,12.40250015,11.92249966,11.99499989,0,302911200
2020-06-11,9.886699677,0,10.375,0,11.77624989,10.35249996,11.57250023,0,383332000
2020-06-12,10.10110855,0,10.60000038,0,11.20625019,10.05375004,11.03625011,0,411876800
2020-06-15,10.45726871,0,10.97375011,0,11.08500004,10.00749969,10.13500023,0,398184800
2020-06-16,11.00997257,0,11.55375004,0,11.76500034,11.03874969,11.67374992,0,383217600
2020-06-17,11.11717701,0,11.66625023,0,11.93249989,11.55000019,11.77124977,0,258858400
2020-06-18,11.20294189,0,11.75625038,0,11.79500008,11.50500011,11.61750031,0,212785600
2020-06-19,11.18745613,0,11.73999977,0,12.15375042,11.49499989,12.12125015,0,289950400
2020-06-22,11.58530903,0,12.15750027,0,12.19375038,11.68875027,11.73875046,0,220133600
2020-06-23,11.88786221,0,12.47500038,0,12.82750034,12.33250046,12.42125034,0,234898400
2020-06-24,11.18745613,0,11.73999977,0,12.55875015,11.48124981,12.36250019,0,392821600
2020-06-25,11.48405743,0,12.05125046,0,12.09000015,11.34249973,11.73875046,0,301703200
2020-06-26,10.65857792,0,11.18500042,0,12.03750038,11.11250019,12.00249958,0,375940800
2020-06-29,10.99925041,0,11.54249954,0,11.55375004,10.78499985,11.15124989,0,259609600
2020-06-30,11.63176155,0,12.20625019,0,12.31000042,11.51624966,11.53999996,0,251388800
2020-07-01,12.04748058,0,12.64249992,0,12.80875015,12.15499973,12.23250008,0,252137600
2020-07-02,12.30357933,0,12.91125011,0,13.23375034,12.84249973,13.03625011,0,228152000
2020-07-06,13.20767784,0,13.85999966,0,13.94750023,13.41125011,13.41250038,0,211984000
2020-07-07,12.94800282,0,13.58749962,0,14.27000046,13.52999973,13.81875038,0,246099200
2020-07-08,13.44591331,0,14.10999966,0,14.11750031,13.56124973,13.80375004,0,239931200
2020-07-09,13.78182125,0,14.46249962,0,14.58374977,13.73250008,14.42625046,0,317596000
2020-07-10,14.07365704,0,14.76875019,0,14.80624962,13.98624992,14.42749977,0,242789600
2020-07-13,13.20410538,0,13.85624981,0,15.74374962,13.71125031,15.25625038,0,374584800
2020-07-14,13.48402977,0,14.14999962,0,14.21500015,12.92374992,13.44874954,0,459751200
2020-07-15,13.55073547,0,14.22000027,0,14.52750015,13.67374992,14.35750008,0,367544000
2020-07-16,13.26008987,0,13.91499996,0,14.04500008,13.37374973,13.75500011,0,299972000
2020-07-17,13.32203102,0,13.97999954,0,14.13000011,13.625,14.02000046,0,231003200
2020-07-20,14.45602322,0,15.17000008,0,15.27875042,13.88624954,14.10000038,0,251621600
2020-07-21,13.99385071,0,14.68500042,0,15.45874977,14.55000019,15.44874954,0,294313600
2020-07-22,14.15584946,0,14.85499954,0,15.01624966,14.45625019,14.77124977,0,227788800
2020-07-23,13.04686928,0,13.69124985,0,14.90499973,13.44624996,14.78874969,0,336648800
2020-07-24,12.66093159,0,13.28625011,0,13.52000046,12.62625027,13.06375027,0,357218400
2020-07-27,13.34108925,0,14,0,14.06875038,13.43500042,13.57374954,0,267624000
2020-07-28,12.83960629,0,13.47375011,0,13.96374989,13.42125034,13.88500023,0,238702400
2020-07-29,13.27676487,0,13.93249989,0,14.07625008,13.64375019,13.71125031,0,194280800
2020-07-30,13.49236774,0,14.15874958,0,14.24625015,13.42000008,13.61250019,0,302200000
2020-07-31,14.22017193,0,14.92249966,0,14.9375,14.10999966,14.91499996,0,359815200
2020-08-03,14.75024033,0,15.47875023,0,15.64124966,15.25749969,15.28125,0,217868000
2020-08-04,14.94202042,0,15.68000031,0,15.70250034,15.29249954,15.41499996,0,211008000
2020-08-05,15.06113625,0,15.80500031,0,15.88374996,15.61375046,15.76875019,0,162381600
2020-08-06,15.63766003,0,16.40999985,0,16.49124908,15.65250015,15.76375008,0,192064000
2020-08-07,15.12665176,0,15.87374973,0,16.47750092,15.46125031,16.32749939,0,296708000
2020-08-10,14.92296124,0,15.65999985,0,15.95125008,15.02124977,15.90874958,0,254311200
2020-08-11,14.07603931,0,14.77124977,0,15.68124962,14.67374992,15.44499969,0,310273600
2020-08-12,15.12903214,0,15.87625027,0,16.04500008,15.13749981,15.13749981,0,221247200
2020-08-13,15.2350502,0,15.98750019,0,16.39749908,15.81624985,16.01000023,0,234281600
2020-08-14,15.19097424,0,15.94124985,0,16.14875031,15.67625046,16.08250046,0,199737600
2020-08-17,15.69245434,0,16.46750069,0,16.54500008,16.20750046,16.23374939,0,126664800
2020-08-18,16.15344048,0,16.95125008,0,17.04999924,16.41124916,16.67874908,0,149313600
2020-08-19,15.83777809,0,16.62000084,0,17.15125084,16.53624916,16.94874954,0,205847200
2020-08-20,16.48934746,0,17.30374908,0,17.39875031,16.39624977,16.46875,0,152774400
2020-08-21,16.83359718,0,17.66500092,0,17.75124931,17.22374916,17.33250046,0,164280000
2020-08-24,17.14568329,0,17.99250031,0,18.44499969,17.55500031,18.27625084,0,251384000
2020-08-25,17.54591179,0,18.41250038,0,18.43124962,17.75875092,17.85375023,0,172556800
2020-08-26,18.66918182,0,19.59124947,0,19.63125038,18.63500023,18.65875053,0,219663200
2020-08-27,18.50004005,0,19.41374969,0,19.98374939,18.94750023,19.82250023,0,302602400
2020-08-28,18.785923,0,19.71375084,0,19.84124947,19.39374924,19.66124916,0,198145600
2020-08-31,19.22069931,0,20.17000008,0,20.56749916,19.72750092,19.81749916,0,180398400
2020-09-01,20.21890068,0,21.21750069,0,21.24625015,20.36874962,20.73999977,0,193147200
2020-09-02,20.78946877,0,21.81624985,0,21.95874977,20.58374977,21.93499947,0,289369600
2020-09-03,17.59713745,0,18.46624947,0,20.92499924,17.85250092,20.84124947,0,443024800
2020-09-04,16.87171173,0,17.70499992,0,18.78750038,15.48250008,18.17250061,0,561480800
2020-09-08,14.48699379,0,15.20250034,0,16.74625015,15.13249969,15.61874962,0,426824800
2020-09-09,15.73176384,0,16.50875092,0,16.89999962,15.70874977,16.12874985,0,290352000
2020-09-10,14.82171249,0,15.55375004,0,17.29874992,15.21749973,17.06500053,0,465936800
2020-09-11,14.49771404,0,15.21374989,0,16.02375031,14.60124969,15.875,0,385797600
2020-09-14,15.24457836,0,15.99750042,0,16.35124969,15.63500023,15.875,0,269032800
2020-09-15,15.89257431,0,16.67749977,0,16.92749977,16.37000084,16.66625023,0,300889600
2020-09-16,15.12903214,0,15.87625027,0,16.91500092,15.82374954,16.81624985,0,306141600
2020-09-17,14.43219948,0,15.14500046,0,15.49499989,14.50625038,14.65124989,0,446844800
2020-09-18,13.87473202,0,14.56000042,0,15.43124962,13.84500027,15.35750008,0,463042400
2020-09-21,14.03911209,0,14.73250008,0,14.74374962,13.51249981,13.90375042,0,375314400
2020-09-22,14.80622768,0,15.53750038,0,15.64124966,14.55749989,15.14999962,0,315066400
2020-09-23,13.43519115,0,14.09875011,0,15.51875019,13.96374989,15.48124981,0,405507200
2020-09-24,13.63173294,0,14.30500031,0,14.83874989,13.64624977,13.71125031,0,375036000
2020-09-25,14.58705235,0,15.30749989,0,15.44499969,14.13125038,14.38374996,0,324478400
2020-09-28,15.45183945,0,16.21500015,0,16.25,15.69624996,16.16124916,0,273331200
2020-09-29,15.28983974,0,16.04500008,0,16.35499954,15.94124985,16.18499947,0,221805600
2020-09-30,15.59239769,0,16.36249924,0,16.94000053,16.03125,16.07374954,0,338768000
2020-10-01,16.32258415,0,17.12874985,0,17.25875092,16.72249985,17.07125092,0,278676000
2020-10-02,14.97656345,0,15.71625042,0,16.70375061,15.54125023,16.01499939,0,399553600
2020-10-05,15.92116261,0,16.70750046,0,16.76250076,16.03125,16.05875015,0,210790400
2020-10-06,15.06590271,0,15.81000042,0,16.88999939,15.64375019,16.54874992,0,345648800
2020-10-07,15.8580246,0,16.64125061,0,16.76375008,16.17250061,16.27124977,0,225088800
2020-10-08,16.09149361,0,16.88624954,0,17.07625008,16.69249916,17.05624962,0,197893600
2020-10-09,16.8073864,0,17.63750076,0,17.67374992,17.12000084,17.19249916,0,195271200
2020-10-12,18.37496948,0,19.28249931,0,19.84124947,18.35750008,18.54999924,0,294116800
2020-10-13,18.37734795,0,19.28499985,0,19.79125023,19.01874924,19.64999962,0,283861600
2020-10-14,17.92351723,0,18.80875015,0,19.64999962,18.45624924,19.45750046,0,296589600
2020-10-15,17.55305862,0,18.42000008,0,18.54874992,17.74250031,17.87750053,0,249076800
2020-10-16,17.28385925,0,18.13750076,0,19.03375053,18.0625,18.75875092,0,228096800
2020-10-19,16.42502594,0,17.23624992,0,18.68874931,17.04500008,18.50499916,0,277555200
2020-10-20,16.53104019,0,17.34749985,0,17.92499924,17.07374954,17.37249947,0,274710400
2020-10-21,16.48815727,0,17.30249977,0,17.87624931,17.21500015,17.38624954,0,242572800
2020-10-22,16.49649048,0,17.31125069,0,17.625,16.68375015,17.46249962,0,239163200
2020-10-23,16.59297752,0,17.41250038,0,17.42874908,16.86124992,17.42625046,0,191088000
2020-10-26,15.83658886,0,16.61874962,0,17.49749947,15.93624973,16.97125053,0,317113600
2020-10-27,16.21061516,0,17.01124954,0,17.14999962,16.56500053,16.78375053,0,223860000
2020-10-28,14.30831909,0,15.01500034,0,16.28000069,14.97500038,16.17749977,0,369440000
2020-10-29,15.03612137,0,15.77875042,0,16.30750084,15.15499973,15.24250031,0,276374400
2020-10-30,13.99027729,0,14.68124962,0,15.59125042,14.19375038,15.44375038,0,461622400
2020-11-02,13.99503994,0,14.68624973,0,15.26124954,14.20125008,14.97375011,0,302272000
2020-11-03,14.69902134,0,15.42500019,0,15.80125046,14.82499981,14.99750042,0,269938400
2020-11-04,16.68588829,0,17.51000023,0,17.82999992,16.66500092,16.94874954,0,338375200
2020-11-05,17.97354126,0,18.86124992,0,19.06875038,18.44874954,18.70750046,0,300264800
2020-11-06,18.03429031,0,18.92499924,0,19.07125092,18.00749969,18.73374939,0,270302400
2020-11-09,16.93365288,0,17.77000046,0,19.79750061,17.68499947,19.45999908,0,331731200
2020-11-10,16.02002907,0,16.81125069,0,17.40625,16.29375076,17.14249992,0,337333600
2020-11-11,17.09684181,0,17.94124985,0,18.02375031,17.18499947,17.25875092,0,253661600
2020-11-12,16.84669685,0,17.67874908,0,18.36499977,17.46500015,18.10625076,0,286687200
2020-11-13,17.28862,0,18.14249992,0,18.26000023,17.58250046,17.97249985,0,209495200
2020-11-16,17.68647003,0,18.55999947,0,18.62624931,17.96750069,18.09375,0,213748800
2020-11-17,17.523283,0,18.38875008,0,18.67000008,18.26625061,18.60000038,0,182704000
2020-11-18,17.11709213,0,17.96249962,0,18.59375,17.96249962,18.28249931,0,154341600
2020-11-19,17.54115105,0,18.40749931,0,18.46125031,17.74500084,17.86375046,0,159341600
2020-11-20,17.18499184,0,18.03375053,0,18.53375053,18.01499939,18.38125038,0,129993600
2020-11-23,17.1885643,0,18.03750038,0,18.46750069,17.59499931,18.22750092,0,179060800
2020-11-24,17.89135361,0,18.77499962,0,18.87874985,17.88375092,18.22750092,0,156015200
2020-11-25,18.22845459,0,19.12874985,0,19.25124931,18.80624962,18.96500015,0,128677600
2020-11-27,18.72636604,0,19.65125084,0,19.88375092,19.44124985,19.50499916,0,92927200
2020-11-30,18.82285118,0,19.75250053,0,19.84749985,18.82250023,19.71500015,0,184622400
2020-12-01,19.56255913,0,20.52874947,0,20.86874962,20.01250076,20.22374916,0,169989600
2020-12-02,19.64118576,0,20.61124992,0,20.68000031,19.89749908,20.27625084,0,146129600
2020-12-03,19.72098351,0,20.69499969,0,21.02375031,20.54375076,20.66124916,0,157461600
2020-12-04,19.96279335,0,20.94874954,0,20.97999954,20.56374931,20.70000076,0,127088000
2020-12-07,20.30108643,0,21.30374908,0,21.37750053,20.95000076,20.98749924,0,124028000
2020-12-08,20.48690796,0,21.49875069,0,21.58499908,20.82625008,21.20624924,0,133925600
2020-12-09,19.11468315,0,20.05875015,0,21.53249931,19.82749939,21.47999954,0,244878400
2020-12-10,19.34934425,0,20.30500031,0,20.53375053,19.40749931,19.62999916,0,173346400
2020-12-11,19.21355057,0,20.16250038,0,20.19124985,19.48749924,19.95624924,0,169819200
2020-12-14,19.6233139,0,20.59250069,0,21.00625038,20.39624977,20.40374947,0,146684800
2020-12-15,20.23319054,0,21.23250008,0,21.25124931,20.61499977,21.07250023,0,157417600
2020-12-16,20.5726757,0,21.58875084,0,21.78125,21.12249947,21.34625053,0,137590400
2020-12-17,20.99434853,0,22.03125,0,22.08499908,21.69874954,21.95624924,0,139275200
2020-12-18,20.76564217,0,21.79125023,0,22.23875046,21.31624985,22.19499969,0,168756000
2020-12-21,20.68821907,0,21.70999908,0,21.82749939,20.58499908,21.19625092,0,203596800
2020-12-22,20.851408,0,21.88125038,0,22.08875084,21.27249908,21.91250038,0,160330400
2020-12-23,20.53693581,0,21.55125046,0,21.96999931,21.52249908,21.87999916,0,119434400
2020-12-24,20.80375862,0,21.83124924,0,21.93000031,21.59000015,21.61375046,0,77065600
2020-12-28,21.42793274,0,22.48624992,0,22.59499931,22.00374985,22.39500046,0,117052800
2020-12-29,21.49106216,0,22.55249977,0,22.92499924,22.35124969,22.79375076,0,121142400
2020-12-30,21.48749161,0,22.54874992,0,22.875,22.40875053,22.80624962,0,104807200
2020-12-31,21.65544891,0,22.72500038,0,22.80999947,22.29125023,22.53375053,0,106708000
2021-01-04,20.70846748,0,21.73125076,0,23.04874992,20.85375023,23.01000023,0,197472000
2021-01-05,21.22781563,0,22.27625084,0,22.31999969,21.53499985,21.53499985,0,118712800
2021-01-06,20.34992599,0,21.35499954,0,22.29249954,21.02750015,21.23749924,0,210730400
2021-01-07,21.81982422,0,22.89749908,0,23.08124924,21.91875076,21.92124939,0,123695200
2021-01-08,22.66555786,0,23.78499985,0,23.86000061,22.92499924,23.41374969,0,152815200
2021-01-11,21.66378212,0,22.73374939,0,23.36750031,22.60124969,23.10124969,0,140325600
2021-01-12,21.56968498,0,22.63500023,0,23.00124931,22.04999924,22.76499939,0,146031200
2021-01-13,21.98897552,0,23.07500076,0,23.27375031,22.5625,22.69625092,0,108750400
2021-01-14,21.65425301,0,22.72374916,0,23.41749954,22.62000084,23.1875,0,118236000
2021-01-15,21.12776184,0,22.17124939,0,22.89125061,21.88500023,22.67625046,0,141692000
2021-01-19,22.04376602,0,23.13249969,0,23.25875092,22.45000076,22.68124962,0,120967200
2021-01-20,23.58037758,0,24.74500084,0,24.97125053,23.88249969,23.96375084,0,121736000
2021-01-21,24.1664257,0,25.36000061,0,25.53499985,24.75,25.0625,2,92168400
2021-01-22,23.94725418,0,25.12999916,0,25.37999916,24.96999931,25.10250092,0,81878800
2021-01-25,24.61192513,0,25.82749939,0,26.26749992,24.20000076,25.94000053,0,153170400
2021-01-26,24.63813019,0,25.85499954,0,26.14500046,25.54500008,25.93000031,0,90968800
2021-01-27,22.65126228,0,23.77000046,0,25.32500076,23.25,25.31500053,0,188900800
2021-01-28,22.9847908,0,24.12000084,0,25.25,23.83749962,23.97249985,0,90021600
2021-01-29,21.55300522,0,22.61750031,0,23.97999954,22.1875,23.72500038,0,184278400
2021-02-01,23.13726044,0,24.28000069,0,24.50749969,22.93499947,23.38750076,0,105659600
2021-02-02,24.25696182,0,25.45499992,0,25.73999977,24.94000053,24.97249985,0,92746400
2021-02-03,23.97822762,0,25.16250038,0,26.05750084,25.16250038,25.98250008,0,95172000
2021-02-04,24.82633781,0,26.05249977,0,26.07500076,25.1875,25.51000023,0,72808800
2021-02-05,25.08601189,0,26.32500076,0,26.57250023,25.89249992,26.29999924,0,86615200
2021-02-08,25.57677078,0,26.84000015,0,26.88750076,26.33749962,26.73999977,0,76994800
2021-02-09,25.56485939,0,26.82749939,0,27.14249992,26.62000084,26.62000084,0,65768800
2021-02-10,25.38380432,0,26.63750076,0,27.29999924,25.86499977,27.19499969,0,123548000
2021-02-11,25.79356384,0,27.06749916,0,27.18499947,26.48999977,27.04000092,0,98860000
2021-02-12,26.23191452,0,27.52750015,0,27.57500076,26.61000061,26.89500046,0,77471600
2021-02-16,26.012743,0,27.29750061,0,27.96500015,27.02000046,27.73999977,0,88663600
2021-02-17,25.65062714,0,26.91749954,0,26.98500061,26.00250053,26.55750084,0,105986800
2021-02-18,25.30518913,0,26.55500031,0,26.73999977,25.56999969,26.01499939,0,110202000
2021-02-19,24.97165871,0,26.20499992,0,26.92000008,25.96500015,26.90999985,0,93377200
2021-02-22,23.03720284,0,24.17499924,0,25.45000076,24.125,25.13500023,0,132734800
2021-02-23,22.83232117,0,23.95999908,0,24.34000015,21.60499954,22.94499969,0,199274800
2021-02-24,23.38264084,0,24.53750038,0,24.61750031,22.72500038,23.30999947,0,123042000
2021-02-25,20.94074249,0,21.97500038,0,24.51749992,21.61249924,23.90500069,0,237792000
2021-02-26,21.25521469,0,22.30500031,0,23.29000092,21.5625,22.59749985,0,209318400
2021-03-01,23.1086731,0,24.25,0,24.32749939,23.04750061,23.34000015,0,133707200
2021-03-02,22.0008831,0,23.08749962,0,24.42250061,23.02499962,24.38500023,0,151693200
2021-03-03,20.09263039,0,21.08499908,0,23.04999924,21.0625,22.84250069,0,231542400
2021-03-04,19.0991993,0,20.04249954,0,21.65999985,19.21999931,20.99250031,0,432037200
2021-03-05,19.95445824,0,20.94000053,0,21.11750031,18.75749969,20.57250023,0,336656400
2021-03-08,18.24870682,0,19.14999962,0,21.21249962,19.06749916,20.81999969,0,235731600
2021-03-09,20.39756775,0,21.40500069,0,21.78750038,20.48250008,20.61750031,0,173429200
2021-03-10,20.22366333,0,21.22249985,0,22.375,21.07749939,22.31500053,0,203371200
2021-03-11,21.62685585,0,22.69499969,0,23.06500053,22.03499985,22.25499916,0,158935600
2021-03-12,21.08844757,0,22.12999916,0,22.16749954,21.26749992,21.79249954,0,166590000
2021-03-15,21.76264954,0,22.83749962,0,22.87750053,21.84499931,22.20249939,0,126701600
2021-03-16,22.11999893,0,23.21249962,0,23.99749947,22.89999962,23.33499908,0,168770400
2021-03-17,22.39873123,0,23.50499916,0,23.93250084,22.15250015,22.53000069,0,196370800
2021-03-18,20.34277534,0,21.34749985,0,22.625,21.23749924,22.40250015,0,228253600
2021-03-19,20.60245323,0,21.62000084,0,21.88750076,20.85000038,21.3125,0,193286400
2021-03-22,21.70070839,0,22.77249908,0,23.21750069,22.07250023,22.07250023,0,141101200
2021-03-23,21.41721535,0,22.47500038,0,23.30750084,22.29249954,23.01250076,0,187780800
2021-03-24,20.33562851,0,21.34000015,0,22.78000069,21.3125,22.77249908,0,190483600
2021-03-25,20.22604561,0,21.22500038,0,21.54500008,20.41250038,20.95499992,0,239874400
2021-03-26,21.11942101,0,22.16250038,0,22.24250031,20.88249969,21.18000031,0,215060400
2021-03-29,21.10750771,0,22.14999962,0,22.38500023,21.43000031,22.05999947,0,190589200
2021-03-30,20.80733299,0,21.83499908,0,21.94750023,21.23999977,21.73749924,0,148349600
2021-03-31,21.74120903,0,22.81500053,0,23.14999962,22.12750053,22.19750023,0,161968800
2021-04-01,22.84661674,0,23.97500038,0,24.00749969,23.60499954,23.65999985,0,145087200
2021-04-05,24.21884537,0,25.41500092,0,25.59499931,24.49250031,24.55249977,0,130539600
2021-04-06,24.16166687,0,25.35499954,0,25.81999969,25.17749977,25.34000015,0,120606800
2021-04-07,24.34033966,0,25.54249954,0,25.74500084,25.02499962,25.25749969,0,98987200
2021-04-08,25.10030556,0,26.34000015,0,26.38500023,26.02499962,26.22999954,0,113619200
2021-04-09,25.55533028,0,26.81749916,0,26.86499977,25.82999992,26.00499916,0,129438400
2021-04-12,25.45527458,0,26.71249962,0,26.80999947,26.24500084,26.57500076,0,109632000
2021-04-13,26.32720947,0,27.62750053,0,27.75,27.03000069,27.09499931,0,115022000
2021-04-14,25.40286255,0,26.65749931,0,27.73250008,26.44000053,27.69750023,0,161227600
2021-04-15,26.52494049,0,27.83499908,0,27.94249916,27.30999947,27.34250069,0,120798000
2021-04-16,26.63691139,0,27.95249939,0,27.99749947,27.47500038,27.97750092,0,117488000
2021-04-19,25.9102993,0,27.19000053,0,27.84250069,26.6875,27.53750038,0,159168000
2021-04-20,25.34330368,0,26.59499931,0,27.32999992,26.09749985,27.01250076,0,158283600
2021-04-21,25.98414993,0,27.26749992,0,27.30750084,26.00499916,26.25,0,111057200
2021-04-22,25.0383625,0,26.27499962,0,27.40749931,25.98500061,27.16749954,0,174848400
2021-04-23,25.98176765,0,27.26499939,0,27.57999992,26.43000031,26.43000031,0,107686000
2021-04-26,26.49635506,0,27.80500031,0,27.86750031,27.13750076,27.32749939,0,99976800
2021-04-27,26.14853477,0,27.44000053,0,27.91749954,27.19249916,27.86750031,0,119312800
2021-04-28,25.87933159,0,27.15749931,0,27.60000038,26.99250031,27.34749985,0,118950000
2021-04-29,26.13900375,0,27.43000031,0,28.05750084,26.64500046,27.96500015,0,148124400
2021-04-30,25.64824104,0,26.91500092,0,27.45000076,26.67250061,26.82250023,0,118440400
2021-05-03,25.22895241,0,26.47500038,0,27.37249947,26.35750008,27.19000053,0,134222000
2021-05-04,23.89960861,0,25.07999992,0,25.92250061,24.11249924,25.86249924,0,211234000
2021-05-05,23.62087631,0,24.78750038,0,25.71249962,24.60000038,25.51000023,0,136429200
2021-05-06,24.13783836,0,25.32999992,0,25.37000084,24.19750023,24.71750069,0,169663200
2021-05-07,24.72866249,0,25.95000076,0,26.52000046,25.69249916,25.99250031,0,158706800
2021-05-10,22.87043762,0,24,0,25.66500092,23.94000053,25.62249947,0,184214800
2021-05-11,22.75608444,0,23.87999916,0,24.05999947,22.5,22.64749908,0,228806800
2021-05-12,21.02412796,0,22.0625,0,23.28750038,21.82999992,22.75499916,0,236158000
2021-05-13,21.46724129,0,22.52750015,0,23.16749954,22.01749992,22.64999962,0,208602000
2021-05-14,22.86328888,0,23.99250031,0,24.22249985,23.10499954,23.21999931,0,144263200
2021-05-17,22.47735405,0,23.58749962,0,23.79000092,22.93250084,23.62750053,0,138542400
2021-05-18,22.00564766,0,23.09250069,0,24.06999969,23.04750061,23.80249977,0,131684000
2021-05-19,22.08664894,0,23.17749977,0,23.24749947,21.83250046,21.91250038,0,191889600
2021-05-20,23.36358261,0,24.51749992,0,24.71500015,23.45750046,23.51749992,0,139226400
2021-05-21,22.97764206,0,24.11249924,0,24.98250008,24.02750015,24.88500023,0,128133200
2021-05-24,24.12830544,0,25.31999969,0,25.58499908,24.55500031,24.63750076,0,92181600
2021-05-25,24.24504852,0,25.44249916,0,25.86000061,25.15749931,25.6875,0,106728800
2021-05-26,24.49042702,0,25.70000076,0,25.80999947,25.43000031,25.59000015,0,78034800
2021-05-27,24.20454407,0,25.39999962,0,25.79000092,25.36000061,25.59250069,0,83216800
2021-05-28,24.44039726,0,25.64749908,0,26.02499962,25.57500076,25.69499969,0,81857200
2021-06-01,24.2021656,0,25.39749908,0,26.07500076,25.07250023,25.96249962,0,103863600
2021-06-02,24.32842827,0,25.53000069,0,25.74250031,25.13249969,25.48749924,0,83178800
2021-06-03,23.56369591,0,24.72750092,0,25.16749954,24.34499931,24.87249947,0,121032000
2021-06-04,24.7715435,0,25.99500084,0,26.09749985,25.13249969,25.15749931,0,91175200
2021-06-07,24.99071693,0,26.22500038,0,26.24250031,25.70249939,25.85750008,0,62193200
2021-06-08,25.01930428,0,26.25499916,0,26.85499954,25.85750008,26.64500046,0,92944400
2021-06-09,25.04789162,0,26.28499985,0,26.78000069,26.23250008,26.59000015,0,77803600
2021-06-10,25.81500816,0,27.09000015,0,27.125,26.25,26.35750008,0,117206800
2021-06-11,26.01989174,0,27.30500031,0,27.30999947,26.94000053,27.10499954,0,68338800
2021-06-14,26.74888229,0,28.06999969,0,28.09250069,27.125,27.40999985,0,90823200
2021-06-15,26.25335503,0,27.54999924,0,28.08499908,27.36499977,28.00499916,0,90108000
2021-06-16,25.97223854,0,27.25499916,0,27.91749954,26.37999916,27.65500069,0,157778000
2021-06-17,26.94185257,0,28.27249908,0,28.52000046,26.98250008,26.98999977,0,144323600
2021-06-18,26.29861832,0,27.59749985,0,28.14500046,27.42000008,27.85250092,0,142894400
2021-06-21,26.77985764,0,28.10250092,0,28.20000076,27.09749985,27.65749931,0,107708400
2021-06-22,27.52791023,0,28.88750076,0,29.01250076,27.99250031,28.07749939,0,103578800
2021-06-23,27.57555389,0,28.9375,0,29.23999977,28.73250008,28.89249992,0,93996800
2021-06-24,28.08299255,0,29.46999931,0,29.87249947,29.29750061,29.43499947,0,93672400
2021-06-25,27.99484444,0,29.37750053,0,29.6875,29.21249962,29.62249947,0,86993200
2021-06-28,28.98589897,0,30.41749954,0,30.46999931,29.68499947,29.69249916,0,88787600
2021-06-29,29.31227493,0,30.76000023,0,30.77000046,30.16749954,30.38999939,0,74560000
2021-06-30,29.18362999,0,30.625,0,30.82500076,30.46249962,30.72249985,0,80546800
2021-07-01,29.19792557,0,30.63999939,0,30.78499985,30.16250038,30.52000046,0,83834800
2021-07-02,30.18898201,0,31.68000031,0,31.78750038,31.09499931,31.15999985,0,93502000
2021-07-06,30.59397888,0,32.10499954,0,32.18999863,31.125,31.86249924,0,109599600
2021-07-07,30.78932381,0,32.31000137,0,32.80500031,31.77499962,32.72499847,0,115275600
2021-07-08,30.25568199,0,31.75,0,31.96500015,30.55999947,30.92250061,0,152524400
2021-07-09,30.76788902,0,32.28749847,0,32.45000076,31.40749931,31.56999969,0,92875600
2021-07-12,31.15382767,0,32.69250107,0,32.82249832,32.26499939,32.70000076,0,87126000
2021-07-13,31.13714409,0,32.67499924,0,33.51750183,32.45249939,32.59500122,0,119450000
2021-07-14,31.30629539,0,32.85250092,0,33.52000046,32.63750076,33.34000015,0,136042800
2021-07-15,30.65829849,0,32.17250061,0,32.89500046,31.61499977,32.85250092,0,137192800
2021-07-16,29.90548134,0,31.38249969,0,32.67750168,31.29249954,32.41500092,0,127402800
2021-07-19,29.18839645,0,30.62999916,0,30.75,29.91749954,30.45249939,0,202286400
2021-07-20,30.15086174,0,31.63999939,0,32.07500076,30.38750076,30.86000061,0,121544800
2021-07-21,30.83935356,0,32.36249924,0,32.39749908,31.5,31.57749939,0,81763200
2021-07-22,31.48735428,0,33.04249954,0,33.04999924,32.45999908,32.46250153,0,94957600
2021-07-23,32.5331955,0,34.13999939,0,34.27750015,33.07249832,33.42499924,0,103898400
2021-07-26,32.66899872,0,34.28250122,0,34.39250183,33.75999832,34.00500107,0,85977600
2021-07-27,31.60169983,0,33.16249847,0,34.20750046,31.95750046,34.20750046,0,178782000
2021-07-28,31.94713974,0,33.52500153,0,33.96500015,32.81750107,33.46500015,0,143940400
2021-07-29,32.10437393,0,33.68999863,0,34.02999878,33.36750031,33.36999893,0,88638400
2021-07-30,31.62314034,0,33.18500137,0,33.33750153,32.56750107,32.58750153,0,113118800
2021-08-02,31.61361122,0,33.17499924,0,33.79750061,33.00500107,33.63499832,0,109120000
2021-08-03,32.1639328,0,33.75249863,0,33.79999924,32.46250153,33.36000061,0,126835600
2021-08-04,32.32354736,0,33.91999817,0,34.18999863,33.45000076,33.77249908,0,96856800
2021-08-05,32.93103409,0,34.55749893,0,34.61999893,33.95000076,34.13999939,0,77340400
2021-08-06,32.50222015,0,34.10749817,0,34.48249817,33.79000092,34.19749832,0,86306000
2021-08-09,32.67613983,0,34.29000092,0,34.44499969,33.91999817,34.22750092,0,68421600
2021-08-10,32.1877594,0,33.77750015,0,34.52750015,33.43000031,34.44250107,0,106162400
2021-08-11,32.01385498,0,33.59500122,0,34.26250076,33.20999908,34.125,0,93188000
2021-08-12,32.34737396,0,33.94499969,0,34.04999924,33.06000137,33.45249939,0,79490800
2021-08-13,32.67137909,0,34.28499985,0,34.40250015,33.90750122,34.04499817,0,73289600
2021-08-16,32.72854996,0,34.34500122,0,34.35749817,32.875,33.98500061,0,122458400
2021-08-17,31.86852455,0,33.44250107,0,33.83750153,32.74250031,33.55250168,0,166395200
2021-08-18,30.94179726,0,32.47000122,0,33.68000031,32.37749863,33.27500153,0,130084800
2021-08-19,31.3825264,0,32.93249893,0,33.40000153,31.86249924,31.93499947,0,163247600
2021-08-20,32.3521347,0,33.95000076,0,34.06750107,33.14500046,33.23749924,0,125082400
2021-08-23,33.79344559,0,35.46250153,0,35.67499924,34.25,34.25749969,0,96532400
2021-08-24,34.12698364,0,35.8125,0,35.98500061,35.51750183,35.65250015,0,72686800
2021-08-25,34.16509628,0,35.85250092,0,36.09999847,35.65750122,35.87250137,0,76127200
2021-08-26,33.58619308,0,35.24499893,0,35.87749863,35.11000061,35.66749954,0,107004800
2021-08-27,34.56771851,0,36.27500153,0,36.40000153,35.28499985,35.42250061,0,92320000
2021-08-30,35.71361923,0,37.47750092,0,37.63000107,36.48749924,36.5,0,91270400
2021-08-31,35.61356735,0,37.37250137,0,37.57500076,36.92250061,37.55500031,0,91796000
2021-09-01,35.808918,0,37.57749939,0,38.20500183,37.51750183,37.70750046,0,95568000
2021-09-02,35.75888443,0,37.52500153,0,38.08499908,37.15000153,37.98749924,0,95038400
2021-09-03,36.08049393,0,37.86249924,0,37.98500061,37.16500092,37.17499924,0,93201200
2021-09-07,36.22820663,0,38.01750183,0,38.22000122,37.54000092,37.88750076,0,90370800
2021-09-08,35.85655975,0,37.62749863,0,37.96250153,36.92750168,37.95249939,0,126846000
2021-09-09,35.47300339,0,37.22499847,0,38.02500153,37.14749908,37.68249893,0,110573600
2021-09-10,34.67491913,0,36.38750076,0,37.96250153,36.27750015,37.75,0,138435600
2021-09-13,34.59630585,0,36.30500031,0,37.19499969,35.68999863,37.07249832,0,155549200
2021-09-14,34.29851151,0,35.99250031,0,36.96500015,35.70500183,36.73749924,0,119258400
2021-09-15,35.05847931,0,36.79000092,0,36.88999939,35.43999863,36.12250137,0,111785200
2021-09-16,35.12755585,0,36.86249924,0,37.03250122,35.81000137,36.38750076,0,105230800
2021-09-17,33.88636398,0,35.56000137,0,36.73249817,35.24000168,36.72499847,0,154650400
2021-09-20,31.80181885,0,33.37250137,0,34.36500168,32,33.85499954,0,243827200
2021-09-21,31.84232521,0,33.41500092,0,34.1875,33.14749908,33.84500122,0,143401200
2021-09-22,32.77381897,0,34.39250183,0,34.80749893,33.40250015,33.71500015,0,175338800
2021-09-23,33.68386078,0,35.34749985,0,35.64250183,34.54249954,34.72750092,0,138739200
2021-09-24,33.77915573,0,35.44749832,0,35.5625,34.57500076,34.68000031,0,109550400
2021-09-27,32.96440506,0,34.59249878,0,34.84999847,33.84999847,34.55250168,0,156710800
2021-09-28,30.21518707,0,31.70750046,0,33.47249985,31.51749992,33.28499985,0,297646000
2021-09-29,30.01506615,0,31.49749947,0,32.57249832,31.32500076,31.98999977,0,195061200
2021-09-30,29.67677498,0,31.14249992,0,32.38499832,31.02000046,31.94499969,0,234624000
2021-10-01,30.21756363,0,31.70999908,0,32.00249863,30.20999908,31.3125,0,208708000
2021-10-04,28.35934258,0,29.76000023,0,31.37249947,29.11750031,31.27499962,0,257236000
2021-10-05,29.45045471,0,30.90500069,0,31.5,29.93000031,29.99250031,0,162612800
2021-10-06,30.03174019,0,31.51499939,0,31.57999992,29.81500053,30.06500053,0,234990800
2021-10-07,30.84412193,0,32.36750031,0,33.08499908,32.18249893,32.33000183,0,150815200
2021-10-08,30.37003326,0,31.87000084,0,32.72999954,31.74250031,32.66749954,0,157132000
2021-10-11,29.6958313,0,31.16250038,0,32.42250061,31.13500023,31.46500015,0,136215200
2021-10-12,29.39327621,0,30.84499931,0,31.65500069,30.65250015,31.54249954,0,174403600
2021-10-13,30.08177185,0,31.56749916,0,31.73749924,30.89999962,31.44499969,0,140921200
2021-10-14,31.74225807,0,33.31000137,0,33.36249924,32.34999847,32.52750015,0,121750000
2021-10-15,32.33069992,0,33.92750168,0,33.96250153,33.35499954,33.65000153,0,102858000
2021-10-18,33.30030823,0,34.94499969,0,35.00500107,33.39500046,33.5625,0,100876400
2021-10-19,34.03168488,0,35.71250153,0,35.75749969,35.06999969,35.25999832,0,106450800
2021-10-20,33.92448425,0,35.59999847,0,36.05500031,35.16999817,35.87250137,0,118709600
2021-10-21,34.53197861,0,36.23749924,0,36.30250168,35.28250122,35.36000061,0,92100400
2021-10-22,33.65765762,0,35.31999969,0,36.16500092,34.84000015,35.86750031,0,140248400
2021-10-25,34.66778183,0,36.38000107,0,36.68249893,35.18000031,35.74750137,0,118951600
2021-10-26,34.99176788,0,36.72000122,0,37.79999924,36.41249847,37.08000183,0,167975600
2021-10-27,35.26812363,0,37.00999832,0,37.93000031,36.81499863,36.88999939,0,145068000
2021-10-28,36.42593765,0,38.22499847,0,38.3125,37.34999847,37.57749939,0,130737600
2021-10-29,36.96434784,0,38.79000092,0,38.84999847,37.19499969,37.29750061,0,134514400
2021-11-01,37.32884216,0,39.17250061,0,39.23249817,38.29499817,38.95000076,0,130045600
2021-11-02,37.82675171,0,39.69499969,0,39.84249878,38.99000168,39.00749969,0,120171200
2021-11-03,39.02745438,0,40.95500183,0,41.08000183,39.51750183,39.83499908,0,145210400
2021-11-04,40.48305511,0,42.48249817,0,42.83750153,41.18249893,41.35749817,0,160879600
2021-11-05,40.63314819,0,42.63999939,0,43.41500092,42.18249893,43.11500168,0,170505600
2021-11-08,40.46638107,0,42.46500015,0,42.97499847,42.26499939,42.625,0,112919600
2021-11-09,39.63256454,0,41.59000015,0,42.94749832,41.14250183,42.8125,0,176237600
2021-11-10,37.89582825,0,39.76750183,0,41.59999847,39.125,40.68000031,0,193953600
2021-11-11,38.20315933,0,40.09000015,0,40.74750137,39.97499847,40.6875,0,115438000
2021-11-12,39.41577148,0,41.36249924,0,41.51750183,39.9375,40.45249939,0,127640800
2021-11-15,39.40385437,0,41.34999847,0,41.82749939,40.52249908,41.72750092,0,139458400
2021-11-16,40.21861649,0,42.20500183,0,42.35250092,41.01499939,41.07249832,0,103181600
2021-11-17,40.26626968,0,42.25500107,0,42.92250061,41.94749832,42.30250168,0,115936000
2021-11-18,41.49793243,0,43.54750061,0,43.72499847,42.19250107,42.91999817,0,173683200
2021-11-19,42.20071793,0,44.28499985,0,44.71749878,43.83000183,44.10749817,0,129214400
2021-11-22,40.73796463,0,42.75,0,45.84000015,42.71500015,44.82249832,0,179044800
2021-11-23,40.18288422,0,42.16749954,0,43.04249954,40.69749832,42.36249924,0,226025600
2021-11-24,40.55452728,0,42.55749893,0,42.63999939,40.58250046,41.32749939,0,198241600
2021-11-26,38.31752396,0,40.20999908,0,42.15999985,39.68000031,41.69499969,0,177682400
2021-11-29,40.69746017,0,42.70750046,0,43.04000092,41.33250046,41.54999924,0,158932000
2021-11-30,38.94883347,0,40.87250137,0,43.19749832,40.17750168,42.41999817,0,302586000
2021-12-01,36.95005417,0,38.77500153,0,42.90499878,38.61750031,42.21500015,0,302551200
2021-12-02,37.64570236,0,39.50500107,0,40.13000107,37.91249847,38.35499954,0,396432800
2021-12-03,35.75412369,0,37.52000046,0,40.31999969,36.23249817,40,0,480573600
2021-12-06,36.59032059,0,38.39749908,0,38.81999969,36.38249969,37.64749908,0,304828000
2021-12-07,39.88985062,0,41.86000061,0,42.06999969,40.43500137,40.44250107,0,270578400
2021-12-08,40.44494629,0,42.44250107,0,42.5,41.36750031,41.97249985,0,205243600
2021-12-09,38.69868851,0,40.61000061,0,42.62749863,40.5,42.03749847,0,212802000
2021-12-10,39.89699554,0,41.86750031,0,41.95750046,40.44499969,41.44250107,0,203075200
2021-12-13,38.18172455,0,40.06750107,0,41.97249985,39.94499969,41.86750031,0,179145200
2021-12-14,37.04534531,0,38.875,0,39.38999939,37.45750046,38.52999878,0,230933600
2021-12-15,39.4967804,0,41.44749832,0,41.56750107,37.50749969,38.74000168,0,269061200
2021-12-16,36.48311234,0,38.28499985,0,41.90499878,37.73749924,41.75249863,0,296220000
2021-12-17,35.92564774,0,37.70000076,0,38.94749832,36.75,37.20750046,0,300020800
2021-12-20,34.85121155,0,36.57249832,0,36.8125,35.625,36.25500107,0,241866000
2021-12-21,37.18113708,0,39.01750183,0,39.11249924,36.42750168,37.54000092,0,219124800
2021-12-22,38.5080986,0,40.40999985,0,40.5,38.70500183,38.89500046,0,177222800
2021-12-23,39.42292023,0,41.36999893,0,41.82249832,40.49250031,40.54249954,0,131308400
2021-12-27,41.30734253,0,43.34749985,0,43.38249969,41.75,41.77249908,0,125963200
2021-12-28,40.8213501,0,42.83750153,0,43.74499893,42.50749969,43.68999863,0,144825200
2021-12-29,40.75702286,0,42.77000046,0,43.24750137,41.98749924,42.82749939,0,115494800
2021-12-30,40.37585068,0,42.36999893,0,43.41500092,42.19250107,42.69250107,0,113271600
2021-12-31,39.6254158,0,41.58250046,0,42.59999847,41.42750168,42.15750122,0,120497200
2022-01-03,40.76893997,0,42.78250122,0,42.86000061,41.27999878,41.95750046,0,153010400
2022-01-04,39.18468475,0,41.11999893,0,42.97249985,40.09749985,42.95750046,0,213296400
2022-01-05,35.58021164,0,37.33750153,0,40.93000031,37.25,40.59500122,0,266490400
2022-01-06,35.4825325,0,37.23500061,0,38.20249939,36.10499954,36.75749969,0,308453200
2022-01-07,34.32233047,0,36.01750183,0,37.73500061,35.5,37.22499847,0,285426800
2022-01-10,34.44859314,0,36.15000153,0,36.23500061,33.02500153,34.58750153,0,358434800
2022-01-11,35.96377182,0,37.74000168,0,37.75749969,35.25999832,35.85749817,0,308653600
2022-01-12,36.37352371,0,38.16999817,0,38.98249817,37.47000122,38.49250031,0,276742400
2022-01-13,33.73389816,0,35.40000153,0,38.77500153,35.00999832,38.56499863,2,173531800
2022-01-14,34.24371338,0,35.93500137,0,36.03499985,34.5,34.54499817,0,178451600
2022-01-18,31.77561378,0,33.34500122,0,34.86000061,33.02999878,34.24499893,0,155320000
2022-01-19,30.67021179,0,32.18500137,0,34.35499954,32.08000183,33.68000031,0,183284400
2022-01-20,29.48380852,0,30.94000053,0,34.09000015,30.75,33.00999832,0,172197000
2022-01-21,27.00140762,0,28.33499908,0,31.01499939,28.25,30.30999947,0,342054600
2022-01-24,27.39211082,0,28.74500084,0,28.875,24.08499908,26.92499924,0,510169200
2022-01-25,25.37188911,0,26.625,0,28.15500069,25.875,27.07500076,0,347498000
2022-01-26,25.32424355,0,26.57500076,0,29.42499924,25.68499947,28.49500084,0,415676200
2022-01-27,24.56666374,0,25.78000069,0,28.12000084,25.52000046,27.70000076,0,323528200
2022-01-28,26.85847092,0,28.18499947,0,28.22999954,25.04999924,26.20000076,0,334032400
2022-01-31,29.45998383,0,30.91500092,0,31.03000069,28.11000061,28.52499962,0,227502200
2022-02-01,30.02221107,0,31.50499916,0,31.67499924,29.86499977,31.20999908,0,203691600
2022-02-02,30.73215294,0,32.25,0,32.68500137,31.17499924,32.61000061,0,201630400
2022-02-03,27.03476524,0,28.37000084,0,30.53499985,28.05999947,29.65999985,0,211150000
2022-02-04,27.96863937,0,29.35000038,0,30.20499992,27.94499969,28.43499947,0,193068800
2022-02-07,27.33494186,0,28.68499947,0,30.13500023,28.36000061,29.53499985,0,153912200
2022-02-08,28.26404762,0,29.65999985,0,29.91500092,28.11499977,28.39999962,0,158593200
2022-02-09,30.01745415,0,31.5,0,31.54000092,30.37999916,30.78000069,0,151075400
2022-02-10,28.02581406,0,29.40999985,0,31.45499992,28.89999962,29.65500069,0,254286600
2022-02-11,25.38618469,0,26.63999939,0,29.77499962,26.28000069,29.38999939,0,268511200
2022-02-14,25.45765686,0,26.71500015,0,27.48500061,25.85000038,26.45000076,0,190125000
2022-02-15,27.30158615,0,28.64999962,0,28.71999931,27.67499924,27.91500092,0,163444600
2022-02-16,27.29682159,0,28.64500046,0,28.89999962,27.35000038,28.13500023,0,186181000
2022-02-17,24.87636566,0,26.10499954,0,28.02499962,25.98500061,27.81999969,0,157671200
2022-02-18,24.03301811,0,25.21999931,0,26.39500046,24.65500069,26.29500008,0,226165400
2022-02-22,23.28972816,0,24.44000053,0,25.75,23.60499954,24.52000046,0,262876200
2022-02-23,21.50774384,0,22.56999969,0,25.31500053,22.48500061,25.12000084,0,260920400
2022-02-24,23.61373138,0,24.78000069,0,24.92499924,20.30500031,20.37999916,0,389734800
2022-02-25,24.73342323,0,25.95499992,0,26.00499916,24.125,25,0,238372200
2022-02-28,24.9954834,0,26.22999954,0,26.59499931,24.95999908,25.22999954,0,243401000
2022-03-01,23.84243202,0,25.02000046,0,26.48500061,24.42499924,25.95999908,0,248145000
2022-03-02,24.98118782,0,26.21500015,0,26.52499962,24.70999908,25.33499908,0,219495800
2022-03-03,23.93772316,0,25.12000084,0,26.88999939,24.68499947,26.875,0,223888600
2022-03-04,22.91331863,0,24.04500008,0,24.89999962,23.5,24.58499908,0,231391000
2022-03-07,20.35469246,0,21.36000061,0,24.27000046,21.31500053,24.02499962,0,249752600
2022-03-08,20.07357597,0,21.06500053,0,23,20.38500023,21.19499969,0,355936000
2022-03-09,22.22244072,0,23.31999969,0,23.60000038,22.17499924,22.70000076,0,219074200
2022-03-10,21.50774384,0,22.56999969,0,22.80999947,21.59499931,22.45000076,0,225574800
2022-03-11,20.17363167,0,21.17000008,0,23.23500061,21.04500008,23.17000008,0,197814800
2022-03-14,18.99199295,0,19.93000031,0,21.56500053,19.78000069,20.90500069,0,246265200
2022-03-15,20.7501564,0,21.77499962,0,21.94499969,20.12000084,20.43499947,0,211407200
2022-03-16,23.08008194,0,24.21999931,0,24.23999977,21.84499931,22.57999992,0,326175000
2022-03-17,23.85195923,0,25.03000069,0,25.09499931,23.52000046,23.79500008,0,192061600
2022-03-18,25.33377266,0,26.58499908,0,26.70499992,24.46500015,24.72999954,0,201569600
2022-03-21,25.1527195,0,26.39500046,0,26.96500015,25.38500023,26.43000031,0,221094600
2022-03-22,26.63929558,0,27.95499992,0,28.17000008,26.43499947,26.53499985,0,186689200
2022-03-23,25.51482964,0,26.77499962,0,28.13500023,26.75,27.28000069,0,205499400
2022-03-24,27.16817856,0,28.51000023,0,28.54500008,26.70499992,27.21500015,0,171150600
2022-03-25,27.12529373,0,28.46500015,0,28.78000069,27.42499924,28.52000046,0,198789400
2022-03-28,28.35934258,0,29.76000023,0,29.80500031,28.16500092,28.45999908,0,183407400
2022-03-29,29.81257057,0,31.28499985,0,31.47999954,30.06999969,30.76000023,0,204013400
2022-03-30,28.91681099,0,30.34499931,0,31.27000046,29.89999962,30.84000015,0,167818800
2022-03-31,27.72087669,0,29.09000015,0,30.41500092,28.95000076,30.31999969,0,168098800
2022-04-01,27.60176086,0,28.96500015,0,29.40999985,28.20000076,29.21500015,0,176162600
2022-04-04,29.32657242,0,30.77499962,0,30.77499962,29.11499977,29.19000053,0,137515000
2022-04-05,27.38734627,0,28.73999977,0,30.57999992,28.43000031,30.40999985,0,172097600
2022-04-06,25.58630562,0,26.85000038,0,27.68499947,26.20000076,27.40999985,0,296859800
2022-04-07,25.75306511,0,27.02499962,0,27.54500008,25.79000092,26.61499977,0,229654000
2022-04-08,24.70007133,0,25.92000008,0,26.79500008,25.75,26.61000061,0,204182400
2022-04-11,22.94667435,0,24.07999992,0,25.13500023,23.97500038,24.91500092,0,185914600
2022-04-12,22.65126228,0,23.77000046,0,25.48999977,23.44499969,25.07999992,0,247928200
2022-04-13,24.00919914,0,25.19499969,0,25.42000008,23.66500092,23.82999992,0,190084600
2022-04-14,22.39397049,0,23.5,0,25.32500076,23.41500092,25.20999908,0,167843600
2022-04-18,22.45590973,0,23.56500053,0,24.00499916,22.90999985,23.23500061,0,175525400
2022-04-19,23.89960861,0,25.07999992,0,25.20999908,23.15500069,23.36499977,0,172372600
2022-04-20,22.82278824,0,23.95000076,0,25.37000084,23.71999931,25.28499985,0,215629400
2022-04-21,21.48391342,0,22.54500008,0,25.38500023,22.29500008,24.81999969,0,268626400
2022-04-22,19.77816772,0,20.75499916,0,22.78499985,20.63999939,22.52499962,0,248824800
2022-04-25,20.51192093,0,21.52499962,0,21.57999992,20.15500069,20.40500069,0,332878800
2022-04-26,18.20582199,0,19.10499954,0,21.14500046,19.04999924,21.11000061,0,332263200
2022-04-27,18.12482071,0,19.02000046,0,20.11000061,18.68499947,19.08499908,0,316698600
2022-04-28,20.04022217,0,21.03000069,0,21.36499977,19.13999939,19.91500092,0,344698400
2022-04-29,17.40535927,0,18.26499939,0,20.88500023,18.10000038,20.19499969,0,320116800
2022-05-02,18.22487831,0,19.125,0,19.13999939,17.56500053,18.125,0,311905600
2022-05-03,18.26776505,0,19.17000008,0,19.58499908,18.64999962,19.09499931,0,285565600
2022-05-04,20.07833862,0,21.06999969,0,21.22500038,18.26499939,19.24500084,0,438806800
2022-05-05,17.08612061,0,17.93000031,0,20.25499916,17.26000023,20.25,0,455552600
2022-05-06,16.49053955,0,17.30500031,0,18.26499939,16.54999924,17.54500008,0,466794400
2022-05-09,14.54178715,0,15.26000023,0,16.70999908,15.00500011,16.28000069,0,420419800
2022-05-10,15.04207706,0,15.78499985,0,16.54000092,15.14000034,16.36000061,0,463579600
2022-05-11,13.70320511,0,14.38000011,0,16.29999924,14.23499966,15.42500019,0,529531800
2022-05-12,13.59361649,0,14.26500034,0,14.94499969,13.34500027,13.71500015,0,590993000
2022-05-13,15.07066345,0,15.81499958,0,16,14.68999958,14.92500019,0,395948000
2022-05-16,14.60372829,0,15.32499981,0,15.89000034,15.09000015,15.56499958,0,318388000
2022-05-17,15.70436668,0,16.47999954,0,16.54000092,15.61999989,16.21500015,0,307981400
2022-05-18,13.41256046,0,14.07499981,0,15.84500027,13.84500027,15.72999954,0,328105200
2022-05-19,13.14097309,0,13.78999996,0,14.51000023,13.52000046,13.77000046,0,392015600
2022-05-20,13.02662086,0,13.67000008,0,14.42000008,12.46500015,14.32499981,0,458111200
2022-05-23,13.6698513,0,14.34500027,0,14.41499996,13.47999954,13.82499981,0,341040600
2022-05-24,12.81697464,0,13.44999981,0,13.68000031,12.71500015,13.57499981,0,366488600
2022-05-25,13.33155823,0,13.98999977,0,14.30000019,13.19499969,13.22000027,0,361283800
2022-05-26,14.4464941,0,15.15999985,0,15.39000034,13.84000015,13.88000011,0,337131600
2022-05-27,15.86160278,0,16.64500046,0,16.67000008,15.63500023,15.64999962,0,315035800
2022-05-31,15.74725056,0,16.52499962,0,17,15.86499977,16.64999962,0,369158600
2022-06-01,15.38037014,0,16.13999939,0,17.21500015,15.77499962,16.85499954,0,398894200
2022-06-02,16.62871552,0,17.45000076,0,17.48999977,15.72500038,15.96000004,0,336861400
2022-06-03,15.31366444,0,16.06999969,0,16.81500053,15.88000011,16.56999969,0,324723800
2022-06-06,15.50425339,0,16.27000046,0,17.06500053,16,16.80999947,0,300958600
2022-06-07,15.8806591,0,16.66500092,0,16.79999924,15.52499962,15.71000004,0,274886600
2022-06-08,15.55666447,0,16.32500076,0,16.96999931,16.16500092,16.54000092,0,225706000
2022-06-09,14.289258,0,14.99499989,0,16.53000069,14.96500015,16.03499985,0,275959400
2022-06-10,12.76456451,0,13.39500046,0,14.31000042,13.33500004,14.13000011,0,343352200
2022-06-13,10.99686909,0,11.53999996,0,12.48999977,11.40999985,12.13500023,0,426731400
2022-06-14,11.06833935,0,11.61499977,0,11.93500042,11.26000023,11.81999969,0,393201000
2022-06-15,11.86404037,0,12.44999981,0,12.96000004,11.67000008,12.02999973,0,549823000
2022-06-16,10.41557884,0,10.93000031,0,11.56000042,10.65999985,11.49499989,0,424284400
2022-06-17,10.80151939,0,11.33500004,0,11.64000034,10.82499981,11.03499985,0,441181000
2022-06-21,11.61627674,0,12.18999958,0,12.48999977,11.89000034,11.90999985,0,318408200
2022-06-22,11.57339478,0,12.14500046,0,12.72500038,11.77499962,11.85499954,0,388973600
2022-06-23,12.06891918,0,12.66499996,0,12.78499985,12.08500004,12.47000027,0,365372800
2022-06-24,13.33155823,0,13.98999977,0,14.02000046,13.02499962,13.05500031,0,303635000
2022-06-27,13.01708984,0,13.65999985,0,14.25,13.5,14.17500019,0,338262000
2022-06-28,11.83068657,0,12.41499996,0,14.10499954,12.38000011,13.72999954,0,373741600
2022-06-29,11.85451126,0,12.43999958,0,12.64500046,12.05000019,12.39000034,0,380182200
2022-06-30,11.43521881,0,12,0,12.44499969,11.375,12.02999973,0,512407800
2022-07-01,11.6210413,0,12.19499969,0,12.25,11.55000019,11.80000019,0,417200800
2022-07-05,12.22139168,0,12.82499981,0,12.84000015,11.5,11.70499992,0,441108000
2022-07-06,12.45485973,0,13.06999969,0,13.35999966,12.64000034,12.88500023,0,412245800
2022-07-07,13.22673798,0,13.88000011,0,14,13.18500042,13.18999958,0,275732600
2022-07-08,13.28867626,0,13.94499969,0,14.15499973,13.35499954,13.49499989,0,319458400
2022-07-11,12.44056511,0,13.05500031,0,13.63500023,12.93000031,13.60000038,0,258448200
2022-07-12,12.07844925,0,12.67500019,0,13.48999977,12.45499992,13.22000027,0,319233000
2022-07-13,12.00221443,0,12.59500027,0,12.91499996,11.84500027,11.92000008,0,361151000
2022-07-14,12.12609673,0,12.72500038,0,12.84000015,11.81000042,12.23499966,0,351647000
2022-07-15,12.76456451,0,13.39500046,0,13.42500019,12.90499973,13.13500023,0,308760400
2022-07-18,12.46915245,0,13.08500004,0,14,12.90999985,13.80500031,0,319900400
2022-07-19,13.56026268,0,14.22999954,0,14.31000042,13.34500027,13.57499981,0,298643400
2022-07-20,14.24161053,0,14.94499969,0,15.125,14.22000027,14.32999992,0,377126200
2022-07-21,14.84672451,0,15.57999992,0,15.59000015,14.60999966,15.00500011,0,319381800
2022-07-22,14.07008362,0,14.76500034,0,15.76500034,14.47500038,15.43999958,0,298800800
2022-07-25,13.86043835,0,14.54500008,0,14.83500004,14.20499992,14.76500034,0,220897600
2022-07-26,13.0218544,0,13.66499996,0,14.28499985,13.52499962,14.24499989,0,231755600
2022-07-27,14.64660931,0,15.36999989,0,15.625,14.21500015,14.30000019,0,341919000
2022-07-28,15.06590271,0,15.81000042,0,15.90999985,14.76000023,15.34000015,0,324071800
2022-07-29,15.89495373,0,16.68000031,0,16.82500076,15.83500004,16.06500053,0,292146400
2022-08-01,15.87112904,0,16.65500069,0,17.20999908,16.21999931,16.38999939,0,285283000
2022-08-02,15.72342587,0,16.5,0,17.17499924,16.10499954,16.27000046,0,325375000
2022-08-03,16.98129845,0,17.81999969,0,17.97500038,16.65500069,16.77499962,0,294213800
2022-08-04,17.22429657,0,18.07500076,0,18.13500023,17.47999954,17.84499931,0,253567200
2022-08-05,16.81453323,0,17.64500046,0,17.98999977,17.07500076,17.21500015,0,283898600
2022-08-08,16.64300728,0,17.46500015,0,18.41500092,17.21999931,17.79999924,0,267787800
2022-08-09,16.07124519,0,16.86499977,0,17.18499947,16.59499931,17.13999939,0,218406000
2022-08-10,17.39106178,0,18.25,0,18.31999969,17.65500069,18.06999969,0,271554400
2022-08-11,17.12900925,0,17.97500038,0,19.01000023,17.83499908,18.66500092,0,273361000
2022-08-12,18.09623337,0,18.98999977,0,19.02499962,18.12000084,18.29999924,0,211187000
2022-08-15,18.52981758,0,19.44499969,0,19.54000092,18.81999969,18.82500076,0,196308400
2022-08-16,18.41070366,0,19.31999969,0,19.69000053,18.76499939,19.28000069,0,220755800
2022-08-17,17.77223396,0,18.64999962,0,19.16500092,18.27499962,18.75499916,0,262838400
2022-08-18,17.89135361,0,18.77499962,0,18.97999954,18.34499931,18.62999916,0,192140800
2022-08-19,16.84312439,0,17.67499924,0,18.35000038,17.53499985,18.23999977,0,224256600
2022-08-22,15.5185442,0,16.28499985,0,16.98500061,16.12999916,16.94499969,0,224975400
2022-08-23,15.46613216,0,16.22999954,0,16.67499924,16.10000038,16.21500015,0,219509800
2022-08-24,15.58525181,0,16.35499954,0,16.64999962,16.04999924,16.14999962,0,187005600
2022-08-25,16.40477562,0,17.21500015,0,17.21999931,16.46999931,16.63999939,0,222052600
2022-08-26,14.40837479,0,15.11999989,0,17.37000084,15.10000038,17.17499924,0,366276600
2022-08-29,13.96526146,0,14.65499973,0,15.06000042,14.47999954,14.67500019,0,248441000
2022-08-30,13.49832153,0,14.16499996,0,14.97500038,13.77999973,14.89500046,0,327014800
2022-08-31,13.25055885,0,13.90499973,0,14.69999981,13.88500023,14.57999992,0,341030600
2022-09-01,13.26485348,0,13.92000008,0,13.96500015,13.01000023,13.53999996,0,397320400
2022-09-02,12.71215153,0,13.34000015,0,14.52000046,13.08500004,14.31999969,0,454463000
2022-09-06,12.42150593,0,13.03499985,0,13.51000023,12.72999954,13.38000011,0,361083400
2022-09-07,13.15526676,0,13.80500031,0,13.94999981,13.05500031,13.09000015,0,331569600
2022-09-08,13.36967659,0,14.02999973,0,14.21000004,13.31999969,13.51500034,0,410799800
2022-09-09,14.21778965,0,14.92000008,0,15.01000023,14.32999992,14.34000015,0,298735800
2022-09-12,14.73714161,0,15.46500015,0,15.51500034,15.09500027,15.14999962,0,273141200
2022-09-13,12.31192017,0,12.92000008,0,14.30500031,12.77999973,14.11999989,0,391296600
2022-09-14,12.58826923,0,13.21000004,0,13.33500004,12.81999969,13.06499958,0,309291800
2022-09-15,11.95456886,0,12.54500008,0,13.27499962,12.32499981,12.93999958,0,393730600
2022-09-16,11.72109985,0,12.30000019,0,12.36499977,11.83500004,12.10499954,0,392143600
2022-09-19,12.00221443,0,12.59500027,0,12.61499977,11.96000004,11.97000027,0,302692600
2022-09-20,11.7163353,0,12.29500008,0,12.59500027,11.98999977,12.26500034,0,322118600
2022-09-21,11.07310295,0,11.61999989,0,12.96000004,11.61499977,12.40499973,0,591115200
2022-09-22,10.66334248,0,11.18999958,0,11.55500031,11.03499985,11.42500019,0,431084000
2022-09-23,10.15352154,0,10.65499973,0,10.93000031,10.22500038,10.89999962,0,561304000
2022-09-26,10.01534557,0,10.51000023,0,11.10499954,10.41499996,10.57999992,0,490607800
2022-09-27,10.02487564,0,10.52000046,0,11.17500019,10.25,10.90999985,0,543921200
2022-09-28,10.61093044,0,11.13500023,0,11.29500008,10.34000015,10.51500034,0,512039000
2022-09-29,9.715172768,0,10.19499969,0,10.69499969,9.81000042,10.65499973,0,540195600
2022-09-30,9.20535183,0,9.659999847,0,10.54500008,9.640000343,10.07999992,0,513197600
2022-10-03,9.843817711,0,10.32999992,0,10.50500011,9.680000305,9.850000381,0,447222600
2022-10-04,10.75863552,0,11.28999996,0,11.38500023,10.94499969,10.94999981,0,463323600
2022-10-05,10.75863552,0,11.28999996,0,11.5,10.50500011,10.83500004,0,458399000
2022-10-06,10.48704815,0,11.00500011,0,11.52999973,10.96000004,11.14999962,0,475087200
2022-10-07,9.291116714,0,9.75,0,10.45499992,9.579999924,10.43999958,0,501945200
2022-10-10,9.000471115,0,9.444999695,0,9.805000305,9.149999619,9.760000229,0,412999600
2022-10-11,8.643118858,0,9.069999695,0,9.569999695,8.869999886,9.260000229,0,529747000
2022-10-12,8.624062538,0,9.050000191,0,9.319999695,8.965000153,9.114999771,0,401483800
2022-10-13,9.200587273,0,9.654999733,0,9.81000042,8.159999847,8.260000229,0,829507200
2022-10-14,8.37153244,0,8.784999847,0,9.989999771,8.729999542,9.925000191,0,670132600
2022-10-17,9.195820808,0,9.649999619,0,9.75,9.399999619,9.404999733,0,460050800
2022-10-18,9.424526215,0,9.890000343,0,10.5,9.585000038,10.43500042,0,692553800
2022-10-19,9.310175896,0,9.770000458,0,10.11999989,9.505000114,9.704999924,0,519702200
2022-10-20,9.152939796,0,9.604999542,0,10.23499966,9.479999542,9.664999962,0,529703000
2022-10-21,9.800935745,0,10.28499985,0,10.34500027,9.364999771,9.489999771,0,627458000
2022-10-24,10.13446426,0,10.63500023,0,10.73499966,9.899999619,10.31499958,0,549244000
2022-10-25,10.7443409,0,11.27499962,0,11.31999969,10.73499966,10.73999977,0,476799600
2022-10-26,10.03440285,0,10.52999973,0,11.25,10.46500015,10.59000015,0,558931800
2022-10-27,9.481703758,0,9.949999809,0,10.56000042,9.885000229,10.39500046,0,513258800
2022-10-28,10.33934402,0,10.85000038,0,10.90499973,9.854999542,9.875,0,510777200
2022-10-31,9.981993675,0,10.47500038,0,10.68500042,10.24499989,10.59000015,0,419122200
2022-11-01,9.672289848,0,10.14999962,0,10.93500042,10.10499954,10.86999989,0,430464800
2022-11-02,8.671709061,0,9.100000381,0,10.48999977,9.090000153,10.14000034,0,662952600
2022-11-03,8.171417236,0,8.574999809,0,8.975000381,8.520000458,8.824999809,0,424463600
2022-11-04,8.552591324,0,8.975000381,0,9.175000191,8.425000191,9.06499958,0,764740400
2022-11-07,8.824177742,0,9.260000229,0,9.319999695,8.854999542,9.079999924,0,401886800
2022-11-08,9.014761925,0,9.460000038,0,9.81000042,9.045000076,9.425000191,0,592112600
2022-11-09,8.385828018,0,8.800000191,0,9.350000381,8.765000343,9.265000343,0,431138200
2022-11-10,10.2202282,0,10.72500038,0,10.77000046,9.850000381,10.07499981,0,656884800
2022-11-11,10.80151939,0,11.33500004,0,11.41499996,10.56000042,10.71500015,0,614268400
2022-11-14,10.51563644,0,11.03499985,0,11.47999954,10.90999985,11.08500004,0,428451800
2022-11-15,10.9396925,0,11.47999954,0,11.97500038,11.09000015,11.82499981,0,636531400
2022-11-16,10.49657917,0,11.01500034,0,11.28999996,10.90999985,11.25,0,383358800
2022-11-17,10.41557884,0,10.93000031,0,11.10499954,10.45499992,10.47500038,0,426924400
2022-11-18,10.40604877,0,10.92000008,0,11.28999996,10.64000034,11.27999973,0,389577000
2022-11-21,10.09157944,0,10.59000015,0,10.89999962,10.48499966,10.76000023,0,288222600
2022-11-22,10.51563644,0,11.03499985,0,11.05000019,10.41499996,10.66499996,0,292477200
2022-11-23,10.83010483,0,11.36499977,0,11.43500042,11.00500011,11.02499962,0,357567000
2022-11-25,10.60616398,0,11.13000011,0,11.25,11.07499981,11.17000008,0,134753000
2022-11-28,10.13922596,0,10.64000034,0,11.13500023,10.52999973,10.89999962,0,262765200
2022-11-29,9.896226883,0,10.38500023,0,10.71000004,10.23499966,10.65999985,0,275805400
2022-11-30,11.22557259,0,11.77999973,0,11.82499981,10.32499981,10.42500019,0,545469800
2022-12-01,11.28751373,0,11.84500027,0,12.08500004,11.50500011,11.85000038,0,411007200
2022-12-02,11.15410423,0,11.70499992,0,11.81499958,11.19499969,11.22500038,0,363310000
2022-12-05,10.59187031,0,11.11499977,0,11.60000038,10.93000031,11.43999958,0,301980000
2022-12-06,9.920053482,0,10.40999985,0,11.10499954,10.25,11.09000015,0,339801000
2022-12-07,9.800935745,0,10.28499985,0,10.51500034,10.09000015,10.27999973,0,347335800
2022-12-08,10.14875793,0,10.64999962,0,10.75,10.19499969,10.43500042,0,377840200
2022-12-09,9.953404427,0,10.44499969,0,10.84500027,10.38500023,10.52499962,0,354007800
2022-12-12,10.31551933,0,10.82499981,0,10.82999992,10.33500004,10.45499992,0,225655000
2022-12-13,10.63951683,0,11.16499996,0,12.11499977,10.85999966,12.09000015,0,695385600
2022-12-14,10.38699055,0,10.89999962,0,11.49499989,10.53999996,11.10499954,0,578911000
2022-12-15,9.357820511,0,9.819999695,0,10.51500034,9.675000191,10.43000031,0,428053200
2022-12-16,9.081468582,0,9.529999733,0,9.904999733,9.354999542,9.739999771,0,351284200
2022-12-19,8.705059052,0,9.135000229,0,9.56499958,8.989999771,9.550000191,0,310533000
2022-12-20,8.666945457,0,9.095000267,0,9.279999733,8.835000038,9,0,345762400
2022-12-21,9.04335022,0,9.489999771,0,9.625,9.114999771,9.204999924,0,326374600
2022-12-22,8.400614738,0,8.770000458,0.049,9.125,8.289999962,9.114999771,0,460900400
2022-12-23,8.424561501,0,8.795000076,0,8.859999657,8.414999962,8.604999542,0,330134600
2022-12-27,8.065356255,0,8.420000076,0,8.739999771,8.359999657,8.729999542,0,263200600
2022-12-28,7.739676952,0,8.079999924,0,8.600000381,8.050000191,8.375,0,364869200
2022-12-29,8.285668373,0,8.649999619,0,8.75,8.265000343,8.335000038,0,306109800
2022-12-30,8.285668373,0,8.649999619,0,8.649999619,8.25,8.380000114,0,301941200
2023-01-03,8.098880768,0,8.454999924,0,9.020000458,8.234999657,8.869999886,0,359851800
2023-01-04,8.223406792,0,8.585000038,0,8.744999886,8.270000458,8.664999962,0,435272800
2023-01-05,7.835464001,0,8.180000305,0,8.425000191,8.140000343,8.404999733,0,362504000
2023-01-06,8.44851017,0,8.819999695,0,8.949999809,8.050000191,8.324999809,0,466895200
2023-01-09,8.625715256,0,9.005000114,0,9.479999542,8.944999695,9.039999962,0,372042800
2023-01-10,8.855607986,0,9.244999886,0,9.244999886,8.850000381,8.909999847,0,328723000
2023-01-11,9.296232224,0,9.704999924,0,9.715000153,9.260000229,9.340000153,0,302550000
2023-01-12,9.439914703,0,9.854999542,0,9.960000038,9.295000076,9.760000229,0,561852600
2023-01-13,9.626700401,0,10.05000019,0,10.08500004,9.550000191,9.585000038,0,319566000
2023-01-17,9.679383278,0,10.10499954,0,10.25500011,9.904999733,10.02999973,0,279515800
2023-01-18,9.320178986,0,9.729999542,0,10.45499992,9.694999695,10.28999996,0,373300200
2023-01-19,9.028026581,0,9.425000191,0,9.654999733,9.289999962,9.534999847,0,332741400
2023-01-20,9.765593529,0,10.19499969,0,10.22500038,9.479999542,9.590000153,0,322650400
2023-01-23,10.40737438,0,10.86499977,0,11,10.18999958,10.27499962,0,388084200
2023-01-24,10.34511185,0,10.80000019,0,10.93500042,10.61999989,10.68000031,0,290013000
2023-01-25,10.2684803,0,10.72000027,0,10.79500008,9.989999771,10.27999973,0,436167200
2023-01-26,10.86236954,0,11.34000015,0,11.35999966,10.80000019,11.10999966,0,406837800
2023-01-27,11.17367935,0,11.66499996,0,11.90999985,11.16499996,11.18000031,0,376822200
2023-01-30,10.50316048,0,10.96500015,0,11.44999981,10.92500019,11.27499962,0,347816000
2023-01-31,10.97252178,0,11.45499992,0,11.46000004,10.94999981,10.97000027,0,316513800
2023-02-01,11.68135548,0,12.19499969,0,12.47500038,11.18000031,11.43000031,0,543277600
2023-02-02,12.88828659,0,13.45499992,0,13.72500038,12.875,12.97999954,0,535770200
2023-02-03,12.22255993,0,12.76000023,0,13.56999969,12.55500031,12.60499954,0,534808400
2023-02-06,11.9112463,0,12.43500042,0,12.72500038,12.26000023,12.42500019,0,323632400
2023-02-07,12.64881325,0,13.20499992,0,13.34500027,12.27000046,12.41499996,0,519789200
2023-02-08,11.96872139,0,12.49499989,0,13.14999962,12.40499973,13.02499962,0,362514400
2023-02-09,11.64783001,0,12.15999985,0,13.04500008,11.96500015,13.02499962,0,395196800
2023-02-10,11.40836143,0,11.90999985,0,12.13000011,11.60999966,11.88000011,0,367863400
2023-02-13,11.94956017,0,12.47500038,0,12.55000019,11.92500019,12.06999969,0,279739800
2023-02-14,12.20818901,0,12.74499989,0,12.86999989,12.02499962,12.27000046,0,511474400
2023-02-15,12.48118687,0,13.02999973,0,13.05000019,12.42500019,12.51000023,0,275527400
2023-02-16,11.76756668,0,12.28499985,0,12.93500042,12.26500034,12.41499996,0,388993000
2023-02-17,11.51372528,0,12.02000046,0,12.11499977,11.64999962,12.01500034,0,389804800
2023-02-21,10.70431805,0,11.17500019,0,11.72500038,11.14500046,11.55000019,0,300937600
2023-02-22,10.71389675,0,11.18500042,0,11.42500019,10.98999977,11.22500038,0,334677400
2023-02-23,10.9821043,0,11.46500015,0,11.61499977,10.97500038,11.59500027,0,359540000
2023-02-24,10.42653179,0,10.88500023,0,11.01500034,10.67500019,10.875,0,345563600
2023-02-27,10.65163326,0,11.11999989,0,11.39999962,11.05000019,11.23999977,0,277508800
2023-02-28,10.59895039,0,11.06499958,0,11.35999966,11,11.03999996,0,254631600
2023-03-01,10.34032154,0,10.79500008,0,11.10499954,10.68500042,11.02999973,0,308773800
2023-03-02,10.58937073,0,11.05500031,0,11.14999962,10.47500038,10.50500011,0,315874600
2023-03-03,11.23593998,0,11.72999954,0,11.76500034,11.18999958,11.25,0,303353200
2023-03-06,11.28383541,0,11.77999973,0,12.23999977,11.75,11.88000011,0,303699800
2023-03-07,10.86236954,0,11.34000015,0,11.89000034,11.26000023,11.77999973,0,352663000
2023-03-08,11.01083946,0,11.49499989,0,11.56999969,11.16499996,11.375,0,290985600
2023-03-09,10.43132114,0,10.89000034,0,11.85499954,10.79500008,11.55500031,0,393667400
2023-03-10,10.0002737,0,10.43999958,0,11.07999992,10.31000042,10.90999985,0,629715200
2023-03-13,10.21579838,0,10.66499996,0,11.07499981,10.06499958,10.23499966,0,659081400
2023-03-14,10.91026115,0,11.39000034,0,11.45499992,10.96000004,11.06000042,0,434325800
2023-03-15,11.06831264,0,11.55500031,0,11.60999966,10.91499996,11.08500004,0,549118800
2023-03-16,11.94477272,0,12.47000027,0,12.51500034,11.35999966,11.43999958,0,456714200
2023-03-17,11.76756668,0,12.28499985,0,12.75500011,12.05000019,12.46500015,0,403540600
2023-03-20,11.89208889,0,12.41499996,0,12.46000004,11.94499969,12.21500015,0,328356000
2023-03-21,12.39497757,0,12.93999958,0,13,12.46500015,12.65499973,0,270290200
2023-03-22,11.88915634,0,12.34000015,0.075,13.47999954,12.32499981,12.85499954,0,475836200
2023-03-23,12.31308174,0,12.77999973,0,13.30500031,12.43999958,12.80000019,0,392994400
2023-03-24,12.43833256,0,12.90999985,0,12.92000008,12.42000008,12.72000027,0,338830200
2023-03-27,12.18301487,0,12.64500046,0,13.13000011,12.52999973,12.99499989,0,273591200
2023-03-28,11.98068619,0,12.43500042,0,12.56999969,12.14500046,12.56999969,0,236041400
2023-03-29,12.63584423,0,13.11499977,0,13.18500042,12.78499985,12.88000011,0,238730600
2023-03-30,12.97787285,0,13.47000027,0,13.54500008,13.24499989,13.40999985,0,260300000
2023-03-31,13.61375904,0,14.13000011,0,14.15999985,13.45499992,13.5,0,254044200
2023-04-03,13.51741219,0,14.02999973,0,14.06000042,13.66499996,13.84000015,0,250232600
2023-04-04,13.38252735,0,13.89000034,0,14.21500015,13.71000004,14.07999992,0,232180800
2023-04-05,12.9537859,0,13.44499969,0,13.76000023,13.20499992,13.73499966,0,258274000
2023-04-06,13.2139225,0,13.71500015,0,13.77999973,13.05500031,13.22999954,0,241920600
2023-04-10,13.18501663,0,13.68500042,0,13.68999958,13.08500004,13.31999969,0,237057600
2023-04-11,12.92970085,0,13.42000008,0,13.68500042,13.35000038,13.68000031,0,208521600
2023-04-12,12.58767033,0,13.06499958,0,13.74499989,13,13.67000008,0,348038600
2023-04-13,13.31026649,0,13.81499958,0,13.86999989,13.24499989,13.26500034,0,247523000
2023-04-14,13.23319054,0,13.73499966,0,13.96500015,13.35000038,13.60499954,0,285332200
2023-04-17,13.24764252,0,13.75,0,13.81000042,13.40499973,13.67500019,0,228617800
2023-04-18,13.25727844,0,13.76000023,0,14.09000015,13.60000038,14.03499985,0,212829800
2023-04-19,13.22837353,0,13.72999954,0,13.86999989,13.42000008,13.43500042,0,191850600
2023-04-20,12.92006397,0,13.40999985,0,13.78999996,13.23499966,13.33500004,0,273695200
2023-04-21,12.94415092,0,13.43500042,0,13.54500008,13.125,13.35000038,0,228888000
2023-04-24,12.86707592,0,13.35499954,0,13.58500004,13.06999969,13.40499973,0,215290800
2023-04-25,12.13965893,0,12.60000038,0,13.22500038,12.58500004,13.14000034,0,276576000
2023-04-26,12.3419857,0,12.81000042,0,13.19499969,12.75500011,13.01000023,0,249724600
2023-04-27,13.33917236,0,13.84500027,0,13.91499996,13.19499969,13.27999973,0,255631200
2023-04-28,13.60894108,0,14.125,0,14.14000034,13.66499996,13.81999969,0,261072200
2023-05-01,13.57040405,0,14.08500004,0,14.26500034,13.93500042,14.06999969,0,178002600
2023-05-02,13.20910358,0,13.71000004,0,14.10999966,13.47999954,14.06999969,0,249312000
2023-05-03,12.94896698,0,13.43999958,0,14.10000038,13.41499996,13.75,0,340267600
2023-05-04,12.80444908,0,13.28999996,0,13.53999996,13.14000034,13.39000034,0,242621600
2023-05-05,13.589674,0,14.10499954,0,14.22999954,13.51500034,13.56000042,0,195603200
2023-05-08,13.70047188,0,14.22000027,0,14.27000046,13.90999985,14.05000019,0,151477000
2023-05-09,13.43552017,0,13.94499969,0,14.10999966,13.90499973,13.99499989,0,129681400
2023-05-10,13.86907864,0,14.39500046,0,14.51000023,13.93500042,14.26000023,0,303102000
2023-05-11,13.98469448,0,14.51500034,0,14.59500027,14.24499989,14.45499992,0,194683000
2023-05-12,13.84017277,0,14.36499977,0,14.64999962,14.08500004,14.59000015,0,210763400
2023-05-15,14.05213451,0,14.58500004,0,14.625,14.21500015,14.42500019,0,172935200
2023-05-16,14.10512638,0,14.64000034,0,14.86999989,14.47999954,14.48999977,0,159327000
2023-05-17,14.61094284,0,15.16499996,0,15.23999977,14.61499977,14.77499962,0,202209200
2023-05-18,15.39617062,0,15.97999954,0,16.02000046,15.19999981,15.19999981,0,271867600
2023-05-19,15.29018879,0,15.86999989,0,16.12000084,15.72500038,16.01499939,0,198058400
2023-05-22,15.44915962,0,16.03499985,0,16.18000031,15.83500004,15.84000015,0,166624800
2023-05-23,14.85181141,0,15.41499996,0,15.94999981,15.36499977,15.77999973,0,212630000
2023-05-24,14.61094284,0,15.16499996,0,15.35000038,14.88500023,15.13500023,0,235945000
2023-05-25,15.66593933,0,16.26000023,0,16.43499947,15.84000015,16.18000031,0,261747000
2023-05-26,16.85099983,0,17.48999977,0,17.625,16.39500046,16.40500069,0,252784400
2023-05-30,17.0870533,0,17.73500061,0,18.33499908,17.52000046,18.15500069,0,270612800
2023-05-31,16.74020386,0,17.375,0,17.79500008,17.20000076,17.48500061,0,210289000
2023-06-01,17.34718323,0,18.00499916,0,18.21500015,17.20499992,17.37000084,0,216759200
2023-06-02,17.73739052,0,18.40999985,0,18.59499931,18.00499916,18.28000069,0,216505600
2023-06-05,17.7759285,0,18.45000076,0,18.85000038,18.28000069,18.37999916,0,206261800
2023-06-06,17.75666046,0,18.43000031,0,18.57999992,18.12999916,18.34499931,0,159509000
2023-06-07,16.85099983,0,17.48999977,0,18.78000069,17.38500023,18.46999931,0,228485400
2023-06-08,17.42908287,0,18.09000015,0,18.19000053,17.47500038,17.51000023,0,188153800
2023-06-09,17.64104652,0,18.30999947,0,18.80999947,18.10000038,18.34000015,0,207944000
2023-06-12,18.54188347,0,19.24500084,0,19.25499916,18.42000008,18.57500076,0,154857400
2023-06-13,18.95617485,0,19.67499924,0,19.81500053,19.15999985,19.68499947,0,266534200
2023-06-14,19.36083031,0,20.09499931,0,20.14999962,19.20999908,19.67499924,0,305313000
2023-06-15,20.04006767,0,20.79999924,0,21.04500008,19.75499916,19.87000084,0,255874000
2023-06-16,19.65468597,0,20.39999962,0,21.21999931,20.32500076,21.20499992,0,224810400
2023-06-20,19.55834007,0,20.29999924,0,20.54000092,19.79999924,20.14500046,0,168249800
2023-06-21,18.77449799,0,19.42499924,0.064,20.11000061,19.25,20.04000092,0,199266600
2023-06-22,19.39789772,0,20.06999969,0,20.09499931,19.12000084,19.18499947,0,210199200
2023-06-23,18.82282448,0,19.47500038,0,19.85499954,19.19000053,19.41500092,0,225152400
2023-06-26,18.07860947,0,18.70499992,0,19.83499908,18.67000008,19.37999916,0,216900000
2023-06-27,18.97263527,0,19.62999916,0,19.75,18.79999924,18.92499924,0,195354000
2023-06-28,19.08861542,0,19.75,0,20.06999969,19.31500053,19.33499908,0,217352600
2023-06-29,18.9581337,0,19.61499977,0,19.78000069,19.33499908,19.68000031,0,198266400
2023-06-30,19.81349945,0,20.5,0,20.67499924,20.14500046,20.20000076,0,184308800
2023-07-03,19.94881058,0,20.63999939,0,20.74500084,20.42000008,20.60000038,0,79868000
2023-07-05,19.93431473,0,20.625,0,20.92000008,20.35499954,20.36000061,0,139007400
2023-07-06,19.46555328,0,20.13999939,0,20.20999908,19.64500046,19.98500061,0,170473400
2023-07-07,19.26741791,0,19.93499947,0,20.62999916,19.88999939,20.09499931,0,168624800
2023-07-10,19.28192139,0,19.95000076,0,20.05500031,19.46500015,19.87999916,0,172013600
2023-07-11,19.55737495,0,20.23500061,0,20.30999947,19.64999962,20.01000023,0,162478600
2023-07-12,20.28225708,0,20.98500061,0,21.21999931,20.57500076,20.91500092,0,230335400
2023-07-13,21.29226303,0,22.03000069,0,22.18000031,21.41500092,21.51000023,0,164773200
2023-07-14,21.27293396,0,22.01000023,0,22.68000031,21.86000061,22.11000061,0,186056400
2023-07-17,21.86250305,0,22.62000084,0,22.78499985,22.05500031,22.13999939,0,145525200
2023-07-18,22.38442039,0,23.15999985,0,23.42000008,22.15500069,22.51000023,0,196113200
2023-07-19,22.38442039,0,23.15999985,0,23.56999969,22.90999985,23.36499977,0,200573800
2023-07-20,20.81383705,0,21.53499985,0,22.85000038,21.34499931,22.57999992,0,233862800
2023-07-21,20.63020515,0,21.34499931,0,22.09000015,21.25499916,21.94000053,0,205108600
2023-07-24,20.71235466,0,21.43000031,0,21.65500069,21.10000038,21.48999977,0,126429200
2023-07-25,21.12795639,0,21.86000061,0,22.13999939,21.54000092,21.54000092,0,138199200
2023-07-26,20.91049004,0,21.63500023,0,21.92499924,21.21999931,21.65999985,0,205764600
2023-07-27,20.73168564,0,21.45000076,0,22.84499931,21.22500038,22.55500031,0,261103200
2023-07-28,21.85283852,0,22.61000061,0,22.79500008,22.06500053,22.14999962,0,204487600
2023-07-31,21.89633369,0,22.65500069,0,22.85499954,22.40999985,22.66500092,0,159009200
2023-08-01,21.72719193,0,22.47999954,0,22.61499977,22.10499954,22.39500046,0,153056600
2023-08-02,20.30641747,0,21.01000023,0,21.85000038,20.76499939,21.84499931,0,258044000
2023-08-03,20.16144562,0,20.86000061,0,21.22999954,20.52499962,20.55500031,0,201340200
2023-08-04,19.88115311,0,20.56999969,0,21.58499908,20.48500061,21.19499969,0,247452800
2023-08-07,20.37407303,0,21.07999992,0,21.10000038,20.46999931,20.86499977,0,149792200
2023-08-08,19.85215759,0,20.54000092,0,20.64500046,20,20.64500046,0,188780000
2023-08-09,19.1900959,0,19.85499954,0,20.60499954,19.72500038,20.57999992,0,199430600
2023-08-10,19.27708435,0,19.94499969,0,20.875,19.68499947,20.32999992,0,260554200
2023-08-11,18.89047813,0,19.54500008,0,19.83499908,19.29999924,19.51499939,0,201573800
2023-08-14,19.51871109,0,20.19499969,0,20.21999931,19.29999924,19.41500092,0,142553600
2023-08-15,18.91947556,0,19.57500076,0,20.17000008,19.44000053,20.03499985,0,162553600
2023-08-16,18.29124451,0,18.92499924,0,19.70999908,18.90999985,19.45999908,0,190222000
2023-08-17,17.67267609,0,18.28499985,0,19.18000031,18.21500015,19.125,0,210232800
2023-08-18,17.59052277,0,18.20000076,0,18.40500069,17.68499947,17.76499939,0,247002000
2023-08-21,18.44105148,0,19.07999992,0,19.19000053,18.35499954,18.43499947,0,191487200
2023-08-22,18.35889626,0,18.99500084,0,19.48999977,18.88500023,19.48500061,0,180368000
2023-08-23,19.22392273,0,19.88999939,0,20.05999947,19.13999939,19.17499924,0,175454000
2023-08-24,17.9577961,0,18.57999992,0,20.45499992,18.54999924,20.44000053,0,232397200
2023-08-25,18.38306046,0,19.02000046,0,19.28000069,18.17499924,18.71500015,0,278289400
2023-08-28,18.79382515,0,19.44499969,0,19.58499908,19.04000092,19.47500038,0,182641000
2023-08-29,19.99230003,0,20.68499947,0,20.76000023,19.34499931,19.39999962,0,187495600
2023-08-30,20.32575035,0,21.03000069,0,21.13999939,20.54000092,20.71500015,0,185958200
2023-08-31,20.50939178,0,21.21999931,0,21.48999977,21.01000023,21.02000046,0,162242800
2023-09-01,20.43689919,0,21.14500046,0,21.68000031,20.875,21.60499954,0,165058400
2023-09-05,20.4900589,0,21.20000076,0,21.40999985,20.82999992,20.98500061,0,123778600
2023-09-06,19.94881058,0,20.63999939,0,21.12000084,20.29000092,21.06999969,0,148058200
2023-09-07,19.51387978,0,20.19000053,0,20.29999924,19.69000053,19.87000084,0,168623000
2023-09-08,19.57186699,0,20.25,0,20.62000084,20.08499908,20.15500069,0,149541600
2023-09-11,20.2387619,0,20.94000053,0,21.04500008,20.42000008,20.74500084,0,141712800
2023-09-12,19.59120178,0,20.27000046,0,20.90500069,20.20000076,20.67000008,0,155524200
2023-09-13,19.78450394,0,20.46999931,0,20.74500084,20.09499931,20.29000092,0,170849400
2023-09-14,20.24842834,0,20.95000076,0,21.12000084,20.39999962,20.75,0,152379800
2023-09-15,19.20942688,0,19.875,0,20.79500008,19.71500015,20.72500038,0,179839600
2023-09-18,19.25292206,0,19.92000008,0,20.11000061,19.66500092,19.71500015,0,124798200
2023-09-19,19.13694191,0,19.79999924,0,19.91500092,19.29999924,19.70499992,0,148741400
2023-09-20,18.30717468,0,18.875,0.0695,19.95000076,18.85000038,19.88500023,0,196038400
2023-09-21,17.26451492,0,17.79999924,0,18.38999939,17.78499985,18.27499962,0,216821200
2023-09-22,17.27906609,0,17.81500053,0,18.38999939,17.76000023,18.06500053,0,188181200
2023-09-25,17.50699615,0,18.04999924,0,18.06999969,17.50499916,17.65500069,0,162538400
2023-09-26,16.72621346,0,17.24500084,0,17.73999977,17.08499908,17.65500069,0,210679400
2023-09-27,16.82805061,0,17.35000038,0,17.63500023,16.81500053,17.40500069,0,256871600
2023-09-28,17.23541832,0,17.77000046,0,18.08499908,17.06500053,17.19499969,0,268145800
2023-09-29,17.2742157,0,17.80999947,0,18.5,17.61499977,18.29000092,0,286858200
2023-10-02,17.68642998,0,18.23500061,0,18.45000076,17.73999977,17.83499908,0,236463200
2023-10-03,16.75045776,0,17.27000046,0,18.19499969,17.02000046,17.85499954,0,266539000
2023-10-04,17.42939758,0,17.96999931,0,18.09499931,17.31999969,17.38999939,0,252759200
2023-10-05,17.24511719,0,17.78000069,0,18,17.25,17.94499969,0,218006200
2023-10-06,18.11319351,0,18.67499924,0,18.84499931,17.20499992,17.32500076,0,294897400
2023-10-09,18.37992096,0,18.95000076,0,19.04500008,18.06999969,18.30500031,0,210966000
2023-10-10,18.68059349,0,19.26000023,0,19.68499947,18.92499924,19.00499916,0,216109600
2023-10-11,19.07825851,0,19.67000008,0,19.70499992,19.20000076,19.46999931,0,191710800
2023-10-12,18.85518074,0,19.44000053,0,20.02499962,19.05999947,19.73500061,0,236509200
2023-10-13,18.14228821,0,18.70499992,0,19.63999939,18.48500061,19.54500008,0,259511000
2023-10-16,18.75333595,0,19.33499908,0,19.5,18.88500023,18.90999985,0,173152200
2023-10-17,18.57390022,0,19.14999962,0,19.40999985,18.42499924,18.76000023,0,210387000
2023-10-18,17.78826904,0,18.34000015,0,19.09000015,18.16500092,18.73500061,0,263165200
2023-10-19,17.31301117,0,17.85000038,0,18.75499916,17.71999931,18.57500076,0,370050400
2023-10-20,16.53223038,0,17.04500008,0,17.85000038,17.01000023,17.76000023,0,277722800
2023-10-23,16.67771721,0,17.19499969,0,17.70499992,16.53000069,16.83499908,0,263599000
2023-10-24,17.14812279,0,17.68000031,0,17.79500008,17.20000076,17.45000076,0,245074600
2023-10-25,15.89208317,0,16.38500023,0,17.34000015,16.29000092,17.31500053,0,328363200
2023-10-26,14.96581364,0,15.43000031,0,16.31999969,15.23499966,16.19000053,0,374047400
2023-10-27,15.1791935,0,15.64999962,0,16.11499977,15.47500038,15.78999996,0,294702200
2023-10-30,15.66900253,0,16.15500069,0,16.34499931,15.78999996,15.97500038,0,264305600
2023-10-31,15.89693356,0,16.38999939,0,16.44499969,15.80000019,16.15999985,0,222923600
2023-11-01,16.71651459,0,17.23500061,0,17.31500053,16.48500061,16.5,0,332635600
2023-11-02,17.60398865,0,18.14999962,0,18.19000053,17.70000076,17.87999916,0,234134000
2023-11-03,18.22473526,0,18.79000092,0,18.98999977,18.31500053,18.35000038,0,228661200
2023-11-06,18.43326378,0,19.00499916,0,19.10499954,18.65999985,18.90500069,0,183599600
2023-11-07,18.95217133,0,19.54000092,0,19.68499947,18.98500061,19.17499924,0,204502200
2023-11-08,18.98611641,0,19.57500076,0,19.71500015,19.21500015,19.60000038,0,187960200
2023-11-09,18.53510857,0,19.11000061,0,19.85499954,19.03000069,19.67000008,0,258365200
2023-11-10,19.7717495,0,20.38500023,0,20.41500092,19.29000092,19.375,0,248927600
2023-11-13,19.59231377,0,20.20000076,0,20.36499977,19.875,20.125,0,180430400
2023-11-14,20.82410622,0,21.46999931,0,21.63999939,21.14500046,21.23500061,0,233552400
2023-11-15,20.88230515,0,21.53000069,0,21.88999939,21.29999924,21.80999947,0,218432600
2023-11-16,20.91625023,0,21.56500053,0,21.60499954,21.16500092,21.37999916,0,178045000
2023-11-17,20.93080139,0,21.57999992,0,21.75,21.28499985,21.44000053,0,157517000
2023-11-20,21.6776371,0,22.35000038,0,22.47500038,21.56999969,21.57500076,0,165655600
2023-11-21,21.28482056,0,21.94499969,0,22.07999992,21.64500046,22.04500008,0,148275200
2023-11-22,21.53214836,0,22.20000076,0,22.70999908,22.02499962,22.28499985,0,171446400
2023-11-24,21.425457,0,22.09000015,0,22.22500038,21.92499924,22.125,0,63975400
2023-11-27,21.3624115,0,22.02499962,0,22.37000084,21.88500023,22.00499916,0,121856400
2023-11-28,21.53214836,0,22.20000076,0,22.29999924,21.83499908,21.89999962,0,158349000
2023-11-29,21.45455742,0,22.12000084,0,22.86499977,22.06500053,22.62000084,0,177523200
2023-11-30,21.27511978,0,21.93499947,0,22.22999954,21.42000008,22.14999962,0,186394600
2023-12-01,21.45455742,0,22.12000084,0,22.21999931,21.45999908,21.74500084,0,172937600
2023-12-04,20.84350967,0,21.48999977,0,21.53499985,20.86499977,21.45499992,0,181143600
2023-12-05,20.99384499,0,21.64500046,0,21.85000038,21.12999916,21.15500069,0,167540400
2023-12-06,20.62042809,0,21.26000023,0,22.15999985,21.20499992,22.13999939,0,163000600
2023-12-07,21.48365402,0,22.14999962,0,22.27000046,21.55500031,21.73999977,0,162755400
2023-12-08,21.7406826,0,22.41500092,0,22.5,21.79500008,21.82500076,0,181789000
2023-12-11,22.29353523,0,22.98500061,0,23.04000092,22.29999924,22.33499908,0,151540000
2023-12-12,22.83183479,0,23.54000092,0,23.54999924,22.78499985,22.98999977,0,142899400
2023-12-13,23.63686943,0,24.37000084,0,24.53499985,23.54999924,23.69000053,0,230081400
2023-12-14,23.59807205,0,24.32999992,0,24.86499977,23.77499962,24.625,0,202697800
2023-12-15,23.87934494,0,24.62000084,0,24.89500046,24.35000038,24.46999931,0,156731000
2023-12-18,24.37885094,0,25.13500023,0,25.29999924,24.68499947,24.74500084,0,116436000
2023-12-19,24.74257469,0,25.51000023,0,25.53000069,25.18000031,25.20999908,0,120349600
2023-12-20,23.64321518,0,24.27000046,0.1115,25.63500023,24.22999954,25.23999977,0,176165000
2023-12-21,24.42742729,0,25.07500076,0,25.13500023,24.46999931,24.94499969,0,149089400
2023-12-22,24.52484512,0,25.17499924,0,25.46999931,24.81999969,25.29999924,0,132420000
2023-12-26,24.97296715,0,25.63500023,0,25.75499916,25.30999947,25.31999969,0,87371200
2023-12-27,25.10447693,0,25.77000046,0,25.82999992,25.51000023,25.67499924,0,111495600
2023-12-28,25.04115868,0,25.70499992,0,26.00499916,25.63500023,25.95999908,0,85768200
2023-12-29,24.69532776,0,25.35000038,0,25.76000023,25,25.69000053,0,134245400
2024-01-02,23.44351196,0,24.06500053,0,24.71500015,23.63500023,24.67499924,0,176270600
2024-01-03,22.69339561,0,23.29500008,0,23.77000046,23.21500015,23.58499908,0,167812200
2024-01-04,22.31346512,0,22.90500069,0,23.48500061,22.86499977,22.93499947,0,143735400
2024-01-05,22.39627266,0,22.98999977,0,23.45999908,22.73500061,22.93000031,0,170481600
2024-01-08,23.74550819,0,24.375,0,24.45000076,23.16500092,23.19499969,0,135374200
2024-01-09,23.901371,0,24.53499985,0,24.70499992,23.80500031,23.82999992,0,148431600
2024-01-10,24.37384796,0,25.02000046,0,25.20499992,24.42000008,24.58499908,0,147621000
2024-01-11,24.49074554,0,25.13999939,0,25.48500061,24.20000076,25.22500038,0,190228400
2024-01-12,24.51997375,0,25.17000008,0,25.48999977,24.92000008,25.33499908,0,128214000
2024-01-16,24.50535965,0,25.15500069,0,25.45499992,24.66500092,24.94000053,0,145874000
2024-01-17,24.08159256,0,24.71999931,0,24.79500008,23.93499947,24.53499985,0,166554600
2024-01-18,25.11422348,0,25.78000069,0,25.86000061,25.05500031,25.29500008,0,182140800
2024-01-19,26.56574249,0,27.27000046,0,27.30999947,26.04999924,26.15999985,0,186359400
2024-01-22,26.67289925,0,27.37999916,0,27.95999908,27.25499916,27.70499992,0,149656600
2024-01-23,26.98950577,0,27.70499992,0,27.73999977,27.13999939,27.50499916,0,112172000
2024-01-24,27.43275452,0,28.15999985,0,28.95000076,28.05999947,28.47500038,0,179718600
2024-01-25,27.51068878,0,28.23999977,0,28.76499939,27.76000023,28.62999916,0,151395200
2024-01-26,27.00411797,0,27.71999931,0,28.19499969,27.59000015,27.84000015,0,128382600
2024-01-29,27.79807091,0,28.53499985,0,28.60000038,27.67000008,27.80500031,0,115977200
2024-01-30,27.24279213,0,27.96500015,0,28.45999908,27.79999924,28.34499931,0,119554400
2024-01-31,25.64027214,0,26.31999969,0,27.48999977,26.29000092,27.09499931,0,203451600
2024-02-01,26.54625893,0,27.25,0,27.31999969,26.45499992,26.64500046,0,162261400
2024-02-02,27.88087463,0,28.62000084,0,28.84000015,27.39500046,27.59000015,0,198505000
2024-02-05,27.73962021,0,28.47500038,0,28.70999908,27.78499985,28.59499931,0,139947800
2024-02-06,27.5788784,0,28.30999947,0,28.81999969,27.81999969,28.69000053,0,140124200
2024-02-07,28.40205765,0,29.15500069,0,29.32999992,28.58499908,28.84499931,0,131823400
2024-02-08,28.51896286,0,29.27499962,0,29.44499969,29.01000023,29.15500069,0,98922200
2024-02-09,29.35674858,0,30.13500023,0,30.30500031,29.35499954,29.51499939,0,110222000
2024-02-12,29.01091766,0,29.78000069,0,30.56999969,29.63999939,30.10499954,0,116255000
2024-02-13,27.6373291,0,28.37000084,0,28.93499947,27.71999931,28.12000084,0,188933000
2024-02-14,28.51408958,0,29.27000046,0,29.375,28.43000031,28.89999962,0,156151400
2024-02-15,28.75275993,0,29.51499939,0,29.60499954,28.86499977,29.40500069,0,130057200
2024-02-16,27.96368217,0,28.70499992,0,29.60499954,28.55500031,29.57999992,0,151933000
2024-02-20,27.31585503,0,28.04000092,0,28.59000015,27.27499962,28.29000092,0,163321000
2024-02-21,26.97489166,0,27.69000053,0,27.70999908,26.90999985,27.48500061,0,152898600
2024-02-22,29.30803871,0,30.08499908,0,30.29999924,29.24500084,29.38999939,0,179279200
2024-02-23,29.04014206,0,29.80999947,0,30.61000061,29.61000061,30.41500092,0,140390800
2024-02-26,29.00117683,0,29.77000046,0,30.18499947,29.71500015,29.96999931,0,109875400
2024-02-27,29.18140221,0,29.95499992,0,30.04500008,29.43499947,29.97999954,0,109399800
2024-02-28,28.70892143,0,29.46999931,0,29.76499939,29.27499962,29.51499939,0,123503400
2024-02-29,29.40058899,0,30.18000031,0,30.42499924,29.38999939,30.04000092,0,136959800
2024-03-01,30.74982071,0,31.56500053,0,31.75499916,30.36499977,30.375,0,140959600
2024-03-04,30.38450432,0,31.19000053,0,31.63999939,31.15500069,31.54500008,0,120418600
2024-03-05,28.7576313,0,29.52000046,0,30.54999924,29.01000023,30.54999924,0,193207000
2024-03-06,29.28856087,0,30.06500053,0,30.71500015,29.67499924,30.37000084,0,181677400
2024-03-07,30.59395409,0,31.40500069,0,31.65999985,30.45499992,30.77499962,0,142370800
2024-03-08,29.25446129,0,30.03000069,0,32.06499863,29.88500023,31.45999908,0,296451200
2024-03-11,28.91350174,0,29.68000031,0,29.94000053,29.28000069,29.70499992,0,146770000
2024-03-12,30.14096069,0,30.94000053,0,31.02000046,29.47999954,30.14500046,0,170560000
2024-03-13,29.43955421,0,30.21999931,0,30.72999954,29.98500061,30.71999931,0,143779800
2024-03-14,29.20088005,0,29.97500038,0,30.54999924,29.39500046,30.43499947,0,162480400
2024-03-15,28.134161,0,28.87999916,0,29.45999908,28.64500046,29.34499931,0,140883800
2024-03-18,28.92811012,0,29.69499969,0,30.39999962,29.64500046,29.94000053,0,129193800
2024-03-19,29.12781715,0,29.89999962,0,29.98999977,28.84000015,29.27000046,0,118810000
2024-03-20,30.161726,0,30.85000038,0.1075,30.91500092,29.68000031,30.03499985,0,156556000
2024-03-21,30.55280113,0,31.25,0,31.97500038,31.20999908,31.875,0,126541800
2024-03-22,30.61635017,0,31.31500053,0,31.58499908,30.95000076,31.13500023,0,91574800
2024-03-25,30.30349159,0,30.99500084,0,31.31500053,30.53000069,30.73999977,0,86669400
2024-03-26,30.0199604,0,30.70499992,0,31.50499916,30.63999939,31.30500031,0,93986000
2024-03-27,30.28393745,0,30.97500038,0,31.31500053,30.35499954,31.28499985,0,111388600
2024-03-28,30.09328461,0,30.78000069,0,31.11499977,30.70000076,30.94499969,0,87023400
2024-04-01,30.27904701,0,30.96999931,0,31.49500084,30.55999947,30.95999908,0,112290600
2024-04-02,29.46756363,0,30.13999939,0,30.20999908,29.5,29.93499947,0,109672800
2024-04-03,29.6631012,0,30.34000015,0,30.72999954,29.69000053,29.70000076,0,111683800
2024-04-04,28.26500702,0,28.90999985,0,31.30500031,28.87000084,31.17499924,0,167520400
2024-04-05,29.26224899,0,29.93000031,0,30.46500015,29.03000069,29.20000076,0,154897200
2024-04-08,29.28180313,0,29.95000076,0,30.32999992,29.65500069,30.10499954,0,89725400
2024-04-09,29.58488655,0,30.26000023,0,30.46999931,29.29000092,30.40500069,0,119965000
2024-04-10,28.80762482,0,29.46500015,0,29.63999939,29.03000069,29.18000031,0,202080600
2024-04-11,30.161726,0,30.85000038,0,31.03000069,29.34000015,29.80500031,0,146931200
2024-04-12,28.70496941,0,29.36000061,0,30.17499924,29.05999947,29.94000053,0,172589800
2024-04-15,27.26287842,0,27.88500023,0,30.11499977,27.71999931,30.10000038,0,203656200
2024-04-16,27.26776505,0,27.88999939,0,28.40500069,27.62000084,27.84499931,0,163766200
2024-04-17,26.25585556,0,26.85499954,0,28.27499962,26.67499924,28.27000046,0,171026400
2024-04-18,25.78656578,0,26.375,0,27.28000069,26.25499916,26.94499969,0,172781600
2024-04-19,24.18803978,0,24.73999977,0,26.23500061,24.42499924,26.13999939,0,250807600
2024-04-22,24.89197731,0,25.45999908,0,25.88500023,24.58499908,25.19000053,0,142604800
2024-04-23,26.00165367,0,26.59499931,0,26.80999947,25.74500084,25.80999947,0,151835000
2024-04-24,26.25585556,0,26.85499954,0,27.45499992,26.41500092,27.15999985,0,144316800
2024-04-25,25.83544922,0,26.42499924,0,26.59499931,25.23999977,25.45000076,0,172827200
2024-04-26,27.02334023,0,27.63999939,0,27.93499947,26.88500023,27.01499939,0,135994600
2024-04-29,27.34597969,0,27.96999931,0,28.16500092,27.44000053,28.04000092,0,102355000
2024-04-30,25.78167343,0,26.37000084,0,27.92499924,26.36499977,27.64999962,0,125248600
2024-05-01,25.22439003,0,25.79999924,0,27.39999962,25.63500023,26.07500076,0,208076800
2024-05-02,26.15808487,0,26.75499916,0,26.92499924,25.60000038,26.45999908,0,124829800
2024-05-03,27.71750259,0,28.35000038,0,28.55500031,27.86499977,28.16500092,0,150878000
2024-05-06,28.62675095,0,29.28000069,0,29.29999924,28.55999947,28.70999908,0,82530800
2024-05-07,28.62675095,0,29.28000069,0,29.61499977,29.13999939,29.36000061,0,93320400
2024-05-08,28.57297897,0,29.22500038,0,29.51000023,28.72500038,28.75,0,78027200
2024-05-09,28.72941399,0,29.38500023,0,29.5,28.875,29.25,0,81439200
2024-05-10,28.92494583,0,29.58499908,0,30.03499985,29.27000046,29.68000031,0,92669600
2024-05-13,29.11559868,0,29.78000069,0,29.98500061,29.48999977,29.95999908,0,67722000
2024-05-14,29.65821266,0,30.33499908,0,30.45000076,29.63999939,29.68000031,0,92952800
2024-05-15,31.02697945,0,31.73500061,0,31.80999947,30.53000069,30.84499931,0,130481400
2024-05-16,30.83633041,0,31.54000092,0,32.09999847,31.49500084,31.68000031,0,87715200
2024-05-17,30.76789093,0,31.46999931,0,31.68000031,31.01000023,31.54500008,0,70099600
2024-05-20,31.40338898,0,32.11999893,0,32.26499939,31.47500038,31.51000023,0,74539000
2024-05-21,31.56471062,0,32.28499985,0,32.33499908,31.67499924,31.71999931,0,62314000
2024-05-22,31.54515839,0,32.26499939,0,32.5,31.70999908,32.34500122,0,80039400
2024-05-23,31.0758667,0,31.78499985,0,33.25500107,31.39999962,33.25,0,130877800
2024-05-24,31.94600677,0,32.67499924,0,32.94499969,31.96999931,32.125,0,82558000
2024-05-28,32.29308701,0,33.02999878,0,33.04999924,32.40000153,32.93000031,0,83186400
2024-05-29,31.61848068,0,32.34000015,0,32.72000122,32.09999847,32.11999893,0,79282200
2024-05-30,30.60168266,0,31.29999924,0,32.15000153,30.99500084,32.125,0,84703600
2024-05-31,30.56746483,0,31.26499939,0,31.44499969,29.47999954,31.29999924,0,143746400
2024-06-03,30.86566353,0,31.56999969,0,32.07500076,30.47999954,31.86499977,0,111435000
2024-06-04,31.09542084,0,31.80500031,0,32.06499863,31.13500023,31.5,0,88491800
2024-06-05,32.97258377,0,33.72499847,0,33.74000168,32.32500076,32.56000137,0,104871400
2024-06-06,32.93347168,0,33.68500137,0,33.93999863,33.42499924,33.86999893,0,73031200
2024-06-07,32.81126785,0,33.56000137,0,34.16500092,33.31000137,33.56000137,0,89943400
2024-06-10,33.15834427,0,33.91500092,0,34.02999878,33.24000168,33.29499817,0,72041800
2024-06-11,33.84273148,0,34.61500168,0,34.65999985,33.33000183,33.65999985,0,71386800
2024-06-12,35.1772728,0,35.97999954,0,36.50999832,35.36000061,35.50500107,0,124402600
2024-06-13,35.73944473,0,36.55500031,0,36.94499969,36.03499985,36.78499985,0,87285000
2024-06-14,36.25761414,0,37.08499908,0,37.10499954,36.36500168,36.47499847,0,71555000
2024-06-17,37.57261276,0,38.43000031,0,38.86000061,36.83499908,37.13999939,0,93354600
2024-06-18,37.59215927,0,38.45000076,0,38.61500168,38.02999878,38.41500092,0,66433200
2024-06-20,36.7073555,0,37.54499817,0,38.83000183,37.11000061,38.72999954,0,105455000
2024-06-21,36.37005615,0,37.20000076,0,37.76499939,36.86000061,37.45000076,0,77341800
2024-06-24,35.13816452,0,35.93999863,0,37.31499863,35.90000153,36.90999985,0,93754600
2024-06-25,36.31138992,0,37.13999939,0,37.21500015,36.18500137,36.39500046,0,77675000
2024-06-26,36.53859711,0,37.22999954,0.1415,37.34999847,36.70500183,36.79999924,0,72549600
2024-06-27,36.80358124,0,37.5,0,37.84999847,36.95999908,37.15999985,0,74115400
2024-06-28,36.22453308,0,36.90999985,0,38.76499939,36.72499847,37.64500046,0,107803000
2024-07-01,36.81830215,0,37.51499939,0,37.64500046,36.20999908,37.08000183,0,86557400
2024-07-02,37.94694519,0,38.66500092,0,38.68999863,37.11999893,37.14500046,0,74950200
2024-07-03,38.87930298,0,39.61500168,0,39.65499878,38.47499847,38.47499847,0,56150400
2024-07-05,40.05701447,0,40.81499863,0,40.92499924,39.71500015,39.78499985,0,79624600
2024-07-08,40.32200241,0,41.08499908,0,41.23500061,40.63999939,40.90499878,0,73365600
2024-07-09,40.41032791,0,41.17499924,0,41.74499893,40.81000137,41.45999908,0,72033600
2024-07-10,41.67636871,0,42.46500015,0,42.59999847,41.33499908,41.65999985,0,77554800
2024-07-11,38.93818283,0,39.67499924,0,42.52999878,39.34999847,42.48500061,0,149329000
2024-07-12,39.57120895,0,40.31999969,0,41.47000122,39.65000153,39.75500107,0,101019800
2024-07-15,39.86563873,0,40.61999893,0,41.81000137,40.11500168,40.73500061,0,109900400
2024-07-16,39.89508438,0,40.65000153,0,41.17499924,39.86999893,40.97000122,0,83637600
2024-07-17,36.38647079,0,37.07500076,0,38.78499985,37.04499817,38.66500092,0,142840000
2024-07-18,35.84178162,0,36.52000046,0,37.95999908,35.77500153,37.90499878,0,131678400
2024-07-19,34.87015915,0,35.52999878,0,36.98500061,35.22000122,36.40000153,0,118249600
2024-07-22,36.39138031,0,37.08000183,0,37.31499863,36.06000137,36.82500076,0,112808600
2024-07-23,35.998806,0,36.68000031,0,37.56499863,36.56999969,36.86500168,0,87127000
2024-07-24,32.11725235,0,32.72499847,0,35.18999863,32.52500153,35.11500168,0,159575200
2024-07-25,31.04750061,0,31.63500023,0,33.66999817,31.06500053,32.77999878,0,188128000
2024-07-26,31.93568993,0,32.54000092,0,33.16999817,31.88999939,32.5,0,137407000
2024-07-29,32.12216187,0,32.72999954,0,33.59500122,32.25999832,33.13499832,0,115640800
2024-07-30,30.81195641,0,31.39500046,0,33.29499817,30.67000008,33.13999939,0,143063600
2024-07-31,33.50598145,0,34.13999939,0,34.5,33.18999863,33.49000168,0,173408400
2024-08-01,31.09166336,0,31.68000031,0,35.11000061,30.85000038,34.29000092,0,210693200
2024-08-02,28.82456589,0,29.37000084,0,30.36000061,28.5,29.82500076,0,209844000
2024-08-05,26.31210136,0,26.80999947,0,28.09499931,24.39999962,24.66500092,0,287924400
2024-08-06,26.96966553,0,27.47999954,0,28.875,26.56999969,27.06500053,0,192909400
2024-08-07,26.10109901,0,26.59499931,0,29.25499916,26.5,28.78499985,0,182751600
2024-08-08,28.49087906,0,29.03000069,0,29.17499924,27.00499916,27.72500038,0,152879200
2024-08-09,28.87854195,0,29.42499924,0,29.76499939,28.5,28.71999931,0,125592400
2024-08-12,29.07482529,0,29.625,0,30.20000076,29.05500031,29.61499977,0,108972600
2024-08-13,31.1898098,0,31.78000069,0,31.85499954,30.45000076,30.47999954,0,108962800
2024-08-14,31.24378586,0,31.83499908,0,32.31999969,30.93499947,31.99500084,0,124710600
2024-08-15,33.59430313,0,34.22999954,0,34.31499863,32.99499893,33.06499863,0,106424800
2024-08-16,33.68263626,0,34.31999969,0,34.63000107,33.59500122,33.81000137,0,89675200
2024-08-19,34.98793793,0,35.65000153,0,35.67499924,33.94499969,34.34000015,0,91599800
2024-08-20,34.77202225,0,35.43000031,0,36.02999878,35.04499817,35.45000076,0,97859000
2024-08-21,35.24801254,0,35.91500092,0,36.33000183,35.20999908,35.59000015,0,103000800
2024-08-22,33.5550499,0,34.18999863,0,36.58000183,33.95999908,36.43000031,0,127496400
2024-08-23,34.61008835,0,35.26499939,0,35.86000061,34.25,35.09999847,0,128753200
2024-08-26,33.59430313,0,34.22999954,0,35.33499908,33.76499939,35.13499832,0,84981400
2024-08-27,33.87892151,0,34.52000046,0,34.75,33.42499924,33.86500168,0,71532600
2024-08-28,32.73064423,0,33.34999847,0,34.56000137,32.58000183,34.40000153,0,118625800
2024-08-29,32.55889893,0,33.17499924,0,34.71500015,32.89500046,33.72499847,0,120033600
2024-08-30,33.66791153,0,34.30500031,0,34.43500137,33.09000015,34.06000137,0,92946800
2024-09-03,30.59604073,0,31.17499924,0,33.65999985,30.64500046,33.63000107,0,147572600
2024-09-04,30.3359642,0,30.90999985,0,31.68499947,30.32500076,30.52000046,0,96798400
2024-09-05,30.43410492,0,31.01000023,0,31.86000061,30.36000061,30.56999969,0,110171600
2024-09-06,27.96581459,0,28.49500084,0,30.98500061,28.36000061,30.80500031,0,169904600
2024-09-09,29.00612831,0,29.55500031,0,29.74500084,28.67000008,29.28499985,0,110835000
2024-09-10,29.78636551,0,30.35000038,0,30.45999908,29.10000038,29.88999939,0,91582400
2024-09-11,31.68542862,0,32.28499985,0,32.47499847,28.88500023,30.59000015,0,163475200
2024-09-12,32.62269592,0,33.24000168,0,33.44499969,31.94499969,32.31499863,0,109802600
2024-09-13,33.04961014,0,33.67499924,0,33.93500137,33.02500153,33.07500076,0,87966600
2024-09-16,32.60797119,0,33.22499847,0,33.35499954,32.51499939,33.20999908,0,82331000
2024-09-17,32.62759399,0,33.24499893,0,34.13000107,32.73500061,33.84999847,0,103114400
2024-09-18,32.20067978,0,32.81000137,0,34.38000107,32.69499969,33.50999832,0,166396200
2024-09-19,34.63462448,0,35.29000092,0,35.90000153,34.70500183,35.15000153,0,114801400
2024-09-20,34.41379929,0,35.06499863,0,35.34000015,34.15499878,35.07500076,0,96759600
2024-09-23,34.6689682,0,35.32500076,0,35.57500076,35.02000046,35.31000137,0,69837000
2024-09-24,35.15968704,0,35.82500076,0,36.04499817,34.68999863,35.63999939,0,81259600
2024-09-25,35.28276062,0,35.83499908,0.115,36.24499893,35.52999878,35.56999969,0,64724800
2024-09-26,36.03104782,0,36.59500122,0,37.53499985,35.79000092,37.45999908,0,107003200
2024-09-27,35.41075897,0,35.96500015,0,36.83000183,35.69499969,36.81000137,0,82930600
2024-09-30,35.68644333,0,36.24499893,0,36.31000137,35.09000015,35.72999954,0,85862800
2024-10-01,34.17509842,0,34.70999908,0,36.21500015,33.84999847,36.13999939,0,134760200
2024-10-02,34.30309296,0,34.84000015,0,35.27000046,33.93500137,34.50500107,0,79119400
2024-10-03,34.22432327,0,34.75999832,0,35.40499878,34.19499969,34.36500168,0,97749400
2024-10-04,35.43044662,0,35.98500061,0,36.08000183,34.88999939,36,0,110700400
2024-10-07,34.26370621,0,34.79999924,0,35.79000092,34.52999878,35.52500153,0,82403400
2024-10-08,35.7504425,0,36.31000137,0,36.49000168,35.15499878,35.33000183,0,77914000
2024-10-09,36.61195755,0,37.18500137,0,37.31499863,36.02999878,36.25999832,0,78696200
2024-10-10,36.48395538,0,37.05500031,0,37.47499847,36.36000061,36.65999985,0,86060600
2024-10-11,36.57749939,0,37.15000153,0,37.40000153,36.45000076,36.58499908,0,70735200
2024-10-14,37.51285934,0,38.09999847,0,38.40999985,37.60499954,37.72000122,0,67691200
2024-10-15,36.01628494,0,36.58000183,0,38.32500076,36.06999969,38.17499924,0,106307600
2024-10-16,35.99658966,0,36.56000137,0,36.74499893,35.83499908,36.61999893,0,70784200
2024-10-17,36.10489655,0,36.66999817,0,37.79999924,36.625,37.79000092,0,97697800
2024-10-18,36.74487686,0,37.31999969,0,37.57500076,37.06499863,37.22999954,0,64151600
2024-10-21,36.94672012,0,37.52500153,0,37.70999908,36.59000015,37.02999878,0,74995800
2024-10-22,37.05502319,0,37.63499832,0,37.97499847,36.72999954,36.90499878,0,76308000
2024-10-23,35.34184265,0,35.89500046,0,37.23500061,35.13999939,37.08499908,0,118172200
2024-10-24,36.1836586,0,36.75,0,36.90000153,36.11999893,36.70999908,0,78612800
2024-10-25,36.79410553,0,37.36999893,0,38.5,37.19499969,37.34999847,0,114826000
2024-10-28,36.82855988,0,37.40499878,0,38.09500122,37.33000183,38.09500122,0,69162200
2024-10-29,37.84761429,0,38.43999863,0,38.72999954,37.03499985,37.46500015,0,78545200
2024-10-30,37.00579453,0,37.58499908,0,38.49000168,37.47000122,38.27500153,0,80473200
2024-10-31,34.18986511,0,34.72499847,0,36.66500092,34.71500015,36.65499878,0,138905200
2024-11-01,34.91846466,0,35.46500015,0,36.18000031,34.98500061,35.04000092,0,96678800
2024-11-04,34.59354401,0,35.13499832,0,35.88000107,34.75500107,35.31999969,0,82214400
2024-11-05,35.90797424,0,36.47000122,0,36.61999893,35.45999908,35.47499847,0,79352600
2024-11-06,38.82236481,0,39.43000031,0,39.61000061,38.09500122,38.33000183,0,118794200
2024-11-07,40.63892365,0,41.27500153,0,41.46500015,40.04999924,40.08000183,0,99545200
2024-11-08,40.73738861,0,41.375,0,41.55500031,40.95500183,41.11000061,0,70060000
2024-11-11,40.66353989,0,41.29999924,0,41.71500015,40.59000015,41.66500092,0,70806000
2024-11-12,40.44200897,0,41.07500076,0,41.48500061,40.32500076,41.27000046,0,68286000
2024-11-13,40.26478577,0,40.89500046,0,41.54499817,40.34000015,40.93000031,0,74989000
2024-11-14,39.41310883,0,40.02999878,0,41.01499939,39.81000137,40.79499817,0,77651400
2024-11-15,36.56272507,0,37.13499832,0,38.72499847,36.64500046,38.63499832,0,120601600
2024-11-18,37.30116653,0,37.88499832,0,38.36999893,37.15499878,37.46500015,0,77551200
2024-11-19,38.04945755,0,38.64500046,0,38.77500153,37.20999908,37.27500153,0,80088200
2024-11-20,38.00514984,0,38.59999847,0,38.64500046,37.05500031,38.57500076,0,101260600
2024-11-21,38.37929535,0,38.97999954,0,39.43999863,37.27999878,39.27500153,0,109865600
2024-11-22,38.52206039,0,39.125,0,39.30500031,38.43999863,38.81999969,0,79934800
2024-11-25,38.69929123,0,39.30500031,0,40.43500137,38.77000046,40.08000183,0,91515800
2024-11-26,39.2998848,0,39.91500092,0,40.125,39.44499969,39.64500046,0,69747200
2024-11-27,38.34976196,0,38.95000076,0,39.65499878,38.16500092,39.64500046,0,78463600
2024-11-29,39.329422,0,39.94499969,0,40.08499908,38.92499924,39.06499863,0,40865800
2024-12-02,40.6044693,0,41.24000168,0,41.47499847,40.14500046,40.24000168,0,73638200
2024-12-03,40.96384811,0,41.60499954,0,41.66500092,40.76499939,40.90000153,0,84810800
2024-12-04,42.4604187,0,43.125,0,43.18500137,42.25500107,42.43500137,0,69992600
2024-12-05,42.11088943,0,42.77000046,0,43.31999969,42.66999817,43.125,0,54020400
2024-12-06,43.19393539,0,43.86999893,0,43.93500137,42.86000061,42.88999939,0,62740600
2024-12-09,42.18473053,0,42.84500122,0,43.83000183,42.54000092,43.625,0,69577600
2024-12-10,41.72690201,0,42.38000107,0,43.56000137,42.02500153,43.125,0,71541600
2024-12-11,43.95698929,0,44.64500046,0,44.81000137,43.34000015,43.43999863,0,74897800
2024-12-12,43.08563232,0,43.75999832,0,44.38499832,43.63999939,44.06499863,0,66348400
2024-12-13,44.01114655,0,44.70000076,0,45.38499832,43.92499924,44.70999908,0,79663600
2024-12-16,45.92617035,0,46.64500046,0,46.89500046,45.33499908,45.36000061,0,69967600
2024-12-17,45.31080246,0,46.02000046,0,46.45500183,45.58499908,46.16500092,0,69168200
2024-12-18,40.41247177,0,41.04499817,0,46.28499985,40.64500046,45.82500076,0,134849200
2024-12-19,39.84141159,0,40.46500015,0,42.26499939,40.375,42.13499832,0,113317600
2024-12-20,40.87522507,0,41.51499939,0,42.93000031,39.25,39.52999878,0,145241000
2024-12-23,42.01374054,0,42.52999878,0.1375,42.61999893,40.91500092,41.72499847,0,83645800
2024-12-24,43.68322372,0,44.22000122,0,44.24000168,42.81999969,42.97499847,0,48139600
2024-12-26,43.58937836,0,44.125,0,44.54000092,43.29499817,43.81000137,0,59062000
2024-12-27,41.81616592,0,42.33000183,0,43.29499817,41.13999939,43.18500137,0,102139000
2024-12-30,40.13680267,0,40.63000107,0,41.52999878,39.70500183,40.59999847,0,102844000
2024-12-31,39.08472824,0,39.56499863,0,41.08000183,39.34000015,40.90000153,0,105177600
2025-01-02,38.83776474,0,39.31499863,0,40.80500031,38.26499939,40.27000046,0,141370600
2025-01-03,40.69988251,0,41.20000076,0,41.45500183,39.81000137,39.99499893,0,92431600
2025-01-06,42.08782578,0,42.60499954,0,43.42499924,42.01499939,42.48500061,0,92050000
2025-01-07,39.82069016,0,40.31000137,0,42.94499969,39.85499954,42.86000061,0,111021000
2025-01-08,39.85032272,0,40.34000015,0,40.70500183,39.22000122,40.27999878,0,96021200
2025-01-10,37.94868851,0,38.41500092,0,39.40999985,37.61500168,39.40000153,0,145651600
2025-01-13,37.55354691,0,38.01499939,0,38.09999847,36.66999817,37.02500153,0,113382000
2025-01-14,37.42018509,0,37.88000107,0,39.02999878,37.09500122,38.74000168,0,125271000
2025-01-15,39.94910812,0,40.43999863,0,40.73500061,39.29999924,39.65499878,0,106919200
2025-01-16,39.13412476,0,39.61500168,0,41.02500153,39.59999847,41.00500107,0,93055400
2025-01-17,41.06539154,0,41.56999969,0,41.97000122,40.91999817,41.84500122,0,87352200
2025-01-21,41.74702072,0,42.25999832,0,42.57500076,41.16500092,42.22499847,0,83451800
2025-01-22,43.36711502,0,43.90000153,0,44.45500183,43.35499954,43.41999817,0,86265400
2025-01-23,43.63383102,0,44.16999817,0,44.18999863,43.13499832,43.27000046,0,60481000
2025-01-24,42.84848404,0,43.375,0,44.41500092,43.00500107,44.21500015,0,72479200
2025-01-27,39.08966446,0,39.56999969,0,40.51499939,38.59000015,38.79000092,0,161821600
2025-01-28,40.82336807,0,41.32500076,0,41.58499908,39,39.79000092,0,101033400
2025-01-29,40.57145691,0,41.06999969,0,41.49000168,40.13000107,41.45500183,0,118481200
2025-01-30,41.08020401,0,41.58499908,0,42.29499817,40.43000031,41.73500061,0,115171000
2025-01-31,40.85794067,0,41.36000061,0,43.54499817,41.09000015,42.45999908,0,118146600
2025-02-03,39.87007904,0,40.36000061,0,40.99499893,38.66999817,39.26499939,0,153257000
2025-02-04,41.31729889,0,41.82500076,0,41.97000122,40.36500168,40.45500183,0,84634600
2025-02-05,41.85567856,0,42.36999893,0,42.40999985,40.88000107,41.17499924,0,79694800
2025-02-06,42.48297501,0,43.00500107,0,43.06499863,42.09500122,42.47999954,0,76431000
2025-02-07,40.86288071,0,41.36500168,0,43.59500122,41.17499924,43.13000107,0,110870400
2025-02-10,42.30022049,0,42.81999969,0,43.09999847,42.25,42.36500168,0,65594200
2025-02-11,41.99892426,0,42.51499939,0,42.99499893,42.00500107,42.03499985,0,62602800
2025-02-12,42.08288956,0,42.59999847,0,42.80500031,41.04999924,41.13999939,0,96986600
2025-02-13,43.85610199,0,44.39500046,0,44.47999954,42.79000092,42.99000168,0,92920200
2025-02-14,44.36979294,0,44.91500092,0,45.09000015,44.29999924,44.40499878,0,76057400
2025-02-18,44.64639282,0,45.19499969,0,45.375,44.375,45.31499863,0,68825200
2025-02-19,44.65132904,0,45.20000076,0,45.56000137,44.45999908,45,0,68515800
2025-02-20,44.10800552,0,44.65000153,0,45.11500168,43.44499969,45.02500153,0,80266000
2025-02-21,41.34693527,0,41.85499954,0,44.89500046,41.73500061,44.88499832,0,118627200
2025-02-24,39.86019897,0,40.34999847,0,42.52500153,40.25,42.25,0,106467400
2025-02-25,38.33889771,0,38.81000137,0,40.18999863,37.88999939,40.16500092,0,151194400
2025-02-26,38.58586502,0,39.06000137,0,40.22499847,38.34500122,39.29000092,0,126351400
2025-02-27,35.38518906,0,35.81999969,0,40.08499908,35.74000168,39.86000061,0,206751000
2025-02-28,37.00528336,0,37.45999908,0,37.58499908,35.04000092,35.72999954,0,186358000
2025-03-03,34.61465836,0,35.04000092,0,38.52500153,34.22000122,38.18500137,0,183891600
2025-03-04,34.23432922,0,34.65499878,0,36.38499832,33.00500107,34.38000107,0,261673800
2025-03-05,35.56793976,0,36.00500107,0,36.34500122,33.74499893,34.77500153,0,201266600
2025-03-06,32.61917877,0,33.02000046,0,35.25,32.58499908,34.19499969,0,245645400
2025-03-07,33.29586029,0,33.70500183,0,34.00500107,31.44499969,32.77999878,0,270354600
2025-03-10,29.54199219,0,29.90500069,0,32.09500122,28.94000053,32,0,312271600
2025-03-11,29.19623947,0,29.55500031,0,30.92499924,28.68499947,29.70000076,0,278978600
2025-03-12,30.19397736,0,30.56500053,0,31.32999992,29.57999992,30.96999931,0,283837200
2025-03-13,28.54425049,0,28.89500046,0,30.42499924,28.52000046,30.39999962,0,242454600
2025-03-14,30.56936646,0,30.94499969,0,31.11499977,29.75,29.85499954,0,198217000
2025-03-17,31.16208458,0,31.54500008,0,32.13999939,30.57500076,30.94000053,0,180300800
2025-03-18,29.5913868,0,29.95499992,0,30.88999939,29.50499916,30.88500023,0,175652400
2025-03-19,30.74224281,0,31.12000084,0,31.95499992,29.96999931,30.34000015,0,185186400
2025-03-20,30.42612457,0,30.79999924,0,31.81500053,30.18499947,30.32999992,0,176818200
2025-03-21,30.71260643,0,31.09000015,0,31.20999908,29.53499985,29.76499939,0,160982000
2025-03-24,32.66363144,0,33.06499863,0,33.26499939,32.40999985,32.52999878,0,126823000
2025-03-25,33.24647141,0,33.65499878,0,33.68500137,33.04499817,33.24000168,0,111139400
2025-03-26,31.3976841,0,31.69000053,0.099,33.49499893,31.37999916,33.31999969,0,157006400
2025-03-27,30.86266327,0,31.14999962,0,32.11500168,30.875,31.29999924,0,144736000
2025-03-28,28.40553856,0,28.67000008,0,30.90500069,28.48500061,30.77000046,0,207264200
2025-03-31,28.38572311,0,28.64999962,0,28.81500053,26.52000046,27.36000061,0,213709000
2025-04-01,29.03963661,0,29.30999947,0,29.49500084,27.80999947,28.34000015,0,194196400
2025-04-02,29.68859482,0,29.96500015,0,30.60000038,28.04500008,28.09499931,0,246174800
2025-04-03,24.9180088,0,25.14999962,0,26.91500092,25.05500031,26.21500015,0,280231400
2025-04-04,20.35548782,0,20.54500008,0,23.38999939,20.51499939,22.99500084,0,516053400
2025-04-07,20.43475151,0,20.625,0,23.41500092,17.5,18.375,0,791455200
2025-04-08,19.27058792,0,19.45000076,0,23.40500069,18.54999924,22.69499969,0,502295400
2025-04-09,26.06235695,0,26.30500031,0,26.70499992,19.36499977,19.37999916,0,713864000
2025-04-10,22.8571949,0,23.06999969,0,24.67000008,20.78499985,24.34000015,0,563385400
2025-04-11,24.06594276,0,24.29000092,0,24.53499985,22.30999947,22.83499908,0,358585800
2025-04-14,24.57123756,0,24.79999924,0,26.02499962,24.03499985,25.95000076,0,294861400
2025-04-15,24.6653614,0,24.89500046,0,25.60499954,24.59499931,24.97999954,0,209340200
2025-04-16,22.43611526,0,22.64500046,0,24.00499916,21.57999992,23.41500092,0,269148800
2025-04-17,22.37171745,0,22.57999992,0,23.14500046,22.17499924,23.04500008,0,202191600
2025-04-21,20.73693466,0,20.93000031,0,21.81999969,20.12000084,21.68499947,0,229539400
2025-04-22,22.32217789,0,22.53000069,0,22.98999977,21.54999924,21.72999954,0,260222800
2025-04-23,23.80338669,0,24.02499962,0,25.41500092,23.81500053,24.62000084,0,303995400
2025-04-24,25.82952309,0,26.06999969,0,26.13999939,24.27000046,24.37000084,0,240615400
2025-04-25,26.68158913,0,26.93000031,0,27.03499985,25.73999977,26.02000046,0,226103200
2025-04-28,26.66177368,0,26.90999985,0,27.31999969,25.81999969,27.01000023,0,191356800
2025-04-29,27.18193054,0,27.43499947,0,27.58499908,26.41500092,26.52000046,0,169808000
2025-04-30,27.18688583,0,27.44000053,0,27.70999908,25.15999985,25.97999954,0,268446600
2025-05-01,28.12316704,0,28.38500023,0,29.44499969,28.31500053,28.78000069,0,205481600
2025-05-02,29.4408989,0,29.71500015,0,30.09499931,29.01499939,29.31999969,0,195097800
2025-05-05,28.93065262,0,29.20000076,0,29.75,28.85000038,28.95000076,0,138579000
2025-05-06,28.10830688,0,28.37000084,0,29.02000046,27.78499985,28.03000069,0,165885800
2025-05-07,28.43526459,0,28.70000076,0,29.12999916,27.54500008,28.47999954,0,207867200
2025-05-08,29.28237724,0,29.55500031,0,30.35499954,28.82999992,29.60000038,0,197621600
2025-05-09,29.21302414,0,29.48500061,0,30.13500023,29.16500092,29.89999962,0,146818800
2025-05-12,32.75009155,0,33.05500031,0,33.08000183,31.92499924,32.92499924,0,202490000
2025-05-13,34.25111771,0,34.56999969,0,34.93000031,33.18000031,33.33499908,0,170595400
2025-05-14,34.85548782,0,35.18000031,0,35.30500031,34.60499954,34.80500031,0,161184800
2025-05-15,34.96447754,0,35.29000092,0,35.84500122,34.46500015,34.74000168,0,161694800
2025-05-16,35.39546204,0,35.72499847,0,35.75999832,34.82500076,35.55500031,0,127627200
2025-05-19,35.48958588,0,35.81999969,0,35.93000031,34.21500015,34.23500061,0,143794200
2025-05-20,35.11804581,0,35.44499969,0,35.58499908,34.70000076,35.29000092,0,134069400
2025-05-21,33.65665436,0,33.97000122,0,35.99499893,33.59000015,34.61999893,0,219255200
2025-05-22,33.83003616,0,34.14500046,0,34.875,33.81000137,34.08000183,0,173542000
2025-05-23,32.85412216,0,33.15999985,0,33.66999817,32.43000031,32.54499817,0,214220800
2025-05-27,35.14281845,0,35.47000122,0,35.57500076,34.19499969,34.49499893,0,130539600
2025-05-28,34.69201279,0,35.01499939,0,35.97000122,34.88999939,35.66999817,0,132542600
2025-05-29,34.86044312,0,35.18500137,0,36.52999878,34.66500092,36.5,0,193248800
2025-05-30,34.67715073,0,35,0,35.29999924,33.52000046,35.06499863,0,187118200
2025-06-02,35.47472382,0,35.80500031,0,35.86000061,34.34500122,34.59999847,0,137925400
2025-06-03,36.30202484,0,36.63999939,0,36.93999863,35.70000076,35.88000107,0,128728400
2025-06-04,36.59430313,0,36.93500137,0,37.15999985,36.35499954,36.79000092,0,128889000
2025-06-05,35.74223328,0,36.07500076,0,37.82500076,35.65000153,37.22499847,0,198008800
2025-06-06,36.76273346,0,37.10499954,0,37.50500107,36.77000046,37.13499832,0,131215400
2025-06-09,36.9262085,0,37.27000046,0,37.61999893,36.91999817,37.15499878,0,100363800
2025-06-10,37.63957214,0,37.99000168,0,38.14500046,36.88000107,37.35499954,0,122693000
2025-06-11,37.25316238,0,37.59999847,0,38.54000092,37.11000061,38.29499817,0,181652000
2025-06-12,37.49590683,0,37.84500122,0,38.06499863,37.25999832,37.29999924,0,126110000
2025-06-13,36.07910156,0,36.41500092,0,37.44499969,36.13499832,36.54999924,0,210666200
2025-06-16,37.55040359,0,37.90000153,0,38.125,37.11000061,37.11000061,0,116668600
2025-06-17,36.44072723,0,36.77999878,0,37.68999863,36.54000092,37.34000015,0,135418200
2025-06-18,36.39118958,0,36.72999954,0,37.47999954,36.41999817,36.95999908,0,142661400
2025-06-20,35.89084625,0,36.22499847,0,37.66500092,35.86000061,37.38000107,0,163355000
2025-06-23,37.00547028,0,37.34999847,0,37.46500015,35.70999908,36.36500168,0,167572800
2025-06-24,38.68978882,0,39.04999924,0,39.25500107,38.33000183,38.45500183,0,113191600
2025-06-25,38.98686218,0,39.24000168,0.109,39.70999908,38.86000061,39.43999863,0,101438200
2025-06-26,40.05492783,0,40.31499863,0,40.42499924,39.31000137,39.70999908,0,100144200
2025-06-27,40.44738007,0,40.70999908,0,41.125,39.92499924,40.51499939,0,146023600
2025-06-30,41.23228073,0,41.5,0,41.74499893,40.91500092,41.40000153,0,113721400
2025-07-01,40.18409348,0,40.44499969,0,41.27000046,39.90499878,41.06000137,0,140390000
2025-07-02,40.98389816,0,41.25,0,41.29499817,40.21500015,40.22999954,0,100285000
2025-07-03,42.13144684,0,42.40499878,0,42.64500046,41.74499893,41.74499893,0,83484600
2025-07-07,41.19253922,0,41.45999908,0,41.98500061,40.90000153,41.79999924,0,139674800
2025-07-08,41.24718475,0,41.51499939,0,41.88999939,41.23500061,41.74000168,0,115515400
2025-07-09,42.10164261,0,42.375,0,42.69499969,41.67499924,41.98500061,0,117976200
2025-07-10,41.90789413,0,42.18000031,0,42.61000061,41.56999969,42.51499939,0,110317800
2025-07-11,41.58996201,0,41.86000061,0,42.22499847,41.375,41.65999985,0,106937600
2025-07-14,42.03209305,0,42.30500031,0,42.47000122,41.27500153,41.81499863,0,97311400
2025-07-15,42.14138412,0,42.41500092,0,43.33499908,42.40000153,43.21500015,0,123257600
2025-07-16,42.26060867,0,42.53499985,0,42.67499924,41.22000122,42.52999878,0,166357600
2025-07-17,43.24422073,0,43.52500153,0,43.65999985,42.5,42.68500137,0,97330800
2025-07-18,43.09519196,0,43.375,0,43.86999893,43.09500122,43.81999969,0,98496200
2025-07-21,43.75093079,0,44.03499985,0,44.49000168,43.56000137,43.57500076,0,87720400
2025-07-22,43.07035065,0,43.34999847,0,44.08000183,42.73500061,44.06499863,0,108345200
2025-07-23,43.63666916,0,43.91999817,0,43.93999863,42.95000076,43.59000015,0,118025200
2025-07-24,43.92479706,0,44.20999908,0,44.47999954,43.79999924,44.22499847,0,90378200
2025-07-25,44.17318726,0,44.45999908,0,44.79000092,43.99000168,44.15499878,0,79003200
2025-07-28,44.60538101,0,44.89500046,0,45.09500122,44.59000015,44.79499817,0,95592000
2025-07-29,44.40170288,0,44.68999863,0,45.81499863,44.49000168,45.49499893,0,116251200
2025-07-30,44.55570602,0,44.84500122,0,45.43999863,44.13000107,44.86999893,0,145527600
2025-07-31,43.82047653,0,44.10499954,0,46.375,43.83000183,46.35499954,0,178874600
2025-08-01,41.19253922,0,41.45999908,0,42.65999985,40.93000031,42.625,0,219781200
2025-08-04,43.44789505,0,43.72999954,0,43.78499985,42.58000183,42.61000061,0,108586000
2025-08-05,42.54376984,0,42.81999969,0,44.30500031,42.70999908,44.02500153,0,152088400
2025-08-06,44.13344193,0,44.41999817,0,44.53499985,42.90499878,43.01499939,0,128995200
2025-08-07,44.5805397,0,44.86999893,0,45.83499908,43.90999985,45.44499969,0,169239200
2025-08-08,45.78273773,0,46.08000183,0,46.13999939,45.04999924,45.11999893,0,104522600
2025-08-11,45.38035202,0,45.67499924,0,46.61999893,45.36000061,46.11500168,0,94617000
2025-08-12,47.05448151,0,47.36000061,0,47.44499969,45.56499863,46.20999908,0,119469600
2025-08-13,47.12403107,0,47.43000031,0,48.15999985,47.09000015,48.02500153,0,96058600
2025-08-14,46.99486542,0,47.29999924,0,47.79499817,46.81999969,46.91999817,0,106385800
2025-08-15,46.32919312,0,46.63000107,0,47.25500107,46.20999908,47.23500061,0,96167400
2025-08-18,46.26957703,0,46.56999969,0,46.72999954,46.11500168,46.40000153,0,73371400
2025-08-19,44.38182831,0,44.66999817,0,46.43000031,44.40999985,46.38499832,0,111118600
2025-08-20,43.57209015,0,43.85499954,0,44.44499969,42.18999863,44.41500092,0,164404200
2025-08-21,42.96602631,0,43.24499893,0,43.97499847,42.69499969,43.47499847,0,119920000
2025-08-22,44.89847946,0,45.18999863,0,45.65999985,43.18500137,43.50999832,0,132726400
2025-08-25,44.50602341,0,44.79499817,0,45.49000168,44.51499939,44.81000137,0,80452600
2025-08-26,45.02267075,0,45.31499863,0,45.38499832,44.41999817,44.65499878,0,84374600
2025-08-27,45.22635269,0,45.52000046,0,45.72000122,44.77000046,45.06999969,0,90055200
2025-08-28,46.05099487,0,46.34999847,0,46.55500031,45.25500107,45.63999939,0,90658000
2025-08-29,44.39176941,0,44.68000031,0,45.79499817,44.24499893,45.70999908,0,121887000
2025-09-02,43.25912476,0,43.54000092,0,43.61999893,42.125,42.55500031,0,166668000
2025-09-03,44.26757431,0,44.55500031,0,44.93999863,43.79499817,44.36500168,0,119929800
2025-09-04,45.46479797,0,45.75999832,0,45.83000183,44.31000137,44.70000076,0,101759600
2025-09-05,45.6138382,0,45.90999985,0,47.11999893,44.84500122,46.97000122,0,172625800
2025-09-08,46.26460648,0,46.56499863,0,47.04999924,46.31999969,46.45500183,0,101696800
2025-09-09,46.64216232,0,46.94499969,0,47.05500031,46.11999893,46.75,0,94620800
2025-09-10,46.6918335,0,46.99499893,0,47.72999954,46.47000122,47.72499847,0,120818800
2025-09-11,47.47673798,0,47.78499985,0,47.99000168,47.20500183,47.59500122,0,91247200
2025-09-12,48.06790543,0,48.38000107,0,48.68500137,47.76499939,47.97999954,0,92235200
2025-09-15,49.29493332,0,49.61500168,0,49.63499832,48.78499985,48.81999969,0,78114400
2025-09-16,49.16080475,0,49.47999954,0,49.90499878,49.30500031,49.83499908,0,77137200
2025-09-17,48.84783936,0,49.16500092,0,49.59999847,47.75500107,49.44499969,0,147697200
2025-09-18,50.16429138,0,50.49000168,0,51.18500137,49.89500046,50.38000107,0,123401600
2025-09-19,51.15783691,0,51.49000168,0,51.64500046,50.57500076,50.93999863,0,84365400
2025-09-22,52.02222443,0,52.36000061,0,52.54000092,51.20999908,51.20999908,0,81054600
2025-09-23,50.97403336,0,51.30500031,0,52.45000076,50.99000168,52.39500046,0,99930600
2025-09-24,50.42606354,0,50.70500183,0.049,51.68000031,49.99499893,51.60499954,0,101055600
2025-09-25,49.74980164,0,50.02500153,0,50.43500137,48.75,49.70000076,0,122820600
2025-09-26,50.3465004,0,50.625,0,50.68999863,49.36999893,50.20000076,0,124097400
2025-09-29,51.01778793,0,51.29999924,0,52.13999939,50.97000122,51.39500046,0,92393200
2025-09-30,51.41558838,0,51.70000076,0,51.78499985,50.61000061,51.20500183,0,92323800
2025-10-01,52.14157486,0,52.43000031,0,52.56999969,50.65000153,50.86500168,0,93996400
2025-10-02,52.77804947,0,53.06999969,0,53.41999817,52.33000183,53.40499878,0,89158600
2025-10-03,52.0620079,0,52.34999847,0,53.43500137,51.88000107,53.22000122,0,103096400
2025-10-06,53.22557449,0,53.52000046,0,53.93999863,53.06499863,53.70000076,0,82476800
2025-10-07,52.36533737,0,52.65499878,0,54.02999878,52.25999832,53.84999847,0,100185800
2025-10-08,54.14051056,0,54.43999863,0,54.52500153,52.83000183,52.86000061,0,86931000
2025-10-09,53.92669296,0,54.22499847,0,54.47999954,53.38000107,54.43999863,0,87956200
2025-10-10,48.26800156,0,48.53499985,0,54.83000183,48.41500092,54.36500168,0,238009400
2025-10-13,51.3310585,0,51.61500168,0,51.84000015,50.42499924,51.02999878,0,114511200
2025-10-14,50.2868309,0,50.56499863,0,51.76499939,48.53499985,49.86500168,0,147230000
2025-10-15,51.31613541,0,51.59999847,0,52.75500107,50.02000046,52.06999969,0,127069400
2025-10-16,50.74430466,0,51.02500153,0,53.16500092,49.875,52.34000015,0,159344000
2025-10-17,51.7089653,0,51.99499893,0,52.38499832,50.06000137,50.45999908,0,142274000
2025-10-20,53.64823532,0,53.94499969,0,54.25999832,52.77500153,52.80500031,0,79928800
2025-10-21,53.58856201,0,53.88499832,0,54.24000168,53.33499908,53.95000076,0,79811400
2025-10-22,52.01228714,0,52.29999924,0,53.86999893,50.79000092,53.72499847,0,134380800
2025-10-23,53.31507874,0,53.61000061,0,53.81499863,52.04000092,52.13499832,0,91245000
2025-10-24,54.97589493,0,55.27999878,0,55.63000107,54.76499939,54.99499893,0,84387600
2025-10-27,57.89474869,0,58.21500015,0,58.34500122,57.13499832,57.25999832,0,77489400
2025-10-28,59.21743011,0,59.54499817,0,60.04000092,58.52999878,58.82500076,0,92239400
2025-10-29,59.97325134,0,60.30500031,0,60.68500137,58.77000046,60.28499985,0,133060800
2025-10-30,57.22842789,0,57.54499817,0,59.66999817,57.51499939,59.29499817,0,127234200
2025-10-31,58.03894806,0,58.36000061,0,59.74499893,57.68999863,59.74499893,0,122666800
2025-11-03,58.83454895,0,59.15999985,0,60.20999908,58.54000092,60,0,83598000
2025-11-04,55.23446274,0,55.54000092,0,57.70500183,55.31999969,56.68000031,0,124762800
2025-11-05,56.30852509,0,56.61999893,0,57.5,54.97000122,55.34000015,0,109730000
2025-11-06,53.15098572,0,53.44499969,0,56.25,53.06000137,56.18500137,0,156461400
2025-11-07,52.59904099,0,52.88999939,0,52.91999817,49.97999954,52.50999832,0,183589400
2025-11-10,56.0449791,0,56.35499954,0,56.625,54.70500183,55.21500015,0,119878800
2025-11-11,55.5825386,0,55.88999939,0,56.20999908,54.79999924,55.63499832,0,102665600
2025-11-12,55.46817398,0,55.77500153,0,56.77000046,54.86500168,56.76499939,0,125708400
2025-11-13,52.0421257,0,52.33000183,0,54.93999863,51.70000076,54.78499985,0,201264400
2025-11-14,52.08190155,0,52.36999893,0,53.54499817,49.38499832,49.99000168,0,222397600
2025-11-17,50.74430466,0,51.02500153,0,53.31499863,50.05500031,51.70500183,0,186327000
2025-11-18,48.90945435,0,49.18000031,0,50.66999817,47.90000153,49.98500061,0,267348000
2025-11-19,49.74980164,0,50.02500153,0,51.57500076,48.71500015,49.32500076,0,184263600
2025-11-20,46.19446564,0,46.45000076,0,53.54000092,46.22999954,52.95000076,2,178246300
2025-11-21,47.21879959,0,47.47999954,0,49.09999847,45.24000168,46.84999847,0,179618600
2025-11-24,50.79899979,0,51.08000183,0,51.45000076,48.66999817,48.70000076,0,93894200
2025-11-25,51.72388077,0,52.00999832,0,52.36000061,49.08000183,50.63999939,0,101851900
2025-11-26,53.07639694,0,53.36999893,0,53.86000061,52.36999893,52.90999985,0,75598100
2025-11-28,54.23996353,0,54.54000092,0,54.61000061,53.63000107,53.81999969,0,34381600
2025-12-01,53.75265884,0,54.04999924,0,54.65000153,52.81999969,53.11000061,0,66359600
2025-12-02,54.99578476,0,55.29999924,0,55.75999832,54.13999939,54.63000107,0,79504400
2025-12-03,55.38363647,0,55.68999863,0,55.88000107,54.22999954,54.65999985,0,69844900
2025-12-04,55.20462418,0,55.50999832,0,56.04999924,54.61000061,56.04000092,0,63958000
2025-12-05,55.84111023,0,56.15000153,0,57.08000183,55.68000031,55.86000061,0,73206000
2025-12-08,55.49303436,0,55.79999924,0,57.04000092,55.11999893,56.56999969,0,69700000
2025-12-09,55.70187759,0,56.00999832,0,56.22000122,55.09000015,55.45000076,0,48736000
2025-12-10,56.33835983,0,56.65000153,0,57.09000015,54.88999939,55.65000153,0,100261100
2025-12-11,55.80133057,0,56.11000061,0,56.15999985,53.97999954,55.63000107,0,99683900
2025-12-12,52.52942657,0,52.81999969,0,55.52000046,52.22999954,55.11000061,0,138448500
2025-12-15,51.7338295,0,52.02000046,0,54.06000137,51.72000122,54.06000137,0,98696300
2025-12-16,52.0421257,0,52.33000183,0,52.77000046,51.09999847,51.43000031,0,105953700
2025-12-17,49.12823868,0,49.40000153,0,52.79999924,49.36999893,52.65000153,0,125606200
2025-12-18,51.22663116,0,51.50999832,0,52.45999908,50.97999954,51.66999817,0,109222100
2025-12-19,53.22557449,0,53.52000046,0,53.63999939,52.18999863,52.20000076,0,72957800
2025-12-22,53.95156097,0,54.25,0,54.88999939,53.88000107,54.81000137,0,64783100
2025-12-23,54.70737457,0,55.00999832,0,55.06999969,53.86000061,53.97000122,0,48197100
2025-12-24,55.1416626,0,55.36000061,0.086,55.45000076,54.77999878,54.86999893,0,25855000
2025-12-26,55.09185791,0,55.31000137,0,55.75,55.11000061,55.52000046,0,37244200
2025-12-29,54.27509308,0,54.49000168,0,54.99000168,53.91999817,54.29000092,0,50635300
2025-12-30,53.8866272,0,54.09999847,0,54.81999969,54.04000092,54.20000076,0,38976800
2025-12-31,52.51207352,0,52.72000122,0,54.20000076,52.63999939,54.13000107,0,57199400
2026-01-02,52.1435318,0,52.34999847,0,54.88000107,51.61000061,54.16999817,0,107226600
2026-01-05,53.3885994,0,53.59999847,0,54.33000183,53.29000092,53.95000076,0,77968000
2026-01-06,54.79303741,0,55.00999832,0,55.16999817,53.74000168,53.91999817,0,68915800
2026-01-07,54.95240784,0,55.16999817,0,56.18999863,54.77000046,54.88999939,0,65588300
2026-01-08,53.97627258,0,54.18999863,0,54.97999954,53.5,54.86999893,0,83760300
2026-01-09,55.54007721,0,55.75999832,0,56.09999847,53.79000092,54.38999939,0,78706300
2026-01-12,55.66956711,0,55.88999939,0,56.34000015,54.58000183,54.59999847,0,59673900
2026-01-13,55.38071442,0,55.59999847,0,56.5,54.95999908,55.90999985,0,88611000
2026-01-14,53.61769867,0,53.83000183,0,54.88000107,52.5,54.54999924,0,117421500
2026-01-15,54.16552734,0,54.38000107,0,55.83000183,54.13000107,55.65000153,0,90483000
2026-01-16,53.9264679,0,54.13999939,0,55.45999908,53.58000183,55.31999969,0,75855900
2026-01-20,50.52991867,0,50.72999954,0,52.56000137,50.47999954,51.38999939,0,129209100
2026-01-21,52.52203369,0,52.72999954,0,53.79999924,50.66999817,51.06999969,0,150230100
2026-01-22,53.68741989,0,53.90000153,0,54.33000183,53.15000153,54.31999969,0,90992300
2026-01-23,54.16552734,0,54.38000107,0,55.06999969,53.31999969,53.59000015,0,78066100
2026-01-26,54.86276627,0,55.08000183,0,55.63000107,54.20999908,54.47000122,0,58084300
2026-01-27,56.31700897,0,56.54000092,0,56.79999924,55.56000137,55.97999954,0,51981200
2026-01-28,56.83495712,0,57.06000137,0,58.00999832,56.72999954,57.70000076,0,76172100
2026-01-29,55.81897736,0,56.04000092,0,57.20999908,53.06000137,56.95000076,0,122642300
2026-01-30,53.78702545,0,54,0,55.70999908,53.31999969,55.02000046,0,110170700
2026-02-02,54.8826828,0,55.09999847,0,55.70999908,53.15000153,53.15999985,0,74665800
2026-02-03,52.31285858,0,52.52000046,0,55.75999832,51.08000183,55.63999939,0,129992200
2026-02-04,49.56374741,0,49.75999832,0,52.15000153,48.43000031,52.13999939,0,142536200
2026-02-05,47.45210648,0,47.63999939,0,49.52999878,47.06000137,48.38999939,0,158712900
2026-02-06,50.39047623,0,50.59000015,0,51.00999832,48,48.34000015,0,117934600
2026-02-09,51.53593826,0,51.74000168,0,52.27000046,49.43999863,50.06000137,0,71272700
2026-02-10,50.81877518,0,51.02000046,0,52.40000153,50.88999939,51.97000122,0,70660900
2026-02-11,51.19728088,0,51.40000153,0,52.5,50.04000092,52.20999908,0,92393800
2026-02-12,48.06966019,0,48.25999832,0,52.06999969,47.99000168,51.79999924,0,131150000
2026-02-13,48.2788353,0,48.47000122,0,49.59000015,47.18000031,48.15000153,0,123216600
2026-02-17,48.15930557,0,48.34999847,0,48.97999954,46.41999817,47.63999939,0,117089700
2026-02-18,49.19520569,0,49.38999939,0,50.36000061,48.20000076,48.52999878,0,81370800
2026-02-19,48.63741684,0,48.83000183,0,49.40000153,48.15999985,48.66999817,0,83447500
2026-02-20,49.86256409,0,50.06000137,0,50.45000076,47.75999832,47.95999908,0,118813800
2026-02-23,48.04973984,0,48.24000168,0,49.88000107,47.65999985,49.52999878,0,91951800
2026-02-24,49.58366776,0,49.77999878,0,50.04000092,47.81999969,48.45000076,0,71023300
2026-02-25,51.66542435,0,51.86999893,0,51.95999908,50.52999878,50.54999924,0,54217200
2026-02-26,49.8526001,0,50.04999924,0,51.63999939,48.70999908,51.63000107,0,105583800
2026-02-27,49.32469559,0,49.52000046,0,49.77000046,48.25999832,48.45000076,0,93802200
2026-03-02,49.50398636,0,49.70000076,0,50.15000153,47.22999954,47.45999908,0,108545900
2026-03-03,47.91029358,0,48.09999847,0,48.66999817,45.72000122,46.81000137,0,163365500
2026-03-04,50.06177139,0,50.25999832,0,50.79000092,48.52000046,48.68999863,0,99738400
2026-03-05,49.6035881,0,49.79999924,0,50.75999832,48.16999817,49.43999863,0,129713200
2026-03-06,47.35250092,0,47.54000092,0,49.04999924,47.18000031,47.65999985,0,141012200
2026-03-09,49.19520569,0,49.38999939,0,49.77000046,45.5,46.18999863,0,159005500
2026-03-10,49.20516586,0,49.40000153,0,50.74000168,48.83000183,49.40999985,0,115057200
2026-03-11,49.15536118,0,49.34999847,0,50.52000046,48.72999954,49.68000031,0,91104300
2026-03-12,46.64530563,0,46.83000183,0,48.49000168,46.75,48.15000153,0,130823900
2026-03-13,45.74885178,0,45.93000031,0,48.25,45.66999817,47.34999847,0,141952500
2026-03-16,47.2728157,0,47.45999908,0,48.27000046,47.18000031,47.36999893,0,81421500
2026-03-17,47.97005844,0,48.15999985,0,48.75999832,47.81000137,48.11999893,0,74570100
2026-03-18,45.91817856,0,46.09999847,0,48.11000061,46.04999924,47.72000122,0,105059300
2026-03-19,45.50979614,0,45.68999863,0,46.31999969,44.29999924,44.86999893,0,138384900
2026-03-20,42.91009521,0,43.08000183,0,45.20999908,42.29999924,45.18000031,0,137952500
2026-03-23,44.39421463,0,44.56999969,0,46.15000153,44.13000107,45.11000061,0,139354300
2026-03-24,43.4479599,0,43.61999893,0,44.54999924,43.18999863,43.84000015,0,105505200
2026-03-25,44.28802872,0,44.38999939,0.072,45.22000122,43.95000076,44.70000076,0,79294400
2026-03-26,41.13528824,0,41.22999954,0,43.68000031,41.15000153,43.22999954,0,117558900
2026-03-27,38.69091415,0,38.77999878,0,40.59000015,38.56000137,40.56000137,0,124795700
2026-03-30,37.80295944,0,37.88999939,0,39.90999985,37.31999969,39.75,0,111446500
2026-03-31,41.58425522,0,41.68000031,0,42,39.06999969,39.09000015,0,149516200
2026-04-01,43.13069153,0,43.22999954,0,43.97999954,42.40999985,42.63000107,0,116135500
2026-04-02,43.23046494,0,43.33000183,0,43.54999924,40.43999863,40.88000107,0,111377300
2026-04-06,43.99869537,0,44.09999847,0,44.59000015,43.27000046,43.59999847,0,69245100
2026-04-07,44.04858017,0,44.15000153,0,44.20999908,41.84000015,43.45000076,0,131796200
2026-04-08,47.88973618,0,48,0,48.91999817,47.15000153,48.63999939,0,102015100
2026-04-09,48.84753036,0,48.95999908,0,49.09000015,47.31000137,48.02000046,0,78953600
2026-04-10,49.05704498,0,49.16999817,0,49.81000137,48.81999969,49.36000061,0,65481600
2026-04-13,50.54362488,0,50.65999985,0,50.74000168,48.45999908,48.77999878,0,67169100
2026-04-14,53.28730774,0,53.40999985,0,53.43000031,51.38000107,51.38999939,0,72362300
2026-04-15,55.52216339,0,55.65000153,0,55.74000168,53.33000183,53.56999969,0,83244000
2026-04-16,56.30037308,0,56.43000031,0,56.91999817,55.09999847,56.13000107,0,86398100
2026-04-17,58.45541,0,58.59000015,0,58.93999863,57.36999893,57.77999878,0,103604000
2026-04-20,57.94658279,0,58.08000183,0,58.58000183,56.90999985,58.40000153,0,67652800
2026-04-21,57.2681427,0,57.40000153,0,58.97000122,56.81999969,58.47999954,0,91775200
2026-04-22,60.07168579,0,60.20999908,0,60.29999924,58.49000168,58.93000031,0,73399800
2026-04-23,59.08396149,0,59.22000122,0,60.72999954,57.59000015,59.79999924,0,92856900
2026-04-24,62.41629028,0,62.56000137,0,62.74000168,60.56000137,61.08000183,0,80250700
2026-04-27,62.49610519,0,62.63999939,0,62.70000076,61.63999939,62.40999985,0,56615000
2026-04-28,60.6004715,0,60.74000168,0,61.33000183,59.68000031,60.72000122,0,80631600
2026-04-29,61.71789932,0,61.86000061,0,61.86999893,60.45000076,61,0,77081400
2026-04-30,63.39403915,0,63.54000092,0,63.79999924,60.70000076,62.88999939,0,81042700
2026-05-01,65.15000153,0,65.30000305,0,65.83999634,63.81000137,63.88999939,0,67762900
2026-05-04,64.76089478,0,64.91000366,0,66.05000305,63.77999878,65.44000244,0,60813800
2026-05-05,67.23519135,0,67.38999939,0,67.76999664,66.25,66.37000275,0,54098800
2026-05-06,71.40559387,0,71.56999969,0,71.66000366,68.87999725,69.26000214,0,70169000
2026-05-07,71.17611694,0,71.33999634,0,73.30000305,70.37999725,71.87000275,0,93509100
2026-05-08,76.10477448,0,76.27999878,0,76.30999756,72.69999695,72.81999969,0,68713700
2026-05-11,76.78321075,0,76.95999908,0,77.36000061,75.55000305,76,0,60475000
2026-05-12,74.78780365,0,74.95999908,0,75.93000031,71.55000305,75.30000305,0,90651600
2026-05-13,77.06256866,0,77.23999786,0,77.94000244,74.19000244,75.80999756,0,64416400
2026-05-14,78.76863861,0,78.94999695,0,79.68000031,77.16000366,77.29000092,0,58472800
2026-05-15,75.16693115,0,75.33999634,0,77.37000275,74.23000336,75.73000336,0,81260600
2026-05-18,74.14927673,0,74.31999969,0,76.26999664,72.09999847,76.12999725,0,87710100
2026-05-19,72.76246643,0,72.93000031,0,74.5,70.95999908,72.41000366,0,85973700
2026-05-20,76.33424377,0,76.51000214,0,76.52999878,73.62000275,74.08999634,0,70647500
2026-05-21,76.77323151,0,76.94999695,0,77.79000092,74.47000122,75.18000031,0,74958100
2026-05-22,77.66118622,0,77.83999634,0,79.33000183,77.33000183,78.04000092,0,58330500
2026-05-26,81.76174164,0,81.94999695,0,82.26999664,79.98000336,80.58999634,0,62579600
2026-05-27,81.48239136,0,81.66999817,0,82.91000366,80.33000183,82.87000275,0,66221000
2026-05-28,83.48777008,0,83.68000031,0,84.05000305,80.66000366,81.73999786,0,55265900
2026-05-29,84.36575317,0,84.55999756,0,85.69999695,83.52999878,84.41000366,0,67644100
2026-06-01,85.84235382,0,86.04000092,0,87.05999756,83.75,84.15000153,0,57216000
2026-06-02,87.01964569,0,87.22000122,0,87.31999969,84.83000183,85.94000244,0,48355000
2026-06-03,86.36115265,0,86.55999756,0,88.08999634,85.41000366,87.68000031,0,62154500
2026-06-04,85.02423859,0,85.22000122,0,86.25,82.48000336,83.47000122,0,59614600
2026-06-05,72.88219452,0,73.05000305,0,82.08000183,72.68000031,81.56999969,0,118961300
2026-06-08,76.09479523,0,76.26999664,0,78.47000122,75.37999725,76.86000061,0,77319000
2026-06-09,73.55065155,0,73.72000122,0,79.33999634,66.79000092,78.48000336,0,132485700
2026-06-10,69.11087036,0,69.26999664,0,74.69999695,69,71.68000031,0,91465200
2026-06-11,75.83539581,0,76.01000214,0,76.59999847,69.58999634,70.88999939,0,116288800
2026-06-12,77.34191895,0,77.51999664,0,78.36000061,74.29000092,76.33999634,0,94070700
2026-06-15,84.39567566,0,84.58999634,0,85.02999878,82.63999939,82.87999725,0,59758000
2026-06-16,79.7463913,0,79.93000031,0,84.83000183,79.86000061,84.19000244,0,67086700
2026-06-17,77.36187744,0,77.54000092,0,81.80999756,76.94000244,81.66999817,0,78089600
2026-06-18,82.67963409,0,82.87000275,0,83.59999847,80.62999725,82.09999847,0,61063000
2026-06-22,82.39030457,0,82.58000183,0,85.11000061,81.38999939,83.94999695,0,61888900
2026-06-23,74.26900482,0,74.44000244,0,77.73999786,73.91000366,75.12000275,0,82341800
2026-06-24,73.30000305,0,73.30000305,0.171,76.18000031,71.34999847,74.79000092,0,72009700
2026-06-25,74.94999695,0,74.94999695,0,78.23999786,71.59999847,77.95999908,0,105261200
2026-06-26,71.83000183,0,71.83000183,0,74.69000244,70.72000122,72.08999634,0,70427700
2026-06-29,77.19000244,0,77.19000244,0,77.37999725,71.44999695,74.12000275,0,79128400
2026-06-30,81,0,81,0,81.54000092,77.15000153,77.23999786,0,58466200
2026-07-01,77.45999908,0,77.45999908,0,79.63999939,77.23000336,78.72000122,0,63348200
2026-07-02,73.34999847,0,73.34999847,0,79.13999939,71.72000122,77.44999695,0,87308500
2026-07-06,76.41999817,0,76.41999817,0,77.44999695,75.11000061,75.54000092,0,54545100
2026-07-07,72.23000336,0,72.23000336,0,74.38999939,70.76000214,73.69999695,0,70992900
2026-07-08,72.72000122,0,72.72000122,0,73.01999664,69.56999969,70.80000305,0,70748500
2026-07-09,76.33999634,0,76.33999634,0,76.69000244,73.88999939,74.84999847,0,51726600
2026-07-10,77.02999878,0,77.02999878,0,77.31999969,74.33000183,75.52999878,0,46034400
2026-07-13,72.63999939,0,72.63999939,0,74.84999847,72.08999634,74.54000092,0,63317500
2026-07-14,75.01999664,0,75.01999664,0,75.84999847,73.41000366,75.19999695,0,58097300
2026-07-15,74.44000244,0,74.44000244,0,76.47000122,72.05999756,76.29000092,0,68547800
2026-07-16,70.73999786,0,70.73999786,0,73.12000275,69.69000244,72.61000061,0,66953300
2026-07-17,67.52999878,0,67.52999878,0,69.55999756,64.91000366,66.37999725,0,75465200
2026-07-20,67.65000153,0,67.65000153,0,70.51000214,67.5,69.47000122,0,50076700
2026-07-21,71.37000275,0,71.37000275,0,71.72000122,69.61000061,70.70999908,0,37772500
2026-07-22,70.27999878,0,70.27999878,0,71.58999634,69.76999664,69.76999664,0,36062100
2026-07-23,66.30000305,0,66.30000305,0,68.26999664,65.01999664,67.11000061,0,80277500
2026-07-24,64,0,64,0,66.40000153,63.49000168,65.77999878,0,69267700
2026-07-27,63.40000153,0,63.40000153,0,66.23000336,61.63999939,66.05999756,0,69751800
